,company,location,industry,total_laid_off,percentage_laid_off,date,stage,country,funds_raised_millions
0,Atlassian,Sydney,Other,500,0.05,2023-03-06 00:00:00.000000000,Post-IPO,Australia,210
1,SiriusXM,New York City,Media,475,0.08,2023-03-06 00:00:00.000000000,Post-IPO,United States,525
2,Alerzo,Ibadan,Retail,400,0.0,2023-03-06 00:00:00.000000000,Series B,Nigeria,16
3,UpGrad,Mumbai,Education,120,0.0,2023-03-06 00:00:00.000000000,Unknown,India,631
4,Loft,Sao Paulo,Real Estate,340,0.15,2023-03-03 00:00:00.000000000,Unknown,Brazil,788
5,Embark Trucks,SF Bay Area,Transportation,230,0.7,2023-03-03 00:00:00.000000000,Post-IPO,United States,317
6,Lendi,Sydney,Real Estate,100,0.0,2023-03-03 00:00:00.000000000,Unknown,Australia,59
7,UserTesting,SF Bay Area,Marketing,63,0.0,2023-03-03 00:00:00.000000000,Acquired,United States,152
8,Airbnb,SF Bay Area,Not Available,30,0.0,2023-03-03 00:00:00.000000000,Post-IPO,United States,6400
9,Accolade,Seattle,Healthcare,0,0.0,2023-03-03 00:00:00.000000000,Post-IPO,United States,458
10,Indigo,Boston,Other,0,0.0,2023-03-03 00:00:00.000000000,Series F,United States.,1200
11,Zscaler,SF Bay Area,Security,177,0.03,2023-03-02 00:00:00.000000000,Post-IPO,United States,148
12,MasterClass,SF Bay Area,Education,79,0.0,2023-03-02 00:00:00.000000000,Series E,United States,461
13,Ambev Tech,Blumenau,Food,50,0.0,2023-03-02 00:00:00.000000000,Acquired,Brazil,0
14,Fittr,Pune,Fitness,30,0.11,2023-03-02 00:00:00.000000000,Series A,India,13
15,CNET,SF Bay Area,Media,12,0.1,2023-03-02 00:00:00.000000000,Acquired,United States,20
16,Flipkart,Bengaluru,Retail,0,0.0,2023-03-02 00:00:00.000000000,Acquired,India,12900
17,Kandela,Los Angeles,Consumer,0,1.0,2023-03-02 00:00:00.000000000,Acquired,United States,0
18,Truckstop.com,Boise,Logistics,0,0.0,2023-03-02 00:00:00.000000000,Acquired,United States,0
19,Thoughtworks,Chicago,Other,500,0.04,2023-03-01 00:00:00.000000000,Post-IPO,United States,748
20,iFood,Sao Paulo,Food,355,0.06,2023-03-01 00:00:00.000000000,Subsidiary,Brazil,2100
21,Color Health,SF Bay Area,Healthcare,300,0.0,2023-03-01 00:00:00.000000000,Series E,United States,482
22,Waymo,SF Bay Area,Transportation,209,0.08,2023-03-01 00:00:00.000000000,Subsidiary,United States,5500
23,PayFit,Paris,HR,200,0.2,2023-03-01 00:00:00.000000000,Series E,France,495
24,Yellow.ai,SF Bay Area,Support,200,0.0,2023-03-01 00:00:00.000000000,Series C,United States,102
25,Sonder,SF Bay Area,Travel,100,0.14,2023-03-01 00:00:00.000000000,Post-IPO,United States,839
26,Protego Trust Bank,Seattle,Crypto,0,0.5,2023-03-01 00:00:00.000000000,Series A,United States,70
27,Electronic Arts,Baton Rouge,Consumer,200,0.0,2023-02-28 00:00:00.000000000,Post-IPO,United States,2
28,Eventbrite,SF Bay Area,Consumer,80,0.08,2023-02-28 00:00:00.000000000,Post-IPO,United States,557
29,DUX Education,Bengaluru,Education,0,1.0,2023-02-28 00:00:00.000000000,Unknown,India,0
30,MeridianLink,Los Angeles,Finance,0,0.09,2023-02-28 00:00:00.000000000,Post-IPO,United States,485
31,Sono Motors,Munich,Transportation,300,0.0,2023-02-27 00:00:00.000000000,Post-IPO,Germany,126
32,Cerebral,SF Bay Area,Healthcare,285,0.15,2023-02-27 00:00:00.000000000,Series C,United States,462
33,Amount,Chicago,Finance,130,0.25,2023-02-27 00:00:00.000000000,Unknown,United States,283
34,Palantir,Denver,Data,75,0.02,2023-02-27 00:00:00.000000000,Post-IPO,United States.,3000
35,Outreach,Seattle,Sales,70,0.07,2023-02-27 00:00:00.000000000,Series G,United States,489
36,Stytch,SF Bay Area,Security,19,0.25,2023-02-27 00:00:00.000000000,Series B,United States,126
37,BitSight,Tel Aviv,Security,40,0.0,2023-02-26 00:00:00.000000000,Unknown,Israel,401
38,Twitter,SF Bay Area,Consumer,200,0.1,2023-02-25 00:00:00.000000000,Post-IPO,United States,12900
39,Ericsson,Stockholm,Other,8500,0.08,2023-02-24 00:00:00.000000000,Post-IPO,Sweden,663
40,SAP Labs,Bengaluru,Other,300,0.0,2023-02-24 00:00:00.000000000,Subsidiary,India,1300
41,Velodyne Lidar,SF Bay Area,Transportation,220,0.0,2023-02-24 00:00:00.000000000,Acquired,United States,575
42,Medallia,SF Bay Area,Support,59,0.0,2023-02-24 00:00:00.000000000,Acquired,United States,325
43,Eat Just,SF Bay Area,Food,40,0.0,2023-02-24 00:00:00.000000000,Unknown,United States,465
44,Lucira Health,SF Bay Area,Healthcare,26,0.0,2023-02-24 00:00:00.000000000,Post-IPO,United States,132
45,Stax,Orlando,Finance,24,0.0,2023-02-24 00:00:00.000000000,Series D,United States,263
46,Poshmark,SF Bay Area,Retail,0,0.02,2023-02-24 00:00:00.000000000,Acquired,United States,153
47,Merative,Ann Arbor,Healthcare,200,0.1,2023-02-23 00:00:00.000000000,Acquired,United States,0
48,OneFootball,Berlin,Marketing,150,0.32,2023-02-23 00:00:00.000000000,Series D,Germany,442
49,The Iconic,Sydney,Retail,69,0.06,2023-02-23 00:00:00.000000000,Unknown,Australia,0
50,EVgo,Los Angeles,Transportation,40,0.0,2023-02-23 00:00:00.000000000,Post-IPO,United States,400
51,StrongDM,SF Bay Area,Infrastructure,40,0.0,2023-02-23 00:00:00.000000000,Series B,United States,76
52,Dapper Labs,Vancouver,Crypto,0,0.2,2023-02-23 00:00:00.000000000,Series D,United States,607
53,Messari,New York City,Crypto,0,0.15,2023-02-23 00:00:00.000000000,Series B,United States,61
54,Vibrent Health,Washington D.C.,Healthcare,0,0.13,2023-02-23 00:00:00.000000000,Unknown,United States,0
55,Synamedia,London,Media,200,0.12,2023-02-22 00:00:00.000000000,Unknown,United Kingdom,0
56,TaskUs,San Antonio,Support,186,0.0,2023-02-22 00:00:00.000000000,Post-IPO,United States,279
57,Arch Oncology,St. Louis,Healthcare,0,0.0,2023-02-22 00:00:00.000000000,Series C,United States,155
58,Immutable,Sydney,Crypto,0,0.11,2023-02-22 00:00:00.000000000,Series C,Australia,279
59,Jounce Therapeutics,Boston,Healthcare,0,0.57,2023-02-22 00:00:00.000000000,Acquired,United States,194
60,Locomation,Pittsburgh,Transportation,0,1.0,2023-02-22 00:00:00.000000000,Seed,United States,57
61,Polygon,Bengaluru,Crypto,100,0.2,2023-02-21 00:00:00.000000000,Unknown,India,451
62,Crunchyroll,Tokyo,Media,85,0.0,2023-02-21 00:00:00.000000000,Unknown,Japan,26
63,Ethos Life,SF Bay Area,Finance,50,0.0,2023-02-21 00:00:00.000000000,Series D,United States,406
64,Bolt,Lagos,Transportation,17,0.0,2023-02-21 00:00:00.000000000,Series F,Nigeria,0
65,Criteo,Paris,Marketing,0,0.0,2023-02-21 00:00:00.000000000,Post-IPO,France,61
66,Green Labs,Seoul,Food,0,0.0,2023-02-21 00:00:00.000000000,Series C,South Korea,214
67,PeerStreet,Los Angeles,Real Estate,0,0.0,2023-02-21 00:00:00.000000000,Series C,United States,121
68,Zalando,Berlin,Retail,0,0.0,2023-02-21 00:00:00.000000000,Post-IPO,Germany,467
69,MyGate,Bengaluru,Other,200,0.3,2023-02-20 00:00:00.000000000,Series B,India,79
70,Fireblocks,New York City,Crypto,30,0.05,2023-02-20 00:00:00.000000000,Series E,United States,1000
71,Kinde,Sydney,Other,8,0.28,2023-02-20 00:00:00.000000000,Seed,Australia,10
72,Fipola,Chennai,Food,0,1.0,2023-02-20 00:00:00.000000000,Series A,United States,9
73,HP,Tel Aviv,Hardware,100,0.0,2023-02-19 00:00:00.000000000,Post-IPO,Israel,4200
74,Tencent,Shenzen,Consumer,300,0.0,2023-02-17 00:00:00.000000000,Post-IPO,China,12600
75,Evernote,SF Bay Area,Consumer,129,0.0,2023-02-17 00:00:00.000000000,Acquired,United States,290
76,Chipper Cash,SF Bay Area,Finance,100,0.33,2023-02-17 00:00:00.000000000,Series C,United States,302
77,Digimarc,Portland,Other,0,0.0,2023-02-17 00:00:00.000000000,Post-IPO,United States,105
78,Reserve,SF Bay Area,Crypto,0,0.0,2023-02-17 00:00:00.000000000,Unknown,United States,0
79,DocuSign,SF Bay Area,Sales,680,0.1,2023-02-16 00:00:00.000000000,Post-IPO,United States,536
80,Pico Interactive,SF Bay Area,Other,400,0.2,2023-02-16 00:00:00.000000000,Acquired,United States,62
81,The RealReal,SF Bay Area,Retail,230,0.07,2023-02-16 00:00:00.000000000,Post-IPO,United States,356
82,Smartsheet,Seattle,Other,85,0.03,2023-02-16 00:00:00.000000000,Post-IPO,United States,152
83,Convoy,Atlanta,Logistics,0,0.0,2023-02-16 00:00:00.000000000,Series E,United States,1100
84,Wix,Tel Aviv,Marketing,370,0.06,2023-02-15 00:00:00.000000000,Post-IPO,Israel,58
85,ServiceTitan,Los Angeles,Sales,221,0.08,2023-02-15 00:00:00.000000000,Series G,United States,1100
86,Neon,Sao Paulo,Finance,210,0.09,2023-02-15 00:00:00.000000000,Series D,Brazil,720
87,Jellysmack,Paris,Media,208,0.0,2023-02-15 00:00:00.000000000,Series C,France,22
88,DigitalOcean,New York City,Infrastructure,200,0.11,2023-02-15 00:00:00.000000000,Post-IPO,United States,491
89,Sprinklr,New York City,Support,100,0.04,2023-02-15 00:00:00.000000000,Post-IPO,United States,429
90,Betterment,New York City,Finance,28,0.0,2023-02-15 00:00:00.000000000,Series F,United States,435
91,Divvy Homes,SF Bay Area,Real Estate,0,0.0,2023-02-15 00:00:00.000000000,Series B,United States,180
92,Milkrun,Sydney,Food,0,0.2,2023-02-15 00:00:00.000000000,Series A,Australia,86
93,Momentive,SF Bay Area,Marketing,0,0.14,2023-02-15 00:00:00.000000000,Post-IPO,United States,1100
94,Observe.AI,SF Bay Area,Support,0,0.0,2023-02-15 00:00:00.000000000,Series C,United States,214
95,Religion of Sports,Los Angeles,Media,0,0.0,2023-02-15 00:00:00.000000000,Series B,United States,63
96,Tackle,Boise,Other,0,0.15,2023-02-15 00:00:00.000000000,Series C,United States,148
97,Vicarious Surgical,Boston,Healthcare,0,0.14,2023-02-15 00:00:00.000000000,Post-IPO,United States,185
98,CommerceHub,Albany,Retail,371,0.31,2023-02-14 00:00:00.000000000,Acquired,United States,0
99,HackerEarth,SF Bay Area,HR,0,0.08,2023-02-14 00:00:00.000000000,Series B,United States,11
100,PhableCare,Bengaluru,Healthcare,0,0.7,2023-02-14 00:00:00.000000000,Series B,India,40
101,Udemy,SF Bay Area,Education,0,0.1,2023-02-14 00:00:00.000000000,Post-IPO,United States,311
102,Twilio,SF Bay Area,Other,1500,0.17,2023-02-13 00:00:00.000000000,Post-IPO,United States.,614
103,Electric,New York City,Other,141,0.25,2023-02-13 00:00:00.000000000,Series D,United States,212
104,EMX Digital,New York City,Marketing,100,1.0,2023-02-13 00:00:00.000000000,Unknown,United States,0
105,PetLove,Sao Paulo,Retail,94,0.0,2023-02-13 00:00:00.000000000,Series C,Brazil,225
106,iRobot,Boston,Consumer,85,0.07,2023-02-13 00:00:00.000000000,Acquired,United States,30
107,Collective Health,SF Bay Area,Healthcare,54,0.0,2023-02-13 00:00:00.000000000,Series F,United States,719
108,Magic Eden,SF Bay Area,Crypto,22,0.0,2023-02-13 00:00:00.000000000,Series B,United States,170
109,Casavo,Milan,Real Estate,0,0.3,2023-02-13 00:00:00.000000000,Unknown,Italy,708
110,Foodpanda,Singapore,Food,0,0.0,2023-02-13 00:00:00.000000000,Acquired,Singapore,749
111,Getir,London,Food,0,0.0,2023-02-13 00:00:00.000000000,Series E,United Kingdom,1800
112,LinkedIn,SF Bay Area,HR,0,0.0,2023-02-13 00:00:00.000000000,Acquired,United States,154
113,Moladin,Jakarta,Transportation,360,0.11,2023-02-12 00:00:00.000000000,Series B,Indonesia,138
114,TripleLift,New York City,Marketing,100,0.2,2023-02-10 00:00:00.000000000,Acquired,United States,16
115,TikTok India,Mumbai,Consumer,40,0.0,2023-02-10 00:00:00.000000000,Acquired,India,9400
116,Open Co,Sao Paulo,Finance,0,0.0,2023-02-10 00:00:00.000000000,Series D,Brazil,140
117,Rigetti Computing,SF Bay Area,Hardware,0,0.28,2023-02-10 00:00:00.000000000,Post-IPO,United States,298
118,Yahoo,SF Bay Area,Consumer,1600,0.2,2023-02-09 00:00:00.000000000,Acquired,United States,6
119,Misfits Market,Philadelphia,Food,649,0.33,2023-02-09 00:00:00.000000000,Series C,United States,526
120,Deliveroo,London,Food,350,0.09,2023-02-09 00:00:00.000000000,Post-IPO,United Kingdom,1700
121,Olive AI,Columbus,Healthcare,215,0.35,2023-02-09 00:00:00.000000000,Series H,United States,856
122,Oportun,SF Bay Area,Finance,155,0.1,2023-02-09 00:00:00.000000000,Post-IPO,United States,566
123,GitLab,SF Bay Area,Product,130,0.07,2023-02-09 00:00:00.000000000,Post-IPO,United States,413
124,Bark,New York City,Retail,126,0.12,2023-02-09 00:00:00.000000000,Post-IPO,United States,0
125,Nomad Health,New York City,Healthcare,119,0.17,2023-02-09 00:00:00.000000000,Unknown,United States,218
126,Veriff,Tallinn,Security,66,0.12,2023-02-09 00:00:00.000000000,Series C,Estonia,192
127,REE Automotive,Tel Aviv,Transportation,31,0.11,2023-02-09 00:00:00.000000000,Post-IPO,Israel,317
128,GitHub,SF Bay Area,Product,0,0.1,2023-02-09 00:00:00.000000000,Acquired,United States,350
129,Quillt,St. Louis,Media,0,0.0,2023-02-09 00:00:00.000000000,Unknown,United States,0
130,WeTrade,Bengaluru,Crypto,0,1.0,2023-02-09 00:00:00.000000000,Unknown,India,0
131,GoDaddy,Phoenix,Marketing,530,0.08,2023-02-08 00:00:00.000000000,Post-IPO,United States,800
132,Affirm,SF Bay Area,Finance,500,0.19,2023-02-08 00:00:00.000000000,Post-IPO,United States,1500
133,Gusto,SF Bay Area,HR,126,0.05,2023-02-08 00:00:00.000000000,Series E,United States,746
134,Gong,SF Bay Area,Sales,80,0.07,2023-02-08 00:00:00.000000000,Series E,United States,583
135,Beam Benefits,Columbus,Healthcare,31,0.08,2023-02-08 00:00:00.000000000,Series E,United States,168
136,Equitybee,SF Bay Area,Finance,24,0.25,2023-02-08 00:00:00.000000000,Series B,United States,85
137,Baraja,Sydney,Transportation,0,0.75,2023-02-08 00:00:00.000000000,Unknown,Australia,63
138,Koho,Toronto,Finance,0,0.14,2023-02-08 00:00:00.000000000,Series D,Canada,278
139,Medly,New York City,Healthcare,0,1.0,2023-02-08 00:00:00.000000000,Series C,United States,100
140,Nearmap,Sydney,Construction,0,0.2,2023-02-08 00:00:00.000000000,Acquired,Australia,15
141,Zoom,SF Bay Area,Other,1300,0.15,2023-02-07 00:00:00.000000000,Post-IPO,United States,276
142,eBay,SF Bay Area,Retail,500,0.04,2023-02-07 00:00:00.000000000,Post-IPO,United States,1200
143,SecureWorks,Atlanta,Security,212,0.09,2023-02-07 00:00:00.000000000,Post-IPO,United States,83
144,SalesLoft,Atlanta,Sales,100,0.1,2023-02-07 00:00:00.000000000,Acquired,United States,245
145,Openpay,Melbourne,Finance,83,1.0,2023-02-07 00:00:00.000000000,Post-IPO,Australia,299
146,LearnUpon,Dublin,Education,27,0.09,2023-02-07 00:00:00.000000000,Private Equity,Ireland,56
147,Sana Benefits,Austin,HR,0,0.19,2023-02-07 00:00:00.000000000,Series B,United States,106
148,Dell,Austin,Hardware,6650,0.05,2023-02-06 00:00:00.000000000,Post-IPO,United States,0
149,Loggi,Sao Paulo,Logistics,300,0.07,2023-02-06 00:00:00.000000000,Series F,Brazil,507
150,Catch.com.au,Melbourne,Retail,100,0.0,2023-02-06 00:00:00.000000000,Acquired,Australia,80
151,VinFast US,Los Angeles,Transportation,80,0.0,2023-02-06 00:00:00.000000000,Subsidiary,United States,0
152,Drift,Boston,Marketing,59,0.0,2023-02-06 00:00:00.000000000,Acquired,United States,107
153,Pocket Aces,Mumbai,Media,50,0.25,2023-02-06 00:00:00.000000000,Unknown,India,19
154,Clari,SF Bay Area,Sales,20,0.0,2023-02-06 00:00:00.000000000,Series F,United States,496
155,C6 Bank,Sao Paulo,Finance,0,0.0,2023-02-06 00:00:00.000000000,Unknown,Brazil,2300
156,Daraz,Singapore,Retail,0,0.11,2023-02-06 00:00:00.000000000,Unknown,Singapore,0
157,TenureX,Tel Aviv,Finance,0,0.0,2023-02-06 00:00:00.000000000,Seed,Israel,6
158,Kyruus,Boston,Healthcare,70,0.0,2023-02-05 00:00:00.000000000,Unknown,United States,183
159,Lightico,Tel Aviv,Finance,20,0.25,2023-02-05 00:00:00.000000000,Series B,Israel,42
160,FarEye,New Delhi,Logistics,90,0.0,2023-02-03 00:00:00.000000000,Series E,India,150
161,Protocol Labs,SF Bay Area,Crypto,89,0.2,2023-02-03 00:00:00.000000000,Unknown,United States,10
162,Finder,Sydney,Retail,0,0.15,2023-02-03 00:00:00.000000000,Unknown,Australia,30
163,Byju's,Bengaluru,Education,1500,0.0,2023-02-02 00:00:00.000000000,Private Equity,India,5500
164,Okta,SF Bay Area,Security,300,0.05,2023-02-02 00:00:00.000000000,Post-IPO,United States,1200
165,Autodesk,SF Bay Area,Other,250,0.02,2023-02-02 00:00:00.000000000,Post-IPO,United States,0
166,Mindstrong,SF Bay Area,Healthcare,127,0.0,2023-02-02 00:00:00.000000000,Series C,United States,160
167,NCC Group,Manchester,Security,125,0.07,2023-02-02 00:00:00.000000000,Post-IPO,United Kingdom,0
168,Miro,SF Bay Area,Other,119,0.07,2023-02-02 00:00:00.000000000,Series C,United States,476
169,Getir,New York City,Food,100,0.0,2023-02-02 00:00:00.000000000,Series E,United States,1800
170,Highspot,Seattle,Sales,100,0.1,2023-02-02 00:00:00.000000000,Series F,United States,644
171,Bittrex,Seattle,Crypto,80,0.0,2023-02-02 00:00:00.000000000,Unknown,United States,0
172,Snowplow,London,Data,40,0.0,2023-02-02 00:00:00.000000000,Series B,United States,55
173,Articulate,New York City,Education,38,0.0,2023-02-02 00:00:00.000000000,Series A,United States,1500
174,Desktop Metal,Boston,Other,0,0.0,2023-02-02 00:00:00.000000000,Post-IPO,United States,811
175,Getaround,SF Bay Area,Transportation,0,0.1,2023-02-02 00:00:00.000000000,Post-IPO,United States,948
176,NCSoft,Seoul,Consumer,0,0.2,2023-02-02 00:00:00.000000000,Post-IPO,South Korea,240
177,Talkdesk,SF Bay Area,Support,0,0.0,2023-02-02 00:00:00.000000000,Series D,United States,497
178,Splunk,SF Bay Area,Data,325,0.04,2023-02-01 00:00:00.000000000,Post-IPO,United States,2400
179,Pinterest,SF Bay Area,Consumer,150,0.0,2023-02-01 00:00:00.000000000,Post-IPO,United States,1500
180,DraftKings,Boston,Consumer,140,0.04,2023-02-01 00:00:00.000000000,Post-IPO,United States,719
181,Cyren,Washington D.C.,Security,121,0.0,2023-02-01 00:00:00.000000000,Post-IPO,United States,161
182,Workato,SF Bay Area,Other,90,0.1,2023-02-01 00:00:00.000000000,Series E,United States,415
183,VerticalScope,Toronto,Media,60,0.22,2023-02-01 00:00:00.000000000,Post-IPO,Canada,0
184,Wheel,Austin,Healthcare,56,0.28,2023-02-01 00:00:00.000000000,Series C,United States,215
185,Chainalysis,New York City,Crypto,44,0.05,2023-02-01 00:00:00.000000000,Series F,United States,536
186,AppGate,Miami,Security,34,0.08,2023-02-01 00:00:00.000000000,Post-IPO,United States,0
187,Exterro,Portland,Legal,24,0.03,2023-02-01 00:00:00.000000000,Private Equity,United States,100
188,TheSkimm,New York City,Media,17,0.1,2023-02-01 00:00:00.000000000,Series C,United States,28
189,Ada,Toronto,Support,0,0.0,2023-02-01 00:00:00.000000000,Series C,Canada,190
190,Bustle Digital Group,New York City,Media,0,0.08,2023-02-01 00:00:00.000000000,Series E,United States,80
191,Frequency Therapeutics,Boston,Healthcare,0,0.5,2023-02-01 00:00:00.000000000,Post-IPO,United States,76
192,MariaDB,Helsinki,Data,0,0.08,2023-02-01 00:00:00.000000000,Post-IPO,Finland,245
193,Match Group,New York City,Consumer,0,0.08,2023-02-01 00:00:00.000000000,Post-IPO,United States,0
194,Omnipresent,London,HR,0,0.0,2023-02-01 00:00:00.000000000,Series B,United States,137
195,Picnic,Seattle,Food,0,0.0,2023-02-01 00:00:00.000000000,Unknown,United States,52
196,Rivian,Detroit,Transportation,0,0.06,2023-02-01 00:00:00.000000000,Post-IPO,United States,10700
197,PayPal,SF Bay Area,Finance,2000,0.07,2023-01-31 00:00:00.000000000,Post-IPO,United States,216
198,NetApp,SF Bay Area,Data,960,0.08,2023-01-31 00:00:00.000000000,Post-IPO,United States,0
199,Workday,SF Bay Area,HR,525,0.03,2023-01-31 00:00:00.000000000,Post-IPO,United States,230
200,HubSpot,Boston,Marketing,500,0.07,2023-01-31 00:00:00.000000000,Post-IPO,United States,100
201,Upstart,SF Bay Area,Finance,365,0.2,2023-01-31 00:00:00.000000000,Post-IPO,United States,144
202,Software AG,Frankfurt,Data,200,0.04,2023-01-31 00:00:00.000000000,Post-IPO,Germany,344
203,Wish,SF Bay Area,Retail,150,0.17,2023-01-31 00:00:00.000000000,Post-IPO,United States,1600
204,Wefox,Berlin,Finance,100,0.0,2023-01-31 00:00:00.000000000,Series D,Germany,1300
205,Tilting Point,New York City,Consumer,60,0.14,2023-01-31 00:00:00.000000000,Unknown,United States,235
206,Gokada,Lagos,Transportation,54,0.0,2023-01-31 00:00:00.000000000,Unknown,Nigeria,12
207,AU10TIX,Tel Aviv,Security,19,0.09,2023-01-31 00:00:00.000000000,Unknown,Israel,80
208,National Instruments,Austin,Hardware,0,0.04,2023-01-31 00:00:00.000000000,Post-IPO,United States,0
209,OpenText,Waterloo,Data,0,0.08,2023-01-31 00:00:00.000000000,Post-IPO,Canada,1100
210,Philips,Amsterdam,Healthcare,6000,0.13,2023-01-30 00:00:00.000000000,Post-IPO,Netherlands,0
211,OLX Group,Amsterdam,Marketing,1500,0.15,2023-01-30 00:00:00.000000000,Acquired,Netherlands,0
212,Arrival,London,Transportation,800,0.5,2023-01-30 00:00:00.000000000,Post-IPO,United Kingdom,629
213,Groupon,Chicago,Retail,500,0.0,2023-01-30 00:00:00.000000000,Post-IPO,United States,1400
214,Intel,SF Bay Area,Hardware,343,0.0,2023-01-30 00:00:00.000000000,Post-IPO,United States,12
215,Glovo,Barcelona,Food,250,0.06,2023-01-30 00:00:00.000000000,Acquired,Spain,1200
216,Delivery Hero,Berlin,Food,156,0.04,2023-01-30 00:00:00.000000000,Post-IPO,Germany,9900
217,Impossible Foods,SF Bay Area,Food,140,0.2,2023-01-30 00:00:00.000000000,Series H,United States,1900
218,Chrono24,Karlsruhe,Retail,65,0.13,2023-01-30 00:00:00.000000000,Series C,Germany,205
219,BM Technologies,Philadelphia,Finance,0,0.25,2023-01-30 00:00:00.000000000,Post-IPO,United States,0
220,Olist,Curitiba,Retail,0,0.0,2023-01-30 00:00:00.000000000,Series E,Brazil,322
221,Oyster,Charlotte,HR,0,0.0,2023-01-30 00:00:00.000000000,Series C,United States,224
222,Prime Trust,Las Vegas,Crypto,0,0.33,2023-01-30 00:00:00.000000000,Series B,United States,176
223,Quantum SI,New Haven,Healthcare,0,0.12,2023-01-30 00:00:00.000000000,Post-IPO,United States,425
224,SoFi,SF Bay Area,Finance,0,0.0,2023-01-30 00:00:00.000000000,Post-IPO,United States,3000
225,Hoxhunt,Helsinki,Security,0,0.0,2023-01-29 00:00:00.000000000,Series B,Finland,43
226,Me Poupe,Sao Paulo,Finance,60,0.5,2023-01-28 00:00:00.000000000,Unknown,Brazil,0
227,CoinTracker,SF Bay Area,Crypto,19,0.0,2023-01-28 00:00:00.000000000,Series A,United States,101
228,SSense,Montreal,Retail,138,0.07,2023-01-27 00:00:00.000000000,Series A,Canada,0
229,DealShare,Bengaluru,Retail,100,0.06,2023-01-27 00:00:00.000000000,Series E,India,390
230,Ruggable,Los Angeles,Retail,100,0.0,2023-01-27 00:00:00.000000000,Seed,United States,0
231,Synopsys,SF Bay Area,Other,100,0.0,2023-01-27 00:00:00.000000000,Post-IPO,United States,0
232,Heycar,Berlin,Transportation,73,0.0,2023-01-27 00:00:00.000000000,Unknown,Germany,0
233,Matrixport,Singapore,Crypto,29,0.1,2023-01-27 00:00:00.000000000,Series C,Singapore,100
234,Shakepay,Montreal,Crypto,21,0.25,2023-01-27 00:00:00.000000000,Series A,Canada,45
235,#Paid,Toronto,Marketing,19,0.17,2023-01-27 00:00:00.000000000,Series B,Canada,21
236,Decent,SF Bay Area,Healthcare,0,0.0,2023-01-27 00:00:00.000000000,Series A,United States,18
237,Feedzai,Coimbra,Finance,0,0.0,2023-01-27 00:00:00.000000000,Unknown,Portugal,273
238,Nate,New York City,Retail,0,0.0,2023-01-27 00:00:00.000000000,Series A,United States,47
239,SAP,Walldorf,Other,3000,0.03,2023-01-26 00:00:00.000000000,Post-IPO,Germany,1300
240,Confluent,SF Bay Area,Data,221,0.08,2023-01-26 00:00:00.000000000,Post-IPO,United States,455
241,DriveWealth,Jersey City,Finance,0,0.2,2023-01-26 00:00:00.000000000,Series D,United States,550
242,Mode Global,London,Finance,0,1.0,2023-01-26 00:00:00.000000000,Post-IPO,United Kingdom,0
243,Plus One Robotics,San Antonio,Other,0,0.1,2023-01-26 00:00:00.000000000,Series B,United States,43
244,Quora,SF Bay Area,Consumer,0,0.0,2023-01-26 00:00:00.000000000,Series D,United States,226
245,IBM,New York City,Hardware,3900,0.02,2023-01-25 00:00:00.000000000,Post-IPO,United States,0
246,Lam Research,SF Bay Area,Hardware,1300,0.07,2023-01-25 00:00:00.000000000,Post-IPO,United States,0
247,Shutterfly,SF Bay Area,Retail,360,0.0,2023-01-25 00:00:00.000000000,Acquired,United States,50
248,Luno,London,Crypto,330,0.35,2023-01-25 00:00:00.000000000,Acquired,United Kingdom,13
249,Clear Capital,Reno,Real Estate,250,0.25,2023-01-25 00:00:00.000000000,Unknown,United States,0
250,Guardant Health,SF Bay Area,Healthcare,130,0.07,2023-01-25 00:00:00.000000000,Post-IPO,United States,550
251,SirionLabs,Seattle,Legal,130,0.15,2023-01-25 00:00:00.000000000,Series D,United States,171
252,Tier Mobility,Berlin,Transportation,80,0.07,2023-01-25 00:00:00.000000000,Series D,Germany,646
253,CareRev,Los Angeles,Retail,0,0.0,2023-01-25 00:00:00.000000000,Series A,United States,51
254,Finastra,Tel Aviv,Finance,0,0.0,2023-01-25 00:00:00.000000000,Unknown,Israel,0
255,Noom,New York City,Fitness,0,0.0,2023-01-25 00:00:00.000000000,Series F,United States,657
256,PagSeguro,Sao Paulo,Finance,0,0.07,2023-01-25 00:00:00.000000000,Post-IPO,Brazil,0
257,Prosus,Amsterdam,Other,0,0.3,2023-01-25 00:00:00.000000000,Unknown,Netherlands,0
258,Vacasa,Portland,Travel,1300,0.17,2023-01-24 00:00:00.000000000,Post-IPO,United States,834
259,Innovaccer,SF Bay Area,Healthcare,245,0.15,2023-01-24 00:00:00.000000000,Series E,United States,379
260,Bolt,SF Bay Area,Finance,50,0.1,2023-01-24 00:00:00.000000000,Series E,United States,1300
261,PartnerStack,Toronto,Sales,40,0.2,2023-01-24 00:00:00.000000000,Series B,Canada,36
262,Gitpod,Kiel,Product,21,0.28,2023-01-24 00:00:00.000000000,Series A,Germany,41
263,OFFOR Health,Columbus,Healthcare,16,0.0,2023-01-24 00:00:00.000000000,Series A,United States,14
264,Venngage,Toronto,Marketing,11,0.2,2023-01-24 00:00:00.000000000,Unknown,Canada,0
265,CoachHub,Berlin,HR,0,0.1,2023-01-24 00:00:00.000000000,Series C,Germany,332
266,Corvus Insurance,Boston,Finance,0,0.14,2023-01-24 00:00:00.000000000,Series C,United States,160
267,Icon,Austin,Construction,0,0.0,2023-01-24 00:00:00.000000000,Series B,United States,451
268,PagerDuty,SF Bay Area,Product,0,0.07,2023-01-24 00:00:00.000000000,Post-IPO,United States,173
269,Scoro,London,HR,0,0.09,2023-01-24 00:00:00.000000000,Series B,United Kingdom,23
270,Spotify,Stockholm,Media,600,0.06,2023-01-23 00:00:00.000000000,Post-IPO,Sweden,2100
271,Uber Freight,SF Bay Area,Logistics,150,0.03,2023-01-23 00:00:00.000000000,Subsidiary,United States,2700
272,Inmobi,Bengaluru,Marketing,50,0.0,2023-01-23 00:00:00.000000000,Unknown,India,320
273,Innovid,New York City,Marketing,40,0.1,2023-01-23 00:00:00.000000000,Post-IPO,United States,295
274,Booktopia,Sydney,Retail,30,0.0,2023-01-23 00:00:00.000000000,Series A,Australia,23
275,Ermetic,SF Bay Area,Security,30,0.17,2023-01-23 00:00:00.000000000,Series B,United States,97
276,Namogoo,Tel Aviv,Marketing,20,0.15,2023-01-23 00:00:00.000000000,Series C,United States,69
277,Camp K12,Gurugram,Education,0,0.7,2023-01-23 00:00:00.000000000,Series A,India,16
278,Gemini,New York City,Crypto,0,0.1,2023-01-23 00:00:00.000000000,Unknown,United States,423
279,Yext,New York City,Marketing,0,0.08,2023-01-23 00:00:00.000000000,Post-IPO,United States,117
280,BUX,Amsterdam,Finance,0,0.0,2023-01-22 00:00:00.000000000,Series C,Netherlands,115
281,Google,SF Bay Area,Consumer,12000,0.06,2023-01-20 00:00:00.000000000,Post-IPO,United States,26
282,Wayfair,Boston,Retail,1750,0.1,2023-01-20 00:00:00.000000000,Post-IPO,United States,1700
283,Swiggy,Bengaluru,Food,380,0.06,2023-01-20 00:00:00.000000000,Unknown,India,3600
284,MediBuddy,Bengaluru,Healthcare,200,0.0,2023-01-20 00:00:00.000000000,Acquired,India,192
285,Vox Media,Washington D.C.,Media,130,0.07,2023-01-20 00:00:00.000000000,Series F,United States,307
286,BitTorrent,SF Bay Area,Infrastructure,92,0.0,2023-01-20 00:00:00.000000000,Acquired,United States,0
287,Karat,Seattle,HR,47,0.0,2023-01-20 00:00:00.000000000,Unknown,United States,169
288,Enjoei,Sao Paulo,Retail,31,0.1,2023-01-20 00:00:00.000000000,Unknown,Brazil,14
289,Edifecs,Seattle,Healthcare,30,0.0,2023-01-20 00:00:00.000000000,Unknown,United States,1
290,Citrine Informatics,SF Bay Area,Data,22,0.27,2023-01-20 00:00:00.000000000,Series C,United States,64
291,Avalara,Seattle,Finance,0,0.0,2023-01-20 00:00:00.000000000,Acquired,United States,341
292,Cyteir Therapeutics,Boston,Healthcare,0,0.7,2023-01-20 00:00:00.000000000,Series C,United States,156
293,Morning Consult,Washington D.C.,Data,0,0.0,2023-01-20 00:00:00.000000000,Series B,United States,91
294,TikTok,Los Angeles,Consumer,0,0.0,2023-01-20 00:00:00.000000000,Acquired,United States,0
295,Zappos,Las Vegas,Retail,0,0.0,2023-01-20 00:00:00.000000000,Acquired,United States,62
296,Capital One,Washington D.C.,Finance,1100,0.0,2023-01-19 00:00:00.000000000,Post-IPO,United States,0
297,Proterra,SF Bay Area,Transportation,300,0.0,2023-01-19 00:00:00.000000000,Post-IPO,United States,1200
298,WeWork,New York City,Real Estate,300,0.0,2023-01-19 00:00:00.000000000,Post-IPO,United States,22200
299,Hubilo,SF Bay Area,Other,115,0.35,2023-01-19 00:00:00.000000000,Series B,United States,153
300,Saks.com,New York City,Retail,100,0.05,2023-01-19 00:00:00.000000000,Unknown,United States,965
301,CS Disco,Austin,Legal,62,0.09,2023-01-19 00:00:00.000000000,Post-IPO,United States,233
302,Riot Games,Los Angeles,Consumer,46,0.0,2023-01-19 00:00:00.000000000,Acquired,United States,21
303,Hydrow,Boston,Fitness,30,0.0,2023-01-19 00:00:00.000000000,Series D,United States,269
304,Earth Rides,Nashville,Transportation,0,1.0,2023-01-19 00:00:00.000000000,Unknown,United States,2
305,Fandom,SF Bay Area,Media,0,0.0,2023-01-19 00:00:00.000000000,Series E,United States,145
306,IAM Robotics,Pittsburgh,Hardware,0,0.0,2023-01-19 00:00:00.000000000,Unknown,United States,21
307,Icertis,Seattle,Legal,0,0.0,2023-01-19 00:00:00.000000000,Unknown,United States,521
308,Magnite,Los Angeles,Marketing,0,0.06,2023-01-19 00:00:00.000000000,Post-IPO,United States,400
309,Mudafy,Mexico City,Real Estate,0,0.7,2023-01-19 00:00:00.000000000,Series A,United States,13
310,Personalis,SF Bay Area,Healthcare,0,0.3,2023-01-19 00:00:00.000000000,Post-IPO,United States,225
311,Prisma,SF Bay Area,Data,0,0.28,2023-01-19 00:00:00.000000000,Series B,United States,56
312,Spaceship,Sydney,Finance,0,0.0,2023-01-19 00:00:00.000000000,Series A,Australia,41
313,Wallbox,Barcelona,Energy,0,0.15,2023-01-19 00:00:00.000000000,Post-IPO,Spain,167
314,Microsoft,Seattle,Other,10000,0.05,2023-01-18 00:00:00.000000000,Post-IPO,United States,1
315,Sophos,Oxford,Security,450,0.1,2023-01-18 00:00:00.000000000,Acquired,United States,125
316,Teladoc Health,New York City,Healthcare,300,0.06,2023-01-18 00:00:00.000000000,Post-IPO,United States,172
317,Vroom,New York City,Transportation,275,0.2,2023-01-18 00:00:00.000000000,Post-IPO,United States,1300
318,8x8,SF Bay Area,Support,155,0.07,2023-01-18 00:00:00.000000000,Post-IPO,United States,253
319,Pagaya,New York City,Finance,140,0.2,2023-01-18 00:00:00.000000000,Post-IPO,United States,571
320,Benevity,Calgary,Other,137,0.14,2023-01-18 00:00:00.000000000,Unknown,Canada,69
321,Inspirato,Denver,Travel,109,0.12,2023-01-18 00:00:00.000000000,Post-IPO,United States,179
322,Jumpcloud,Boulder,Security,100,0.12,2023-01-18 00:00:00.000000000,Series F,United States,416
323,nCino,Wilmington,Finance,100,0.07,2023-01-18 00:00:00.000000000,Post-IPO,United States,1100
324,Starry,Boston,Other,100,0.24,2023-01-18 00:00:00.000000000,Post-IPO,United States,260
325,Hootsuite,Vancouver,Marketing,70,0.07,2023-01-18 00:00:00.000000000,Series C,Canada,300
326,Clue,Berlin,Healthcare,31,0.31,2023-01-18 00:00:00.000000000,Unknown,Germany,47
327,Addepar,SF Bay Area,Finance,20,0.03,2023-01-18 00:00:00.000000000,Series F,United States,491
328,80 Acres Farms,Cincinnati,Food,0,0.1,2023-01-18 00:00:00.000000000,Unknown,United States,275
329,Aiven,Helsinki,Infrastructure,0,0.2,2023-01-18 00:00:00.000000000,Series D,Finland,420
330,Bally's Interactive,Providence,Not Available,0,0.15,2023-01-18 00:00:00.000000000,Post-IPO,United States,946
331,Betterfly,Santiago,Healthcare,0,0.3,2023-01-18 00:00:00.000000000,Series C,Chile,204
332,Cazoo,London,Transportation,0,0.0,2023-01-18 00:00:00.000000000,Post-IPO,United Kingdom,2000
333,Coda,SF Bay Area,Other,0,0.0,2023-01-18 00:00:00.000000000,Series D,United States,240
334,Cypress.io,Atlanta,Product,0,0.0,2023-01-18 00:00:00.000000000,Series B,United States,54
335,Lucid Diagnostics,New York City,Healthcare,0,0.2,2023-01-18 00:00:00.000000000,Post-IPO,United States,0
336,Mavenir,Dallas,Infrastructure,0,0.0,2023-01-18 00:00:00.000000000,Acquired,United States,854
337,Redbubble,Melbourne,Retail,0,0.14,2023-01-18 00:00:00.000000000,Post-IPO,Australia,55
338,Lightspeed Commerce,Montreal,Retail,300,0.1,2023-01-17 00:00:00.000000000,Post-IPO,Canada,1200
339,Unity,SF Bay Area,Other,284,0.03,2023-01-17 00:00:00.000000000,Post-IPO,United States,1300
340,Britishvolt,London,Transportation,206,1.0,2023-01-17 00:00:00.000000000,Unknown,United Kingdom,2400
341,Clutch,Toronto,Transportation,150,0.0,2023-01-17 00:00:00.000000000,Unknown,Canada,253
342,Exotel,Bengaluru,Support,142,0.15,2023-01-17 00:00:00.000000000,Series D,India,87
343,Unico,Sao Paulo,Other,110,0.1,2023-01-17 00:00:00.000000000,Series D,Brazil,336
344,Tul,Bogota,Construction,100,0.0,2023-01-17 00:00:00.000000000,Series B,Colombia,218
345,American Robotics,Boston,Other,50,0.65,2023-01-17 00:00:00.000000000,Acquired,United States,92
346,Luxury Presence,Los Angeles,Real Estate,44,0.0,2023-01-17 00:00:00.000000000,Series B,United States,31
347,RingCentral,SF Bay Area,Other,30,0.0,2023-01-17 00:00:00.000000000,Post-IPO,United States,44
348,Fishbrain,Stockholm,Consumer,0,0.0,2023-01-17 00:00:00.000000000,Unknown,United States,59
349,GoMechanic,Gurugram,Transportation,0,0.7,2023-01-17 00:00:00.000000000,Series C,India,54
350,LiveVox,SF Bay Area,Support,0,0.16,2023-01-17 00:00:00.000000000,Post-IPO,United States,12
351,Oracle,SF Bay Area,Other,0,0.0,2023-01-17 00:00:00.000000000,Post-IPO,United States,0
352,Rappi,Buenos Aires,Food,0,0.0,2023-01-17 00:00:00.000000000,Unknown,Argentina,2300
353,RateGenius,Austin,Finance,0,0.0,2023-01-17 00:00:00.000000000,Acquired,United States,2
354,XP,Sao Paulo,Finance,0,0.0,2023-01-17 00:00:00.000000000,Post-IPO,Brazil,0
355,PagBank,Sao Paulo,Finance,500,0.07,2023-01-16 00:00:00.000000000,Post-IPO,Brazil,0
356,ShareChat,Bengaluru,Consumer,500,0.2,2023-01-16 00:00:00.000000000,Series H,India,1700
357,Gramophone,Indore,Food,75,0.0,2023-01-16 00:00:00.000000000,Series B,India,17
358,ClearCo,Toronto,Finance,50,0.3,2023-01-16 00:00:00.000000000,Series C,Canada,698
359,Dunzo,Bengaluru,Food,0,0.03,2023-01-16 00:00:00.000000000,Unknown,India,382
360,Ignition,Sydney,Finance,0,0.1,2023-01-16 00:00:00.000000000,Series C,Australia,74
361,Rebel Foods,Mumbai,Food,0,0.02,2023-01-16 00:00:00.000000000,Unknown,India,548
362,Captain Fresh,Bengaluru,Food,120,0.0,2023-01-15 00:00:00.000000000,Series C,India,126
363,Snappy,New York City,Marketing,100,0.3,2023-01-15 00:00:00.000000000,Series C,United States,104
364,BharatAgri,Mumbai,Food,40,0.43,2023-01-15 00:00:00.000000000,Series A,India,21
365,DeHaat,Patna,Food,0,0.05,2023-01-15 00:00:00.000000000,Series E,India,254
366,Black Shark,Shenzen,Hardware,900,0.0,2023-01-13 00:00:00.000000000,Unknown,China,0
367,Ola,Bengaluru,Transportation,200,0.0,2023-01-13 00:00:00.000000000,Series J,India,5000
368,Bonterra,Austin,Other,140,0.1,2023-01-13 00:00:00.000000000,Unknown,United States,0
369,Vial,SF Bay Area,Healthcare,40,0.0,2023-01-13 00:00:00.000000000,Series B,United States,101
370,Arch Oncology,Brisbane,Healthcare,0,1.0,2023-01-13 00:00:00.000000000,Series C,United States,155
371,Carvana,Phoenix,Transportation,0,0.0,2023-01-13 00:00:00.000000000,Post-IPO,United States,1600
372,CoSchedule,Bismarck,Marketing,0,0.0,2023-01-13 00:00:00.000000000,Unknown,United States,2
373,GoCanvas,Washington D.C.,Other,0,0.0,2023-01-13 00:00:00.000000000,Acquired,United States,21
374,Jellyfish,Boston,Product,0,0.09,2023-01-13 00:00:00.000000000,Series C,United States,114
375,Lending Club,SF Bay Area,Finance,225,0.14,2023-01-12 00:00:00.000000000,Post-IPO,United States,392
376,SmartNews,Tokyo,Media,120,0.4,2023-01-12 00:00:00.000000000,Series F,United States,410
377,Skit.ai,Bengaluru,Support,115,0.0,2023-01-12 00:00:00.000000000,Series B,India,28
378,Pier,Sao Paulo,Finance,111,0.39,2023-01-12 00:00:00.000000000,Series B,Brazil,42
379,Blockchain.com,London,Crypto,110,0.28,2023-01-12 00:00:00.000000000,Series D,United Kingdom,490
380,Greenlight,Atlanta,Finance,104,0.21,2023-01-12 00:00:00.000000000,Series D,United States,556
381,Cashfree Payments,Bengaluru,Finance,100,0.0,2023-01-12 00:00:00.000000000,Series B,India,41
382,Mapbox,Washington D.C.,Data,64,0.0,2023-01-12 00:00:00.000000000,Unknown,United States,334
383,Definitive Healthcare,Boston,Healthcare,55,0.06,2023-01-12 00:00:00.000000000,Post-IPO,United States,0
384,Akili Labs,Baltimore,Healthcare,46,0.3,2023-01-12 00:00:00.000000000,Seed,United States,0
385,Career Karma,SF Bay Area,Education,22,0.0,2023-01-12 00:00:00.000000000,Series B,United States,51
386,Crypto.com,Singapore,Crypto,0,0.2,2023-01-12 00:00:00.000000000,Unknown,United States,0
387,Lattice,SF Bay Area,HR,0,0.15,2023-01-12 00:00:00.000000000,Series F,United States,328
388,Life360,SF Bay Area,Consumer,0,0.14,2023-01-12 00:00:00.000000000,Post-IPO,United States,158
389,Rock Content,Miami,Marketing,0,0.15,2023-01-12 00:00:00.000000000,Series B,United States,34
390,Flexport,SF Bay Area,Logistics,640,0.2,2023-01-11 00:00:00.000000000,Series E,United States,2400
391,Qualtrics,Salt Lake City,Other,270,0.05,2023-01-11 00:00:00.000000000,Post-IPO,United States,400
392,Verily,SF Bay Area,Healthcare,250,0.15,2023-01-11 00:00:00.000000000,Unknown,United States,3500
393,Tipalti,SF Bay Area,Finance,123,0.11,2023-01-11 00:00:00.000000000,Series F,United States,565
394,Jumio,SF Bay Area,Security,100,0.06,2023-01-11 00:00:00.000000000,Private Equity,United States,205
395,CoinDCX,Mumbai,Crypto,80,0.0,2023-01-11 00:00:00.000000000,Series D,India,244
396,HashiCorp,SF Bay Area,Security,69,0.0,2023-01-11 00:00:00.000000000,Post-IPO,United States,349
397,Embark,Boston,Healthcare,41,0.0,2023-01-11 00:00:00.000000000,Series B,United States,94
398,Intrinsic,SF Bay Area,Other,40,0.2,2023-01-11 00:00:00.000000000,Acquired,United States,0
399,Citizen,New York City,Consumer,33,0.0,2023-01-11 00:00:00.000000000,Series C,United States,133
400,Carta,SF Bay Area,HR,0,0.1,2023-01-11 00:00:00.000000000,Series G,United States,1100
401,Limeade,Seattle,HR,0,0.15,2023-01-11 00:00:00.000000000,Series C,United States,33
402,Oyster,Charlotte,HR,0,0.0,2023-01-11 00:00:00.000000000,Series C,United States,224
403,Paddle,London,Finance,0,0.08,2023-01-11 00:00:00.000000000,Series D,United Kingdom,293
404,Coinbase,SF Bay Area,Crypto,950,0.2,2023-01-10 00:00:00.000000000,Post-IPO,United States,549
405,Informatica,SF Bay Area,Data,450,0.07,2023-01-10 00:00:00.000000000,Post-IPO,United States,0
406,Blend,SF Bay Area,Finance,340,0.28,2023-01-10 00:00:00.000000000,Post-IPO,United States,665
407,Till Payments,Sydney,Finance,120,0.0,2023-01-10 00:00:00.000000000,Series C,Australia,95
408,ConsenSys,New York City,Crypto,100,0.11,2023-01-10 00:00:00.000000000,Series D,United States,726
409,ForeScout,SF Bay Area,Security,100,0.1,2023-01-10 00:00:00.000000000,Post-IPO,United States,125
410,Thinkific,Vancouver,Education,76,0.19,2023-01-10 00:00:00.000000000,Post-IPO,Canada,22
411,LEAD,Mumbai,Education,60,0.0,2023-01-10 00:00:00.000000000,Series E,India,190
412,Parler,Nashville,Consumer,60,0.75,2023-01-10 00:00:00.000000000,Series B,United States,36
413,GoBolt,Toronto,Logistics,55,0.05,2023-01-10 00:00:00.000000000,Series C,Canada,178
414,Relevel,Bengaluru,HR,40,0.2,2023-01-10 00:00:00.000000000,Unknown,India,0
415,StreamElements,Tel Aviv,Media,40,0.2,2023-01-10 00:00:00.000000000,Series B,Israel,111
416,100 Thieves,Los Angeles,Retail,0,0.0,2023-01-10 00:00:00.000000000,Series C,United States,120
417,Beamery,London,HR,0,0.12,2023-01-10 00:00:00.000000000,Series D,United States,223
418,Cart.com,Austin,Retail,0,0.0,2023-01-10 00:00:00.000000000,Unknown,United States,383
419,Citrix,Miami,Infrastructure,0,0.15,2023-01-10 00:00:00.000000000,Acquired,United States,20
420,Esper,Seattle,Other,0,0.21,2023-01-10 00:00:00.000000000,Series A,United States,10
421,WHOOP,Boston,Fitness,0,0.04,2023-01-10 00:00:00.000000000,Series F,United States,404
422,Fate Therapeutics,San Diego,Healthcare,315,0.57,2023-01-09 00:00:00.000000000,Post-IPO,United States,1200
423,Century Therapeutics,Philadelphia,Healthcare,0,0.0,2023-01-09 00:00:00.000000000,Post-IPO,United States,560
424,Editas Medicine,Boston,Healthcare,0,0.2,2023-01-09 00:00:00.000000000,Post-IPO,United States,656
425,Scale AI,SF Bay Area,Data,0,0.2,2023-01-09 00:00:00.000000000,Series E,United States,602
426,Minute Media,London,Media,50,0.1,2023-01-08 00:00:00.000000000,Series I,United Kingdom,160
427,WalkMe,SF Bay Area,Other,43,0.03,2023-01-08 00:00:00.000000000,Post-IPO,United States,307
428,Huobi,Beijing,Crypto,275,0.2,2023-01-06 00:00:00.000000000,Unknown,China,2
429,Carbon Health,SF Bay Area,Healthcare,200,0.0,2023-01-06 00:00:00.000000000,Series D,United States,522
430,Bounce,Bengaluru,Transportation,40,0.05,2023-01-06 00:00:00.000000000,Series D,India,214
431,Aware,Columbus,Security,0,0.0,2023-01-06 00:00:00.000000000,Series C,United States,88
432,CareerArc,Los Angeles,HR,0,0.0,2023-01-06 00:00:00.000000000,Private Equity,United States,30
433,CreateMe,SF Bay Area,Manufacturing,0,0.0,2023-01-06 00:00:00.000000000,Unknown,United States,0
434,Lantern,Grand Rapids,Retail,0,1.0,2023-01-06 00:00:00.000000000,Seed,United States,40
435,Mojo Vision,SF Bay Area,Hardware,0,0.75,2023-01-06 00:00:00.000000000,Series B,United States,204
436,SuperRare,Wilmington,Crypto,0,0.3,2023-01-06 00:00:00.000000000,Series A,United States,9
437,Cue,San Diego,Healthcare,388,0.0,2023-01-05 00:00:00.000000000,Post-IPO,United States,999
438,SoundHound,SF Bay Area,Other,200,0.5,2023-01-05 00:00:00.000000000,Post-IPO,United States,326
439,Socure,Reno,Finance,104,0.19,2023-01-05 00:00:00.000000000,Series E,United States,646
440,Genesis,New York City,Crypto,60,0.3,2023-01-05 00:00:00.000000000,Series A,United States,0
441,Moglix,Singapore,Retail,40,0.02,2023-01-05 00:00:00.000000000,Series F,Singapore,472
442,Twitter,SF Bay Area,Consumer,40,0.0,2023-01-05 00:00:00.000000000,Post-IPO,United States,12900
443,Everlane,SF Bay Area,Retail,30,0.17,2023-01-05 00:00:00.000000000,Unknown,United States,176
444,Pecan AI,Tel Aviv,Data,30,0.25,2023-01-05 00:00:00.000000000,Series C,Israel,116
445,Personetics,New York City,Support,30,0.08,2023-01-05 00:00:00.000000000,Private Equity,United States,178
446,Twine Solutions,Tel Aviv,Hardware,30,0.33,2023-01-05 00:00:00.000000000,Unknown,Israel,50
447,UpScalio,Gurugram,Retail,25,0.15,2023-01-05 00:00:00.000000000,Series B,India,62
448,Attentive,New York City,Marketing,0,0.15,2023-01-05 00:00:00.000000000,Series E,United States,863
449,Compass,New York City,Real Estate,0,0.0,2023-01-05 00:00:00.000000000,Post-IPO,United States,1600
450,Megaport,Brisbane,Infrastructure,0,0.0,2023-01-05 00:00:00.000000000,Post-IPO,Australia,98
451,Stitch Fix,SF Bay Area,Retail,0,0.2,2023-01-05 00:00:00.000000000,Post-IPO,United States,79
452,TCR2,Boston,Healthcare,0,0.4,2023-01-05 00:00:00.000000000,Post-IPO,United States,173
453,Amazon,Seattle,Retail,8000,0.02,2023-01-04 00:00:00.000000000,Post-IPO,United States,108
454,Salesforce,SF Bay Area,Sales,8000,0.1,2023-01-04 00:00:00.000000000,Post-IPO,United States,65
455,Astronomer,Cincinnati,Data,76,0.2,2023-01-04 00:00:00.000000000,Series C,United States,282
456,Kaltura,New York City,Media,75,0.11,2023-01-04 00:00:00.000000000,Post-IPO,United States,166
457,Augury,New York City,Manufacturing,20,0.05,2023-01-04 00:00:00.000000000,Series E,United States,274
458,Butterfly Network,Boston,Healthcare,0,0.25,2023-01-04 00:00:00.000000000,Post-IPO,United States,530
459,Vimeo,New York City,Consumer,0,0.11,2023-01-04 00:00:00.000000000,Post-IPO,United States,450
460,Wyre,SF Bay Area,Crypto,0,1.0,2023-01-04 00:00:00.000000000,Unknown,United States,29
461,Pegasystems,Boston,HR,245,0.04,2023-01-03 00:00:00.000000000,Post-IPO,United States,0
462,Uniphore,SF Bay Area,Support,76,0.1,2023-01-03 00:00:00.000000000,Series E,United States,620
463,Harappa,New Delhi,Education,60,0.3,2023-01-03 00:00:00.000000000,Acquired,India,0
464,ByteDance,Shanghai,Consumer,0,0.1,2023-01-03 00:00:00.000000000,Unknown,China,9400
465,Amdocs,St. Louis,Support,700,0.03,2023-01-02 00:00:00.000000000,Post-IPO,United States,0
466,Bilibili,Shanghai,Media,0,0.3,2022-12-27 00:00:00.000000000,Post-IPO,China,3700
467,Octopus Network,Beau Vallon,Crypto,0,0.4,2022-12-27 00:00:00.000000000,Series A,Seychelles,8
468,PayU,Amsterdam,Finance,150,0.06,2022-12-26 00:00:00.000000000,Acquired,Netherlands,0
469,Element,London,Other,0,0.15,2022-12-25 00:00:00.000000000,Series B,United Kingdom,96
470,Willow,Sydney,Real Estate,99,0.22,2022-12-23 00:00:00.000000000,Unknown,Australia,0
471,Back Market,Paris,Retail,93,0.13,2022-12-23 00:00:00.000000000,Series E,France,1000
472,Zoopla,London,Real Estate,50,0.0,2022-12-23 00:00:00.000000000,Series C,United Kingdom,25
473,Qualcomm,San Diego,Hardware,153,0.0,2022-12-22 00:00:00.000000000,Post-IPO,United States,0
474,TuSimple,San Diego,Transportation,350,0.25,2022-12-21 00:00:00.000000000,Post-IPO,United States,648
475,Lendis,Berlin,Other,0,0.5,2022-12-21 00:00:00.000000000,Series A,Germany,90
476,Chope,Singapore,Food,65,0.24,2022-12-20 00:00:00.000000000,Series E,Singapore,50
477,Briza,Toronto,Finance,26,0.4,2022-12-20 00:00:00.000000000,Series A,Canada,10
478,StreetBees,London,Data,0,0.0,2022-12-20 00:00:00.000000000,Unknown,United Kingdom,63
479,Zhihu,Beijing,Consumer,0,0.1,2022-12-20 00:00:00.000000000,Series F,China,892
480,Homebot,Denver,Real Estate,18,0.13,2022-12-19 00:00:00.000000000,Acquired,United States,4
481,Health IQ,SF Bay Area,Healthcare,0,0.0,2022-12-19 00:00:00.000000000,Series D,United States,136
482,Xiaomi,Beijing,Consumer,0,0.0,2022-12-19 00:00:00.000000000,Post-IPO,United States,7400
483,YourGrocer,Melbourne,Food,0,1.0,2022-12-19 00:00:00.000000000,Unknown,Australia,2
484,Tomorrow,Hamburg,Finance,30,0.25,2022-12-16 00:00:00.000000000,Unknown,Germany,29
485,Revelate,Montreal,Data,24,0.3,2022-12-16 00:00:00.000000000,Series A,Canada,26
486,E Inc.,Toronto,Transportation,0,0.0,2022-12-16 00:00:00.000000000,Post-IPO,Canada,0
487,Autograph,Los Angeles,Crypto,0,0.0,2022-12-16 00:00:00.000000000,Series B,United States,205
488,Improbable,London,Other,0,0.1,2022-12-16 00:00:00.000000000,Unknown,United Kingdom,704
489,Modern Treasury,SF Bay Area,Finance,0,0.18,2022-12-16 00:00:00.000000000,Series C,United States,183
490,Reach,Calgary,Retail,0,0.12,2022-12-16 00:00:00.000000000,Series A,Canada,30
491,SonderMind,Denver,Healthcare,0,0.15,2022-12-16 00:00:00.000000000,Series C,United States,183
492,BigCommerce,Austin,Retail,180,0.13,2022-12-15 00:00:00.000000000,Post-IPO,United States,224
493,Freshworks,SF Bay Area,Support,90,0.02,2022-12-15 00:00:00.000000000,Post-IPO,United States,484
494,LeafLink,New York City,Other,80,0.31,2022-12-15 00:00:00.000000000,Series C,United States,379
495,Workmotion,Berlin,HR,60,0.2,2022-12-15 00:00:00.000000000,Series B,United States,76
496,Apollo,SF Bay Area,Product,0,0.15,2022-12-15 00:00:00.000000000,Series D,United States,183
497,JD.ID,Jakarta,Retail,200,0.3,2022-12-14 00:00:00.000000000,Post-IPO,Indonesia,5100
498,GoStudent,Vienna,Education,100,0.0,2022-12-14 00:00:00.000000000,Series D,Austria,686
499,Quanergy Systems,SF Bay Area,Transportation,72,0.0,2022-12-14 00:00:00.000000000,Post-IPO,United States,175
500,Headspace,Los Angeles,Healthcare,50,0.04,2022-12-14 00:00:00.000000000,Unknown,United States,215
501,ChowNow,Los Angeles,Food,40,0.1,2022-12-14 00:00:00.000000000,Series C,United States,64
502,Landing,Birmingham,Real Estate,0,0.0,2022-12-14 00:00:00.000000000,Series C,United States,347
503,Thumbtack,SF Bay Area,Consumer,160,0.14,2022-12-13 00:00:00.000000000,Series I,United States,698
504,Edgio,Phoenix,Infrastructure,95,0.1,2022-12-13 00:00:00.000000000,Post-IPO,United States,462
505,Komodo Health,SF Bay Area,Healthcare,78,0.09,2022-12-13 00:00:00.000000000,Series E,United States,514
506,Viant,Los Angeles,Marketing,46,0.13,2022-12-13 00:00:00.000000000,Post-IPO,United States,0
507,TaxBit,Salt Lake City,Crypto,0,0.0,2022-12-13 00:00:00.000000000,Series B,United States,235
508,Pluralsight,Salt Lake City,Education,400,0.2,2022-12-12 00:00:00.000000000,Acquired,United States,192
509,Freshly,Phoenix,Food,329,0.0,2022-12-12 00:00:00.000000000,Acquired,United States,107
510,Balto,St. Louis,Sales,35,0.0,2022-12-12 00:00:00.000000000,Series B,United States,51
511,Caribou,Washington D.C.,Finance,0,0.0,2022-12-12 00:00:00.000000000,Series C,United States,189
512,Outschool,SF Bay Area,Education,43,0.25,2022-12-10 00:00:00.000000000,Series D,United States,240
513,Xentral,Munich,Product,20,0.1,2022-12-10 00:00:00.000000000,Series B,Germany,94
514,Autobooks,Detroit,Finance,0,0.0,2022-12-10 00:00:00.000000000,Series C,United States,97
515,Convene,New York City,Real Estate,0,0.0,2022-12-10 00:00:00.000000000,Unknown,United States,281
516,PharmEasy,Mumbai,Healthcare,0,0.0,2022-12-10 00:00:00.000000000,Unknown,India,1600
517,Playtika,Tel Aviv,Consumer,600,0.15,2022-12-09 00:00:00.000000000,Post-IPO,Israel,0
518,Share Now,Berlin,Transportation,150,0.36,2022-12-09 00:00:00.000000000,Acquired,Germany,0
519,Alice,Sao Paulo,Healthcare,113,0.16,2022-12-09 00:00:00.000000000,Series C,Brazil,174
520,Primer,London,Finance,85,0.33,2022-12-09 00:00:00.000000000,Series B,United Kingdom,73
521,OneFootball,Berlin,Marketing,62,0.115,2022-12-09 00:00:00.000000000,Series D,Germany,442
522,C2FO,Kansas City,Finance,20,0.02,2022-12-09 00:00:00.000000000,Series H,United States,537
523,Brodmann17,Tel Aviv,Other,0,1.0,2022-12-09 00:00:00.000000000,Series A,Israel,25
524,Digital Surge,Brisbane,Crypto,0,1.0,2022-12-09 00:00:00.000000000,Unknown,Australia,0
525,N-able Technologies,Raleigh,Other,0,0.0,2022-12-09 00:00:00.000000000,Post-IPO,United States,225
526,ZenLedger,Seattle,Crypto,0,0.1,2022-12-09 00:00:00.000000000,Series B,United States,25
527,Airtable,SF Bay Area,Product,254,0.2,2022-12-08 00:00:00.000000000,Series F,United States,1400
528,Swiggy,Bengaluru,Food,250,0.03,2022-12-08 00:00:00.000000000,Unknown,India,3600
529,Glints,Singapore,HR,198,0.18,2022-12-08 00:00:00.000000000,Series D,Singapore,82
530,Buser,Sao Paulo,Transportation,160,0.3,2022-12-08 00:00:00.000000000,Series C,Brazil,138
531,BlackLine,Los Angeles,Finance,95,0.05,2022-12-08 00:00:00.000000000,Private Equity,United States,220
532,Chrono24,Karlsruhe,Retail,80,0.0,2022-12-08 00:00:00.000000000,Series C,Germany,205
533,Otonomo,Tel Aviv,Transportation,80,0.5,2022-12-08 00:00:00.000000000,Post-IPO,Israel,231
534,TechTarget,Boston,Marketing,60,0.05,2022-12-08 00:00:00.000000000,Post-IPO,United States,115
535,Inscripta,Boulder,Healthcare,43,0.0,2022-12-08 00:00:00.000000000,Series E,United States,459
536,CyCognito,SF Bay Area,Security,30,0.15,2022-12-08 00:00:00.000000000,Series C,United States,153
537,Armis,SF Bay Area,Security,25,0.04,2022-12-08 00:00:00.000000000,Private Equity,United States,537
538,Bakkt,Atlanta,Crypto,0,0.15,2022-12-08 00:00:00.000000000,Post-IPO,United States,932
539,Blue Apron,New York City,Food,0,0.1,2022-12-08 00:00:00.000000000,Post-IPO,United States,352
540,FireHydrant,New York City,Infrastructure,0,0.0,2022-12-08 00:00:00.000000000,Series B,United States,32
541,Lenovo,Raleigh,Hardware,0,0.0,2022-12-08 00:00:00.000000000,Post-IPO,United States,850
542,Nerdy,St. Louis,Education,0,0.17,2022-12-08 00:00:00.000000000,Post-IPO,United States,150
543,Vanta,SF Bay Area,Security,0,0.14,2022-12-08 00:00:00.000000000,Series B,United States,203
544,Vedantu,Bengaluru,Education,385,0.0,2022-12-07 00:00:00.000000000,Series E,India,292
545,Loft,Sao Paulo,Real Estate,312,0.12,2022-12-07 00:00:00.000000000,Unknown,Brazil,788
546,Plaid,SF Bay Area,Finance,260,0.2,2022-12-07 00:00:00.000000000,Series D,United States,734
547,Motive,SF Bay Area,Transportation,237,0.06,2022-12-07 00:00:00.000000000,Series F,United States,567
548,Recur Forever,Miami,Crypto,235,0.0,2022-12-07 00:00:00.000000000,Series A,United States,55
549,Relativity,Chicago,Legal,150,0.1,2022-12-07 00:00:00.000000000,Private Equity,United States,125
550,Voi,Stockholm,Transportation,130,0.13,2022-12-07 00:00:00.000000000,Series D,United States,515
551,Integral Ad Science,New York City,Marketing,120,0.13,2022-12-07 00:00:00.000000000,Acquired,United States,116
552,Houzz,SF Bay Area,Consumer,95,0.08,2022-12-07 00:00:00.000000000,Series E,United States,613
553,Grover,Berlin,Retail,40,0.1,2022-12-07 00:00:00.000000000,Unknown,United States,2300
554,Lev,New York City,Real Estate,30,0.3,2022-12-07 00:00:00.000000000,Series B,United States,114
555,Lithic,New York City,Finance,27,0.18,2022-12-07 00:00:00.000000000,Series C,United States,115
556,CircleCI,SF Bay Area,Product,0,0.17,2022-12-07 00:00:00.000000000,Series F,United States,315
557,Sayurbox,Jakarta,Food,0,0.05,2022-12-07 00:00:00.000000000,Series C,Indonesia,139
558,Zywave,Milwaukee,Finance,0,0.0,2022-12-07 00:00:00.000000000,Acquired,United States,0
559,Doma,SF Bay Area,Finance,515,0.4,2022-12-06 00:00:00.000000000,Post-IPO,United States,679
560,Intel,SF Bay Area,Hardware,201,0.0,2022-12-06 00:00:00.000000000,Post-IPO,United States,12
561,BuzzFeed,New York City,Media,180,0.12,2022-12-06 00:00:00.000000000,Post-IPO,United States,696
562,Weedmaps,Los Angeles,Other,175,0.25,2022-12-06 00:00:00.000000000,Acquired,United States,0
563,Adobe,SF Bay Area,Marketing,100,0.0,2022-12-06 00:00:00.000000000,Post-IPO,United States,2
564,Chipper Cash,SF Bay Area,Finance,50,0.125,2022-12-06 00:00:00.000000000,Series C,United States,302
565,Stash,New York City,Finance,32,0.08,2022-12-06 00:00:00.000000000,Unknown,United States,480
566,Perimeter 81,Tel Aviv,Security,20,0.08,2022-12-06 00:00:00.000000000,Series C,Israel,165
567,Koinly,London,Crypto,16,0.14,2022-12-06 00:00:00.000000000,Unknown,United Kingdom,0
568,Bridgit,Waterloo,Construction,13,0.13,2022-12-06 00:00:00.000000000,Series B,Canada,36
569,Filevine,Salt Lake City,Legal,0,0.0,2022-12-06 00:00:00.000000000,Series D,United States,226
570,Moove,Lagos,Transportation,0,0.0,2022-12-06 00:00:00.000000000,Unknown,Nigeria,630
571,Nextiva,Phoenix,Other,0,0.17,2022-12-06 00:00:00.000000000,Private Equity,United States,200
572,OneStudyTeam,Boston,Healthcare,0,0.25,2022-12-06 00:00:00.000000000,Series D,United States,479
573,Zuora,SF Bay Area,Finance,0,0.11,2022-12-06 00:00:00.000000000,Post-IPO,United States,647
574,Swyftx,Brisbane,Crypto,90,0.4,2022-12-05 00:00:00.000000000,Unknown,Australia,0
575,Aqua Security,Boston,Security,65,0.1,2022-12-05 00:00:00.000000000,Series E,United States,265
576,DataRails,Tel Aviv,Finance,30,0.18,2022-12-05 00:00:00.000000000,Series B,Israel,103
577,Elemy,SF Bay Area,Healthcare,0,0.0,2022-12-05 00:00:00.000000000,Series B,United States,323
578,Route,Lehi,Retail,0,0.0,2022-12-05 00:00:00.000000000,Unknown,United States,481
579,Thinkific,Vancouver,Education,0,0.0,2022-12-05 00:00:00.000000000,Post-IPO,Canada,22
580,OYO,Gurugram,Travel,600,0.0,2022-12-03 00:00:00.000000000,Series F,India,4000
581,HealthifyMe,Bengaluru,Fitness,150,0.0,2022-12-03 00:00:00.000000000,Series C,India,100
582,Bybit,Singapore,Crypto,0,0.3,2022-12-03 00:00:00.000000000,Unknown,Singapore,0
583,Cognyte,Tel Aviv,Security,100,0.05,2022-12-02 00:00:00.000000000,Unknown,Israel,0
584,ShareChat,Bengaluru,Consumer,100,0.0,2022-12-02 00:00:00.000000000,Unknown,India,1700
585,Polly,Burlington,Finance,47,0.15,2022-12-02 00:00:00.000000000,Series C,United States,184
586,Homebound,SF Bay Area,Real Estate,0,0.0,2022-12-02 00:00:00.000000000,Unknown,United States,128
587,Lora DiCarlo,Bend,Consumer,0,1.0,2022-12-02 00:00:00.000000000,Unknown,United States,9
588,Carousell,Singapore,Retail,110,0.1,2022-12-01 00:00:00.000000000,Private Equity,Singapore,372
589,Bizzabo,New York City,Marketing,100,0.37,2022-12-01 00:00:00.000000000,Series E,United States,194
590,BloomTech,SF Bay Area,Education,88,0.5,2022-12-01 00:00:00.000000000,Unknown,United States,0
591,Netlify,SF Bay Area,Product,48,0.16,2022-12-01 00:00:00.000000000,Series D,United States,212
592,Springbig,Miami,Sales,37,0.23,2022-12-01 00:00:00.000000000,Post-IPO,United States,32
593,Podium,Lehi,Support,0,0.12,2022-12-01 00:00:00.000000000,Series D,United States,419
594,SQZ Biotech,Boston,Healthcare,0,0.6,2022-12-01 00:00:00.000000000,Post-IPO,United States,229
595,Strava,SF Bay Area,Fitness,0,0.14,2022-12-01 00:00:00.000000000,Series F,United States,151
596,Synlogic,Boston,Healthcare,0,0.25,2022-12-01 00:00:00.000000000,Post-IPO,United States,321
597,Yapily,London,Finance,0,0.0,2022-12-01 00:00:00.000000000,Series A,United Kingdom,69
598,DoorDash,SF Bay Area,Food,1250,0.06,2022-11-30 00:00:00.000000000,Post-IPO,United States,2500
599,Kraken,SF Bay Area,Crypto,1100,0.3,2022-11-30 00:00:00.000000000,Unknown,United States,134
600,Happy Money,Los Angeles,Finance,158,0.34,2022-11-30 00:00:00.000000000,Series D,United States,191
601,Ula,Jakarta,Retail,134,0.23,2022-11-30 00:00:00.000000000,Series B,Indonesia,140
602,Wonder,New York City,Food,130,0.07,2022-11-30 00:00:00.000000000,Series B,United States,850
603,StudySmarter,Berlin,Education,70,0.0,2022-11-30 00:00:00.000000000,Series A,Germany,64
604,Grin,Sacramento,Marketing,60,0.13,2022-11-30 00:00:00.000000000,Series B,United States,145
605,Ualá,Buenos Aires,Finance,53,0.03,2022-11-30 00:00:00.000000000,Series D,Argentina,544
606,Teachmint,Bengaluru,Education,45,0.05,2022-11-30 00:00:00.000000000,Series B,India,118
607,Etermax,Buenos Aires,Other,40,0.0,2022-11-30 00:00:00.000000000,Unknown,Argentina,0
608,Thread,London,Retail,30,0.5,2022-11-30 00:00:00.000000000,Acquired,United Kingdom,40
609,Elastic,SF Bay Area,Data,0,0.13,2022-11-30 00:00:00.000000000,Post-IPO,United States,162
610,Motional,Boston,Transportation,0,0.0,2022-11-30 00:00:00.000000000,Unknown,United States,0
611,Pinterest,SF Bay Area,Consumer,0,0.0,2022-11-30 00:00:00.000000000,Post-IPO,United States,1500
612,Sana,Seattle,Healthcare,0,0.15,2022-11-30 00:00:00.000000000,Series A,United States,700
613,Venafi,Salt Lake City,Security,0,0.0,2022-11-30 00:00:00.000000000,Acquired,United States,167
614,Bitso,Mexico City,Crypto,100,0.0,2022-11-29 00:00:00.000000000,Series C,Mexico,378
615,Lyst,London,Retail,50,0.25,2022-11-29 00:00:00.000000000,Unknown,United Kingdom,144
616,CoinJar,Melbourne,Crypto,10,0.2,2022-11-29 00:00:00.000000000,Unknown,Australia,1
617,Bitfront,SF Bay Area,Crypto,0,1.0,2022-11-29 00:00:00.000000000,Unknown,United States,0
618,Codexis,SF Bay Area,Healthcare,0,0.18,2022-11-29 00:00:00.000000000,Post-IPO,United States,162
619,Firework,SF Bay Area,Retail,0,0.1,2022-11-29 00:00:00.000000000,Series B,United States,269
620,Lazerpay,Lagos,Crypto,0,0.0,2022-11-29 00:00:00.000000000,Unknown,Nigeria,0
621,MessageBird,Amsterdam,Other,0,0.31,2022-11-29 00:00:00.000000000,Series C,Netherlands,1100
622,Plerk,Guadalajara,Finance,0,0.4,2022-11-29 00:00:00.000000000,Series A,Mexico,13
623,Proton.ai,Boston,Sales,0,0.0,2022-11-29 00:00:00.000000000,Series A,United States,20
624,Infarm,Berlin,Other,500,0.5,2022-11-28 00:00:00.000000000,Series D,Germany,604
625,Wildlife Studios,Sao Paulo,Consumer,300,0.2,2022-11-28 00:00:00.000000000,Unknown,Brazil,260
626,Hirect,Bengaluru,Recruiting,200,0.4,2022-11-28 00:00:00.000000000,Series A,India,0
627,ApplyBoard,Waterloo,Education,90,0.06,2022-11-28 00:00:00.000000000,Series D,Canada,483
628,Ajaib,Jakarta,Finance,67,0.08,2022-11-28 00:00:00.000000000,Unknown,Indonesia,245
629,Candy Digital,New York City,Crypto,33,0.33,2022-11-28 00:00:00.000000000,Series A,United States,100
630,ResearchGate,Berlin,Other,25,0.1,2022-11-28 00:00:00.000000000,Series D,Germany,87
631,BlockFi,New York City,Crypto,0,1.0,2022-11-28 00:00:00.000000000,Series E,United States,1000
632,FutureLearn,London,Education,0,0.0,2022-11-28 00:00:00.000000000,Unknown,United Kingdom,50
633,Inspectify,Seattle,Real Estate,0,0.0,2022-11-28 00:00:00.000000000,Series A,United States,11
634,Ledn,Toronto,Crypto,0,0.0,2022-11-28 00:00:00.000000000,Series B,Canada,103
635,NCX,SF Bay Area,Energy,0,0.4,2022-11-28 00:00:00.000000000,Series B,United States,78
636,Change Invest,Amsterdam,Finance,0,0.24,2022-11-27 00:00:00.000000000,Unknown,Netherlands,22
637,Zilch,London,Finance,0,0.0,2022-11-26 00:00:00.000000000,Unknown,United Kingdom,389
638,VerSe Innovation,Bengaluru,Media,150,0.05,2022-11-25 00:00:00.000000000,Series J,India,1700
639,Carwow,London,Transportation,70,0.2,2022-11-25 00:00:00.000000000,Unknown,United Kingdom,157
640,Vendease,Lagos,Food,27,0.09,2022-11-25 00:00:00.000000000,Series A,Nigeria,43
641,Lemon,Buenos Aires,Crypto,100,0.38,2022-11-24 00:00:00.000000000,Series A,Argentina,17
642,Quidax,Lagos,Crypto,20,0.2,2022-11-24 00:00:00.000000000,Unknown,Nigeria,3
643,Menulog,Sydney,Food,0,0.0,2022-11-24 00:00:00.000000000,Acquired,Australia,0
644,Utopia Music,Zug,Media,0,0.0,2022-11-24 00:00:00.000000000,Series B,Switzerland,0
645,Assure,Salt Lake City,Finance,0,1.0,2022-11-23 00:00:00.000000000,Seed,United States,2
646,GoodGood,Toronto,Retail,0,1.0,2022-11-23 00:00:00.000000000,Seed,Canada,6
647,SWVL,Cairo,Transportation,0,0.5,2022-11-23 00:00:00.000000000,Post-IPO,Egypt,264
648,Western Digital,SF Bay Area,Hardware,251,0.0,2022-11-22 00:00:00.000000000,Post-IPO,United States,900
649,SIRCLO,Jakarta,Retail,160,0.08,2022-11-22 00:00:00.000000000,Series B,Indonesia,92
650,Trax,Singapore,Retail,80,0.08,2022-11-22 00:00:00.000000000,Series E,Singapore,1000
651,Flash Coffee,Singapore,Food,0,0.0,2022-11-22 00:00:00.000000000,Series B,Singapore,57
652,Natera,SF Bay Area,Healthcare,0,0.0,2022-11-22 00:00:00.000000000,Post-IPO,United States,809
653,Rapyd,Tel Aviv,Finance,0,0.0,2022-11-22 00:00:00.000000000,Unknown,Israel,770
654,Jumia,Lagos,Retail,900,0.2,2022-11-21 00:00:00.000000000,Post-IPO,Nigeria,1200
655,Kitopi,Dubai,Food,93,0.1,2022-11-21 00:00:00.000000000,Series C,United States,804
656,Devo,Boston,Security,0,0.15,2022-11-21 00:00:00.000000000,Series F,United States,481
657,GloriFi,Dallas,Finance,0,1.0,2022-11-21 00:00:00.000000000,Unknown,United States,0
658,Zomato,Gurugram,Food,100,0.04,2022-11-19 00:00:00.000000000,Series J,India,914
659,Carvana,Phoenix,Transportation,1500,0.08,2022-11-18 00:00:00.000000000,Post-IPO,United States,1600
660,Nuro,SF Bay Area,Transportation,300,0.2,2022-11-18 00:00:00.000000000,Series D,United States,2100
661,Synthego,SF Bay Area,Healthcare,105,0.2,2022-11-18 00:00:00.000000000,Series E,United States,459
662,Splyt,London,Transportation,57,0.0,2022-11-18 00:00:00.000000000,Series B,United Kingdom,34
663,Capitolis,New York City,Finance,0,0.25,2022-11-18 00:00:00.000000000,Series D,United States,281
664,Kavak,Sao Paulo,Transportation,0,0.0,2022-11-18 00:00:00.000000000,Series E,Brazil,1600
665,Metaplex,Chicago,Crypto,0,0.0,2022-11-18 00:00:00.000000000,Unknown,United States,0
666,Ruangguru,Jakarta,Education,0,0.0,2022-11-18 00:00:00.000000000,Unknown,Indonesia,205
667,StoryBlocks,Washington D.C.,Media,0,0.25,2022-11-18 00:00:00.000000000,Acquired,United States,18
668,Unchained Capital,Austin,Crypto,0,0.15,2022-11-18 00:00:00.000000000,Series A,United States,33
669,Roku,SF Bay Area,Media,200,0.07,2022-11-17 00:00:00.000000000,Post-IPO,United States,208
670,Orchard,New York City,Real Estate,180,0.0,2022-11-17 00:00:00.000000000,Series D,United States,472
671,Homepoint,Phoenix,Real Estate,113,0.0,2022-11-17 00:00:00.000000000,Post-IPO,United States,0
672,Juni,Gothenburg,Finance,72,0.33,2022-11-17 00:00:00.000000000,Unknown,Sweden,281
673,Chili Piper,New York City,Sales,58,0.0,2022-11-17 00:00:00.000000000,Series B,United States,54
674,Capitolis,New York City,Finance,37,0.25,2022-11-17 00:00:00.000000000,Series D,United States,281
675,TealBook,Toronto,Other,34,0.19,2022-11-17 00:00:00.000000000,Series B,Canada,73
676,Koho,Toronto,Finance,15,0.04,2022-11-17 00:00:00.000000000,Series D,Canada,278
677,&Open,Dublin,Marketing,9,0.09,2022-11-17 00:00:00.000000000,Series A,Ireland,35
678,Kandji,San Diego,Other,0,0.17,2022-11-17 00:00:00.000000000,Series C,United States,188
679,Morning Brew,New York City,Media,0,0.14,2022-11-17 00:00:00.000000000,Acquired,United States,0
680,Symend,Calgary,Other,0,0.13,2022-11-17 00:00:00.000000000,Series C,Canada,148
681,Amazon,Seattle,Retail,10000,0.03,2022-11-16 00:00:00.000000000,Post-IPO,United States,108
682,Cisco,SF Bay Area,Infrastructure,4100,0.05,2022-11-16 00:00:00.000000000,Post-IPO,United States,2
683,Twiga,Nairobi,Food,211,0.21,2022-11-16 00:00:00.000000000,Series C,Kenya,157
684,Wayflyer,Dublin,Marketing,200,0.4,2022-11-16 00:00:00.000000000,Unknown,Ireland,889
685,SimilarWeb,New York City,Other,120,0.1,2022-11-16 00:00:00.000000000,Post-IPO,United States,235
686,Salsify,Boston,Retail,90,0.11,2022-11-16 00:00:00.000000000,Series F,United States,452
687,Lokalise,Dover,Other,76,0.23,2022-11-16 00:00:00.000000000,Series B,United States,56
688,Yotpo,New York City,Marketing,70,0.09,2022-11-16 00:00:00.000000000,Unknown,United States,436
689,Pear Therapeutics,Boston,Healthcare,59,0.22,2022-11-16 00:00:00.000000000,Post-IPO,United States,409
690,D2L,Waterloo,Education,0,0.05,2022-11-16 00:00:00.000000000,Post-IPO,Canada,168
691,Dance,Berlin,Transportation,0,0.16,2022-11-16 00:00:00.000000000,Unknown,Germany,63
692,Homeward,Austin,Real Estate,0,0.25,2022-11-16 00:00:00.000000000,Unknown,United States,501
693,Hopin,London,Other,0,0.17,2022-11-16 00:00:00.000000000,Series D,United Kingdom,1000
694,Infogrid,London,Other,0,0.0,2022-11-16 00:00:00.000000000,Series A,United Kingdom,15
695,Kite,SF Bay Area,Product,0,1.0,2022-11-16 00:00:00.000000000,Series A,United States,21
696,UiPath,New York City,Data,241,0.06,2022-11-15 00:00:00.000000000,Post-IPO,United States,2000
697,Asana,SF Bay Area,Other,180,0.09,2022-11-15 00:00:00.000000000,Post-IPO,United States,453
698,OwnBackup,New York City,Security,170,0.17,2022-11-15 00:00:00.000000000,Series E,United States,507
699,Deliveroo Australia,Melbourne,Food,120,1.0,2022-11-15 00:00:00.000000000,Post-IPO,Australia,1700
700,Productboard,SF Bay Area,Product,100,0.2,2022-11-15 00:00:00.000000000,Series D,United States,0
701,Properly,Toronto,Real Estate,71,0.0,2022-11-15 00:00:00.000000000,Series B,Canada,154
702,Protocol,SF Bay Area,Media,60,1.0,2022-11-15 00:00:00.000000000,Acquired,United States,0
703,Jimdo,Hamburg,Other,50,0.16,2022-11-15 00:00:00.000000000,Unknown,Germany,28
704,The Zebra,Austin,Finance,50,0.0,2022-11-15 00:00:00.000000000,Series D,United States,256
705,Viber,Luxembourg,Consumer,45,0.08,2022-11-15 00:00:00.000000000,Acquired,Luxembourg,0
706,CaptivateIQ,SF Bay Area,Sales,31,0.1,2022-11-15 00:00:00.000000000,Series C,United States,164
707,Apollo Insurance,Vancouver,Finance,0,0.25,2022-11-15 00:00:00.000000000,Series B,Canada,11
708,Nirvana Money,Miami,Finance,0,1.0,2022-11-15 00:00:00.000000000,Unknown,United States,0
709,Oatly,Malmö,Food,0,0.0,2022-11-15 00:00:00.000000000,Post-IPO,Sweden,441
710,OfferUp,Seattle,Retail,0,0.19,2022-11-15 00:00:00.000000000,Unknown,United States,381
711,Outside,Boulder,Media,0,0.12,2022-11-15 00:00:00.000000000,Series B,United States,174
712,Rubicon Technologies,Lexington,Other,0,0.11,2022-11-15 00:00:00.000000000,Post-IPO,United States,382
713,Tencent,Shenzen,Consumer,0,0.0,2022-11-15 00:00:00.000000000,Post-IPO,China,12600
714,Typeform,Barcelona,Marketing,0,0.0,2022-11-15 00:00:00.000000000,Series C,Spain,187
715,Whispir,Melbourne,Other,0,0.3,2022-11-15 00:00:00.000000000,Post-IPO,Australia,68
716,Illumina,San Diego,Healthcare,500,0.05,2022-11-14 00:00:00.000000000,Post-IPO,United States,28
717,Sema4,Stamford,Healthcare,500,0.0,2022-11-14 00:00:00.000000000,Post-IPO,United States,791
718,iFit,Logan,Fitness,300,0.2,2022-11-14 00:00:00.000000000,Private Equity,United States,200
719,Ribbon,New York City,Real Estate,170,0.85,2022-11-14 00:00:00.000000000,Series C,United States,405
720,Pipedrive,Tallinn,Sales,143,0.15,2022-11-14 00:00:00.000000000,Private Equity,Estonia,90
721,Intercom,SF Bay Area,Support,124,0.13,2022-11-14 00:00:00.000000000,Series D,United States,240
722,Science 37,Los Angeles,Healthcare,90,0.0,2022-11-14 00:00:00.000000000,Post-IPO,United States,347
723,Pear Therapeutics,Boston,Healthcare,59,0.22,2022-11-14 00:00:00.000000000,Post-IPO,United States,409
724,Cardlytics,Atlanta,Marketing,51,0.0,2022-11-14 00:00:00.000000000,Post-IPO,United States,212
725,Cloudinary,SF Bay Area,Media,40,0.08,2022-11-14 00:00:00.000000000,Unknown,United States,100
726,Nestcoin,Lagos,Crypto,30,0.0,2022-11-14 00:00:00.000000000,Seed,Nigeria,6
727,Gokada,Lagos,Transportation,20,0.0,2022-11-14 00:00:00.000000000,Unknown,Nigeria,12
728,Shopee,Jakarta,Food,0,0.0,2022-11-14 00:00:00.000000000,Unknown,Indonesia,0
729,Tricida,SF Bay Area,Healthcare,0,0.57,2022-11-14 00:00:00.000000000,Post-IPO,United States,624
730,Veev,SF Bay Area,Real Estate,100,0.3,2022-11-11 00:00:00.000000000,Series D,United States,597
731,Forto,Berlin,Logistics,60,0.08,2022-11-11 00:00:00.000000000,Series D,United States,593
732,Chipax,Santiago,Finance,0,0.0,2022-11-11 00:00:00.000000000,Seed,Chile,2
733,Juniper,Atlanta,Marketing,0,0.0,2022-11-11 00:00:00.000000000,Acquired,United States,0
734,Offerpad,Phoenix,Real Estate,0,0.07,2022-11-11 00:00:00.000000000,Post-IPO,United States,355
735,GoTo Group,Jakarta,Transportation,1300,0.12,2022-11-10 00:00:00.000000000,Post-IPO,Indonesia,1300
736,Juul,SF Bay Area,Not Available,400,0.3,2022-11-10 00:00:00.000000000,Unknown,United States,1500
737,Blend,SF Bay Area,Finance,100,0.06,2022-11-10 00:00:00.000000000,Post-IPO,United States,665
738,InfluxData,SF Bay Area,Data,65,0.27,2022-11-10 00:00:00.000000000,Series D,United States,119
739,Coinbase,SF Bay Area,Crypto,60,0.0,2022-11-10 00:00:00.000000000,Post-IPO,United States,549
740,SoundHound,SF Bay Area,Other,45,0.1,2022-11-10 00:00:00.000000000,Post-IPO,United States,326
741,Wistia,Boston,Marketing,40,0.0,2022-11-10 00:00:00.000000000,Unknown,United States,18
742,Ocavu,Lehi,Crypto,20,0.48,2022-11-10 00:00:00.000000000,Series A,United States,11
743,Avast,Phoenix,Security,0,0.25,2022-11-10 00:00:00.000000000,Unknown,United States,0
744,Reforge,SF Bay Area,Education,0,0.0,2022-11-10 00:00:00.000000000,Series B,United States,81
745,SendCloud,Eindhoven,Logistics,0,0.1,2022-11-10 00:00:00.000000000,Series C,United States,200
746,Voly,Sydney,Food,0,0.0,2022-11-10 00:00:00.000000000,Seed,Australia,13
747,Wavely,SF Bay Area,HR,0,1.0,2022-11-10 00:00:00.000000000,Unknown,United States,0
748,ZenBusiness,Austin,Other,0,0.0,2022-11-10 00:00:00.000000000,Series C,United States,277
749,Meta,SF Bay Area,Consumer,11000,0.13,2022-11-09 00:00:00.000000000,Post-IPO,United States,26000
750,Redfin,Seattle,Real Estate,862,0.13,2022-11-09 00:00:00.000000000,Post-IPO,United States,320
751,Flyhomes,Seattle,Real Estate,300,0.4,2022-11-09 00:00:00.000000000,Series C,United States,310
752,AvantStay,Los Angeles,Travel,144,0.22,2022-11-09 00:00:00.000000000,Private Equity,United States,686
753,Root Insurance,Columbus,Finance,137,0.2,2022-11-09 00:00:00.000000000,Post-IPO,United States,527
754,Liftoff,SF Bay Area,Marketing,130,0.15,2022-11-09 00:00:00.000000000,Acquired,United States,6
755,Cameo,Chicago,Consumer,80,0.0,2022-11-09 00:00:00.000000000,Unknown,United States,165
756,Plum,Bengaluru,Healthcare,36,0.1,2022-11-09 00:00:00.000000000,Series A,India,20
757,Kabam,SF Bay Area,Consumer,35,0.07,2022-11-09 00:00:00.000000000,Acquired,United States,244
758,HighRadius,Bengaluru,Finance,25,0.0,2022-11-09 00:00:00.000000000,Series C,India,475
759,Namogoo,Tel Aviv,Marketing,25,0.15,2022-11-09 00:00:00.000000000,Series C,United States,69
760,Amobee,SF Bay Area,Marketing,0,0.0,2022-11-09 00:00:00.000000000,Acquired,United States,72
761,CloudFactory,Nairobi,Data,0,0.12,2022-11-09 00:00:00.000000000,Private Equity,Kenya,78
762,Coursera,SF Bay Area,Education,0,0.0,2022-11-09 00:00:00.000000000,Post-IPO,United States,458
763,Faze Medicines,Boston,Healthcare,0,1.0,2022-11-09 00:00:00.000000000,Series B,United States,81
764,RingCentral,SF Bay Area,Other,0,0.1,2022-11-09 00:00:00.000000000,Post-IPO,United States,44
765,Spotify,Stockholm,Media,0,0.0,2022-11-09 00:00:00.000000000,Post-IPO,Sweden,2100
766,EverBridge,Boston,Other,200,0.0,2022-11-08 00:00:00.000000000,Post-IPO,United States,476
767,Repertoire Immune Medicines,Boston,Healthcare,65,0.5,2022-11-08 00:00:00.000000000,Series B,United States,257
768,Astra,SF Bay Area,Aerospace,0,0.16,2022-11-08 00:00:00.000000000,Post-IPO,United States,300
769,Beat,Athens,Transportation,0,0.0,2022-11-08 00:00:00.000000000,Series B,Greece,6
770,NanoString,Seattle,Healthcare,0,0.1,2022-11-08 00:00:00.000000000,Post-IPO,United States,731
771,SADA,Los Angeles,Other,0,0.11,2022-11-08 00:00:00.000000000,Acquired,United States,0
772,Salesforce,SF Bay Area,Sales,1000,0.01,2022-11-07 00:00:00.000000000,Post-IPO,United States,65
773,Unacademy,Bengaluru,Education,350,0.1,2022-11-07 00:00:00.000000000,Series H,India,838
774,Zendesk,SF Bay Area,Support,350,0.05,2022-11-07 00:00:00.000000000,Acquired,United States,85
775,Dock,Sao Paulo,Finance,190,0.12,2022-11-07 00:00:00.000000000,Private Equity,Brazil,280
776,Code42,Minneapolis,Security,0,0.15,2022-11-07 00:00:00.000000000,Unknown,United States,137
777,Domino Data Lab,SF Bay Area,Data,0,0.25,2022-11-07 00:00:00.000000000,Series F,United States,223
778,Varonis,New York City,Security,110,0.05,2022-11-06 00:00:00.000000000,Post-IPO,United States,30
779,Brainly,Krakow,Education,25,0.0,2022-11-06 00:00:00.000000000,Series D,Poland,148
780,Practically,Hyderabad,Education,0,0.0,2022-11-06 00:00:00.000000000,Unknown,India,14
781,Twitter,SF Bay Area,Consumer,3700,0.5,2022-11-04 00:00:00.000000000,Post-IPO,United States,12900
782,Udaan,Bengaluru,Retail,350,0.0,2022-11-04 00:00:00.000000000,Unknown,India,1500
783,Planetly,Berlin,Other,200,1.0,2022-11-04 00:00:00.000000000,Acquired,Germany,5
784,KoinWorks,Jakarta,Finance,70,0.08,2022-11-04 00:00:00.000000000,Unknown,Indonesia,180
785,Exodus,Nebraska City,Crypto,59,0.22,2022-11-04 00:00:00.000000000,Unknown,United States,60
786,Benitago Group,New York City,Retail,0,0.14,2022-11-04 00:00:00.000000000,Series A,United States,380
787,Mythical Games,Los Angeles,Crypto,0,0.1,2022-11-04 00:00:00.000000000,Series C,United States,260
788,Stripe,SF Bay Area,Finance,1000,0.14,2022-11-03 00:00:00.000000000,Series H,United States,2300
789,Lyft,SF Bay Area,Transportation,700,0.13,2022-11-03 00:00:00.000000000,Post-IPO,United States,4900
790,LendingTree,Charlotte,Finance,200,0.0,2022-11-03 00:00:00.000000000,Post-IPO,United States,0
791,Pleo,Copenhagen,Finance,150,0.15,2022-11-03 00:00:00.000000000,Series C,United States,428
792,Delivery Hero,Berlin,Food,100,0.0,2022-11-03 00:00:00.000000000,Post-IPO,Germany,8300
793,Shippo,SF Bay Area,Logistics,60,0.2,2022-11-03 00:00:00.000000000,Series E,United States,154
794,Affirm,SF Bay Area,Finance,0,0.01,2022-11-03 00:00:00.000000000,Post-IPO,United States,1500
795,CloudKitchens,Los Angeles,Real Estate,0,0.0,2022-11-03 00:00:00.000000000,Unknown,United States,1300
796,LiveRamp,SF Bay Area,Marketing,0,0.1,2022-11-03 00:00:00.000000000,Post-IPO,United States,16
797,Provi,Chicago,Food,0,0.0,2022-11-03 00:00:00.000000000,Series C,United States,150
798,Rubius,Boston,Healthcare,0,0.82,2022-11-03 00:00:00.000000000,Post-IPO,United States,445
799,Snapdocs,SF Bay Area,Real Estate,0,0.15,2022-11-03 00:00:00.000000000,Series D,United States,253
800,Studio,SF Bay Area,Education,0,0.0,2022-11-03 00:00:00.000000000,Series B,United States,50
801,Opendoor,SF Bay Area,Real Estate,550,0.18,2022-11-02 00:00:00.000000000,Post-IPO,United States,1900
802,Chime,SF Bay Area,Finance,156,0.12,2022-11-02 00:00:00.000000000,Series G,United States,2300
803,Chargebee,SF Bay Area,Finance,142,0.1,2022-11-02 00:00:00.000000000,Series H,United States,468
804,Dapper Labs,Vancouver,Crypto,134,0.22,2022-11-02 00:00:00.000000000,Series D,United States,607
805,Checkmarx,Tel Aviv,Security,100,0.1,2022-11-02 00:00:00.000000000,Series C,Israel,92
806,Smava,Berlin,Finance,100,0.15,2022-11-02 00:00:00.000000000,Unknown,Germany,188
807,Iron Ox,SF Bay Area,Food,50,0.5,2022-11-02 00:00:00.000000000,Series C,United States,103
808,Digital Currency Gruop,Stamford,Crypto,10,0.13,2022-11-02 00:00:00.000000000,Unknown,United States,0
809,BitMEX,Non-U.S.,Crypto,0,0.3,2022-11-02 00:00:00.000000000,Seed,Seychelles,0
810,Signicat,Trondheim,Security,0,0.0,2022-11-02 00:00:00.000000000,Acquired,Norway,8
811,Argo AI,SF Bay Area,Transportation,259,0.0,2022-11-01 00:00:00.000000000,Unknown,United States,3600
812,Booking.com,Grand Rapids,Travel,226,0.0,2022-11-01 00:00:00.000000000,Acquired,United States,0
813,Oracle,SF Bay Area,Other,200,0.0,2022-11-01 00:00:00.000000000,Post-IPO,United States,0
814,Upstart,SF Bay Area,Finance,140,0.07,2022-11-01 00:00:00.000000000,Post-IPO,United States,144
815,Gem,SF Bay Area,Recruiting,100,0.33,2022-11-01 00:00:00.000000000,Series C,United States,148
816,Oda,Oslo,Food,70,0.18,2022-11-01 00:00:00.000000000,Unknown,Sweden,377
817,Oda,Oslo,Food,70,0.18,2022-11-01 00:00:00.000000000,Unknown,Norway,477
818,Oda,Oslo,Food,70,0.06,2022-11-01 00:00:00.000000000,Unknown,Norway,479
819,Hootsuite,Vancouver,Marketing,50,0.05,2022-11-01 00:00:00.000000000,Series C,Canada,300
820,Drop,Toronto,Marketing,24,0.0,2022-11-01 00:00:00.000000000,Series B,Canada,56
821,Tapps Games,Sao Paulo,Consumer,10,0.0,2022-11-01 00:00:00.000000000,Unknown,Brazil,0
822,Brightline,SF Bay Area,Healthcare,0,0.2,2022-11-01 00:00:00.000000000,Series C,United States,212
823,Help Scout,Boston,Support,0,0.0,2022-11-01 00:00:00.000000000,Series B,United States,28
824,Kry,Stockholm,Healthcare,300,0.1,2022-10-31 00:00:00.000000000,Series D,Sweden,568
825,Notarize,Boston,Legal,60,0.0,2022-10-31 00:00:00.000000000,Series D,United States,213
826,EquityZen,New York City,Finance,30,0.27,2022-10-31 00:00:00.000000000,Series B,United States,11
827,Equitybee,SF Bay Area,Finance,25,0.2,2022-10-31 00:00:00.000000000,Series B,United States,85
828,Dukaan,Bengaluru,Retail,23,0.0,2022-10-31 00:00:00.000000000,Series A,India,17
829,Amazon,Seattle,Retail,150,0.0,2022-10-28 00:00:00.000000000,Post-IPO,United States,108
830,Fifth Season,Pittsburgh,Food,100,1.0,2022-10-28 00:00:00.000000000,Series B,United States,35
831,Advata,Seattle,Healthcare,32,0.21,2022-10-28 00:00:00.000000000,Unknown,United States,0
832,Springlane,Düsseldorf,Food,0,0.35,2022-10-28 00:00:00.000000000,Series C,Germany,11
833,RenoRun,Montreal,Construction,210,0.43,2022-10-27 00:00:00.000000000,Series B,Canada,163
834,Recharge,Los Angeles,Finance,84,0.17,2022-10-27 00:00:00.000000000,Series B,United States,277
835,Lattice,SF Bay Area,HR,13,0.0,2022-10-27 00:00:00.000000000,Series F,United States,328
836,GoNuts,Mumbai,Media,0,1.0,2022-10-27 00:00:00.000000000,Seed,India,0
837,Spreetail,Austin,Retail,0,0.0,2022-10-27 00:00:00.000000000,Unknown,United States,0
838,MindBody,San Luis Obispo,Fitness,400,0.15,2022-10-26 00:00:00.000000000,Post-IPO,United States,114
839,Zillow,Seattle,Real Estate,300,0.05,2022-10-26 00:00:00.000000000,Post-IPO,United States,97
840,Cybereason,Boston,Security,200,0.17,2022-10-26 00:00:00.000000000,Series F,United States,750
841,Argo AI,Pittsburgh,Transportation,173,0.0,2022-10-26 00:00:00.000000000,Unknown,United States,3600
842,GoFundMe,SF Bay Area,Finance,94,0.12,2022-10-26 00:00:00.000000000,Series A,United States,0
843,Carbon,SF Bay Area,Hardware,0,0.0,2022-10-26 00:00:00.000000000,Series E,United States,683
844,Fundbox,SF Bay Area,Finance,150,0.42,2022-10-25 00:00:00.000000000,Series D,United States,553
845,Embroker,SF Bay Area,Finance,30,0.12,2022-10-25 00:00:00.000000000,Series C,United States,142
846,Vee,Tel Aviv,HR,17,0.5,2022-10-25 00:00:00.000000000,Seed,Israel,15
847,Callisto Media,SF Bay Area,Media,0,0.35,2022-10-25 00:00:00.000000000,Series D,United States,0
848,Convoy,Seattle,Logistics,0,0.0,2022-10-25 00:00:00.000000000,Series E,United States,1100
849,Philips,Amsterdam,Healthcare,4000,0.05,2022-10-24 00:00:00.000000000,Post-IPO,Netherlands,0
850,Cerebral,SF Bay Area,Healthcare,400,0.2,2022-10-24 00:00:00.000000000,Series C,United States,462
851,Snyk,Boston,Security,198,0.14,2022-10-24 00:00:00.000000000,Series F,United States,849
852,McMakler,Berlin,Real Estate,100,0.0,2022-10-24 00:00:00.000000000,Unknown,Germany,214
853,Unico,Sao Paulo,Other,50,0.04,2022-10-24 00:00:00.000000000,Series D,Brazil,336
854,OrCam,Jerusalem,Healthcare,62,0.16,2022-10-23 00:00:00.000000000,Unknown,Israel,86
855,Antidote Health,Tel Aviv,Healthcare,23,0.38,2022-10-23 00:00:00.000000000,Unknown,Israel,36
856,Khoros,Austin,Sales,120,0.1,2022-10-21 00:00:00.000000000,Private Equity,United States,138
857,F5,Seattle,Security,100,0.01,2022-10-21 00:00:00.000000000,Post-IPO,United States,0
858,Elinvar,Berlin,Finance,43,0.33,2022-10-21 00:00:00.000000000,Unknown,Germany,30
859,Synapsica,New Delhi,Healthcare,30,0.3,2022-10-21 00:00:00.000000000,Series A,India,4
860,Volta,SF Bay Area,Transportation,0,0.54,2022-10-21 00:00:00.000000000,Post-IPO,United States,575
861,Hotmart,Belo Horizonte,Marketing,227,0.12,2022-10-20 00:00:00.000000000,Series C,Brazil,127
862,Zeus Living,SF Bay Area,Real Estate,64,0.46,2022-10-20 00:00:00.000000000,Series C,United States,151
863,Loom,SF Bay Area,Product,23,0.11,2022-10-20 00:00:00.000000000,Series C,United States,203
864,Sales Boomerang,Baltimore,Sales,20,0.0,2022-10-20 00:00:00.000000000,Private Equity,United States,5
865,Arrival,London,Transportation,0,0.0,2022-10-20 00:00:00.000000000,Post-IPO,United Kingdom,629
866,Roofstock,SF Bay Area,Real Estate,0,0.2,2022-10-20 00:00:00.000000000,Series E,United States,365
867,Starry,Boston,Other,0,0.5,2022-10-20 00:00:00.000000000,Post-IPO,United States,260
868,Gopuff,Philadelphia,Food,250,0.0,2022-10-19 00:00:00.000000000,Series H,United States,3400
869,AtoB,SF Bay Area,Finance,32,0.3,2022-10-19 00:00:00.000000000,Series B,United States,177
870,InfoSum,London,Security,20,0.12,2022-10-19 00:00:00.000000000,Series B,United Kingdom,88
871,Clever Real Estate,St. Louis,Real Estate,0,0.0,2022-10-19 00:00:00.000000000,Series B,United States,13
872,Collibra,Brussels,Data,0,0.0,2022-10-19 00:00:00.000000000,Series G,Belgium,596
873,Side,SF Bay Area,Real Estate,0,0.0,2022-10-19 00:00:00.000000000,Unknown,United States,313
874,Faire,SF Bay Area,Retail,84,0.07,2022-10-18 00:00:00.000000000,Series G,United States,1700
875,Leafly,Seattle,Retail,56,0.21,2022-10-18 00:00:00.000000000,Post-IPO,United States,71
876,Ada Health,Berlin,Healthcare,50,0.0,2022-10-17 00:00:00.000000000,Series B,Germany,189
877,Tiendanube,Buenos Aires,Marketing,50,0.05,2022-10-17 00:00:00.000000000,Unknown,Argentina,0
878,Microsoft,Seattle,Other,0,0.0,2022-10-17 00:00:00.000000000,Post-IPO,United States,1
879,Nuri,Berlin,Crypto,0,1.0,2022-10-17 00:00:00.000000000,Series B,Germany,42
880,Flipboard,SF Bay Area,Media,24,0.21,2022-10-16 00:00:00.000000000,Unknown,United States,235
881,Huawei,Shenzen,Hardware,0,0.0,2022-10-16 00:00:00.000000000,Unknown,China,0
882,Clear Capital,Reno,Real Estate,378,0.27,2022-10-14 00:00:00.000000000,Unknown,United States,0
883,Beyond Meat,Los Angeles,Food,200,0.19,2022-10-14 00:00:00.000000000,Post-IPO,United States,122
884,Flux Systems,London,Finance,0,1.0,2022-10-14 00:00:00.000000000,Unknown,United Kingdom,9
885,Qin1,Noida,Education,0,1.0,2022-10-14 00:00:00.000000000,Seed,India,0
886,Salesforce,SF Bay Area,Sales,90,0.0,2022-10-13 00:00:00.000000000,Post-IPO,United States,65
887,Playdots,New York City,Consumer,65,1.0,2022-10-13 00:00:00.000000000,Acquired,United States,10
888,ExtraHop,Seattle,Security,0,0.0,2022-10-13 00:00:00.000000000,Series C,United States,61
889,Byju's,Bengaluru,Education,2500,0.05,2022-10-12 00:00:00.000000000,Private Equity,India,5500
890,6sense,SF Bay Area,Sales,150,0.1,2022-10-12 00:00:00.000000000,Series E,United States,426
891,Sinch,Stockholm,Other,150,0.0,2022-10-12 00:00:00.000000000,Post-IPO,Sweden,1500
892,FrontRow,Bengaluru,Education,130,0.75,2022-10-12 00:00:00.000000000,Series A,India,17
893,Noom,New York City,Healthcare,500,0.1,2022-10-11 00:00:00.000000000,Series F,United States,657
894,MX,Lehi,Finance,200,0.0,2022-10-11 00:00:00.000000000,Series C,United States,450
895,Brex,SF Bay Area,Finance,136,0.11,2022-10-11 00:00:00.000000000,Series D,United States,1500
896,Pacaso,SF Bay Area,Real Estate,100,0.3,2022-10-11 00:00:00.000000000,Series C,United States,217
897,Sketch,The Hague,Other,80,0.0,2022-10-11 00:00:00.000000000,Series A,Netherlands,20
898,Udacity,SF Bay Area,Education,55,0.13,2022-10-11 00:00:00.000000000,Unknown,United States,235
899,Linkfire,Copenhagen,Marketing,35,0.35,2022-10-11 00:00:00.000000000,Seed,Denmark,2
900,Emitwise,London,Energy,0,0.0,2022-10-11 00:00:00.000000000,Series A,United Kingdom,16
901,GSR,Hong Kong,Crypto Currency,0,0.0,2022-10-11 00:00:00.000000000,Unknown,Hong Kong,0
902,VanHack,Vancouver,HR,0,0.0,2022-10-11 00:00:00.000000000,Seed,United States,0
903,HelloFresh,SF Bay Area,Food,611,0.0,2022-10-10 00:00:00.000000000,Post-IPO,United States,367
904,Momentive,SF Bay Area,Marketing,180,0.11,2022-10-10 00:00:00.000000000,Post-IPO,United States,1100
905,Pavilion Data,SF Bay Area,Infrastructure,96,0.96,2022-10-10 00:00:00.000000000,Series D,United States,103
906,Redesign Health,New York City,Healthcare,67,0.2,2022-10-10 00:00:00.000000000,Series C,United States,315
907,Nyriad,Austin,Infrastructure,0,0.33,2022-10-10 00:00:00.000000000,Unknown,United States,58
908,BioMarin,SF Bay Area,Healthcare,120,0.04,2022-10-07 00:00:00.000000000,Post-IPO,United States,585
909,Rev.com,Austin,Data,85,0.0,2022-10-07 00:00:00.000000000,Series D,United States,30
910,Crypto.com,Singapore,Crypto,2000,0.3,2022-10-06 00:00:00.000000000,Unknown,Singapore,156
911,Peloton,New York City,Fitness,500,0.12,2022-10-06 00:00:00.000000000,Post-IPO,United States,1900
912,Landing,Birmingham,Real Estate,110,0.0,2022-10-06 00:00:00.000000000,Series C,United States.,347
913,Turnitin,SF Bay Area,Education,51,0.05,2022-10-06 00:00:00.000000000,Acquired,United States,0
914,Impossible Foods,SF Bay Area,Food,50,0.06,2022-10-06 00:00:00.000000000,Series H,United States,1900
915,Atome,Singapore,Finance,0,0.0,2022-10-06 00:00:00.000000000,Unknown,Singapore,645
916,First AML,Auckland,Finance,0,0.0,2022-10-06 00:00:00.000000000,Series B,New Zealand,29
917,Foresight Insurance,SF Bay Area,Finance,0,0.4,2022-10-06 00:00:00.000000000,Series B,United States,58
918,Spotify,Stockholm,Media,0,0.0,2022-10-06 00:00:00.000000000,Post-IPO,Sweden,2100
919,Built In,Chicago,Recruiting,50,0.25,2022-10-05 00:00:00.000000000,Series C,United States,29
920,TwinStrand,Seattle,Healthcare,0,0.5,2022-10-05 00:00:00.000000000,Series B,United States,73
921,8x8,SF Bay Area,Support,200,0.09,2022-10-04 00:00:00.000000000,Post-IPO,United States,253
922,Homie,Salt Lake City,Real Estate,40,0.13,2022-10-04 00:00:00.000000000,Series B,United States,35
923,Fivetran,SF Bay Area,Data,0,0.05,2022-10-04 00:00:00.000000000,Series D,United States,0
924,Xendit,Jakarta,Finance,0,0.05,2022-10-04 00:00:00.000000000,Series D,Indonesia,534
925,Zoomo,Sydney,Transportation,0,0.16,2022-10-04 00:00:00.000000000,Series B,Australia,105
926,ActiveCampaign,Chicago,Marketing,0,0.15,2022-10-03 00:00:00.000000000,Series C,United States,360
927,Tempo,SF Bay Area,Fitness,0,0.0,2022-10-03 00:00:00.000000000,Series C,United States,298
928,WazirX,Mumbai,Crypto,60,0.4,2022-10-02 00:00:00.000000000,Acquired,India,0
929,Spin,SF Bay Area,Transportation,78,0.1,2022-09-30 00:00:00.000000000,Acquired,United States,8
930,Carsome,Kuala Lumpur,Transportation,0,0.1,2022-09-30 00:00:00.000000000,Series E,Malaysia,607
931,Pastel,SF Bay Area,Food,0,1.0,2022-09-30 00:00:00.000000000,Unknown,United States,0
932,Truepill,SF Bay Area,Healthcare,0,0.0,2022-09-30 00:00:00.000000000,Series D,United States,255
933,Westwing,Munich,Retail,125,0.0,2022-09-29 00:00:00.000000000,Post-IPO,Germany,237
934,Mux,SF Bay Area,Infrastructure,40,0.2,2022-09-29 00:00:00.000000000,Series D,United States,173
935,Solarisbank,Berlin,Finance,0,0.1,2022-09-29 00:00:00.000000000,Unknown,Germany,385
936,Zenjob,Berlin,HR,0,0.0,2022-09-29 00:00:00.000000000,Series D,Germany,107
937,DocuSign,SF Bay Area,Sales,671,0.09,2022-09-28 00:00:00.000000000,Post-IPO,United States,536
938,Front,SF Bay Area,Support,0,0.0,2022-09-28 00:00:00.000000000,Series D,United States,203
939,Volta,SF Bay Area,Transportation,0,0.1,2022-09-28 00:00:00.000000000,Post-IPO,United States,575
940,Divvy Homes,SF Bay Area,Real Estate,40,0.12,2022-09-27 00:00:00.000000000,Series B,United States,180
941,Graphcore,Bristol,Data,0,0.0,2022-09-27 00:00:00.000000000,Unknown,United Kingdom,692
942,Instacart,SF Bay Area,Food,0,0.0,2022-09-24 00:00:00.000000000,Unknown,United States,2900
943,Konfio,Mexico City,Finance,180,0.0,2022-09-23 00:00:00.000000000,Series E,United States,706
944,Moss,Berlin,Fin-Tech,70,0.15,2022-09-23 00:00:00.000000000,Series B,Germany,150
945,Foxtrot,Chicago,Food,26,0.035,2022-09-23 00:00:00.000000000,Series C,United States,166
946,Truiloo,Vancouver,Security,24,0.05,2022-09-23 00:00:00.000000000,Series D,Canada,474
947,Pesto,SF Bay Area,Other,0,1.0,2022-09-23 00:00:00.000000000,Seed,United States,6
948,NYDIG,New York City,Crypto,110,0.33,2022-09-22 00:00:00.000000000,Private Equity,United States,1400
949,Klarna,Stockholm,Finance,100,0.0,2022-09-22 00:00:00.000000000,Unknown,Sweden,3700
950,Made.com,London,Retail,0,0.35,2022-09-22 00:00:00.000000000,Series D,United Kingdom,136
951,Kitty Hawk,SF Bay Area,Aerospace,100,1.0,2022-09-21 00:00:00.000000000,Unknown,United States,1
952,Candidate Labs,SF Bay Area,HR,0,0.0,2022-09-21 00:00:00.000000000,Seed,United States,5
953,Compass,New York City,Real Estate,271,0.0,2022-09-20 00:00:00.000000000,Post-IPO,United States,1600
954,Curative,Los Angeles,Healthcare,109,0.0,2022-09-20 00:00:00.000000000,Seed,United States,8
955,Ada,Toronto,Support,78,0.16,2022-09-20 00:00:00.000000000,Series C,Canada,190
956,99,Sao Paulo,Transportation,75,0.02,2022-09-20 00:00:00.000000000,Acquired,Brazil,244
957,Ouster,SF Bay Area,Transportation,0,0.1,2022-09-20 00:00:00.000000000,Post-IPO,United States,282
958,Zappos,Las Vegas,Retail,0,0.04,2022-09-20 00:00:00.000000000,Acquired,United States,62
959,Ola,Bengaluru,Transportation,200,0.0,2022-09-19 00:00:00.000000000,Series J,India,5000
960,Vesalius Therapeutics,Boston,Healthcare,29,0.43,2022-09-19 00:00:00.000000000,Series B,United States,75
961,VideoAmp,Los Angeles,Marketing,0,0.02,2022-09-19 00:00:00.000000000,Series F,United States,456
962,Shopee,Jakarta,Food,0,0.0,2022-09-18 00:00:00.000000000,Unknown,Indonesia,0
963,Clear,Bengaluru,Finance,190,0.2,2022-09-16 00:00:00.000000000,Series C,India,140
964,TrueLayer,London,Finance,40,0.1,2022-09-16 00:00:00.000000000,Series E,United States,271
965,LivePerson,New York City,Support,193,0.11,2022-09-15 00:00:00.000000000,Post-IPO,United States,42
966,Acast,Stockholm,Media,70,0.15,2022-09-15 00:00:00.000000000,Post-IPO,Sweden,126
967,WorkRamp,SF Bay Area,HR,35,0.2,2022-09-15 00:00:00.000000000,Series C,United States,67
968,DayTwo,SF Bay Area,Healthcare,0,0.0,2022-09-15 00:00:00.000000000,Series B,United States,90
969,NextRoll,SF Bay Area,Marketing,0,0.07,2022-09-15 00:00:00.000000000,Unknown,United States,108
970,Twilio,SF Bay Area,Other,800,0.11,2022-09-14 00:00:00.000000000,Post-IPO,United States,614
971,Pitch,Berlin,Marketing,59,0.3,2022-09-14 00:00:00.000000000,Series B,Germany,137
972,Infarm,Berlin,Other,50,0.05,2022-09-14 00:00:00.000000000,Series D,Germany,604
973,Netflix,SF Bay Area,Media,30,0.0,2022-09-14 00:00:00.000000000,Post-IPO,United States,121900
974,Bitrise,Budapest,Infrastructure,0,0.14,2022-09-14 00:00:00.000000000,Series C,Hungary,83
975,Rubius,Boston,Healthcare,160,0.75,2022-09-13 00:00:00.000000000,Post-IPO,United States,445
976,Checkout.com,London,Finance,100,0.05,2022-09-13 00:00:00.000000000,Series D,United Kingdom,1800
977,Taboola,New York City,Marketing,100,0.06,2022-09-13 00:00:00.000000000,Post-IPO,United States,445
978,Patreon,SF Bay Area,Media,80,0.17,2022-09-13 00:00:00.000000000,Series F,United States,413
979,FullStory,Atlanta,Marketing,0,0.12,2022-09-13 00:00:00.000000000,Unknown,United States,197
980,Propzy,Ho Chi Minh City,Real Estate,0,1.0,2022-09-13 00:00:00.000000000,Series A,Vietnam,33
981,Quicko,Sao Paulo,Transportation,60,0.0,2022-09-12 00:00:00.000000000,Acquired,Brazil,28
982,Mode Analytics,SF Bay Area,Data,25,0.0,2022-09-12 00:00:00.000000000,Series D,United States,81
983,Compete,Tel Aviv,HR,11,0.28,2022-09-12 00:00:00.000000000,Series A,Israel,17
984,Karbon,SF Bay Area,Other,0,0.23,2022-09-12 00:00:00.000000000,Series B,United States,91
985,Rent the Runway,New York City,Retail,0,0.24,2022-09-12 00:00:00.000000000,Post-IPO,United States,526
986,Sama,SF Bay Area,Data,0,0.0,2022-09-12 00:00:00.000000000,Series B,United States,84
987,SkipTheDishes,Winnipeg,Food,350,0.0,2022-09-09 00:00:00.000000000,Acquired,Canada,6
988,Brighte,Sydney,Energy,58,0.0,2022-09-09 00:00:00.000000000,Series C,Australia,145
989,Patreon,SF Bay Area,Media,5,0.0,2022-09-09 00:00:00.000000000,Series F,United States,413
990,Amber Group,Hong Kong,Crypto,0,0.1,2022-09-09 00:00:00.000000000,Series B,Hong Kong,328
991,Capiter,Cairo,Finance,0,0.0,2022-09-09 00:00:00.000000000,Series A,Egypt,33
992,CommonBond,New York City,Finance,0,1.0,2022-09-09 00:00:00.000000000,Series D,United States,125
993,DreamBox Learning,Seattle,Education,0,0.0,2022-09-09 00:00:00.000000000,Acquired,United States,175
994,Flowhub,Denver,Retail,0,0.15,2022-09-09 00:00:00.000000000,Unknown,United States,45
995,Lido Learning,Mumbai,Education,0,1.0,2022-09-09 00:00:00.000000000,Series C,India,20
996,GoStudent,Vienna,Education,200,0.0,2022-09-08 00:00:00.000000000,Series D,Austria,686
997,Pomelo Fashion,Bangkok,Retail,55,0.08,2022-09-08 00:00:00.000000000,Unknown,Thailand,120
998,Genome Medical,SF Bay Area,Healthcare,23,0.0,2022-09-08 00:00:00.000000000,Series C,United States,120
999,BigBear.ai,Baltimore,Data,0,0.07,2022-09-08 00:00:00.000000000,Post-IPO,United States,200
1000,Realtor.com,SF Bay Area,Real Estate,0,0.0,2022-09-08 00:00:00.000000000,Acquired,United States,0
1001,Simple Feast,Copenhagen,Food,150,1.0,2022-09-07 00:00:00.000000000,Unknown,Denmark,173
1002,Foodpanda,Singapore,Food,60,0.0,2022-09-07 00:00:00.000000000,Acquired,Singapore,749
1003,Uber,Vilnius,Transportation,60,0.0,2022-09-07 00:00:00.000000000,Post-IPO,Lithuania,24700
1004,Rupeek,Bengaluru,Finance,50,0.0,2022-09-07 00:00:00.000000000,Unknown,India,172
1005,Intercom,SF Bay Area,Support,49,0.05,2022-09-07 00:00:00.000000000,Series D,United States,240
1006,Pendo,Raleigh,Product,45,0.05,2022-09-07 00:00:00.000000000,Series F,United States,469
1007,Demandbase,SF Bay Area,Sales,27,0.03,2022-09-07 00:00:00.000000000,Series H,United States,143
1008,Firebolt,Tel Aviv,Data,0,0.0,2022-09-07 00:00:00.000000000,Series C,Israel,264
1009,Medly,New York City,Healthcare,0,0.5,2022-09-07 00:00:00.000000000,Series C,United States,100
1010,Xsight Labs,Tel Aviv,Other,0,0.0,2022-09-07 00:00:00.000000000,Series D,Israel,100
1011,Brave Care,Portland,Healthcare,40,0.33,2022-09-06 00:00:00.000000000,Series B,United States,42
1012,Lawgeex,Tel Aviv,Legal,30,0.33,2022-09-06 00:00:00.000000000,Series C,Israel,41
1013,Juniper Square,SF Bay Area,Real Estate,0,0.14,2022-09-06 00:00:00.000000000,Series C,United States,108
1014,Medium,SF Bay Area,Media,0,0.25,2022-09-06 00:00:00.000000000,Unknown,United States,163
1015,Kuda,Lagos,Finance,23,0.05,2022-09-02 00:00:00.000000000,Series B,Nigeria,91
1016,Alerzo,Ibadan,Retail,0,0.0,2022-09-02 00:00:00.000000000,Series B,Nigeria,16
1017,Sea,Singapore,Consumer,0,0.0,2022-09-02 00:00:00.000000000,Post-IPO,Singapore,8600
1018,2TM,Sao Paulo,Crypto,100,0.15,2022-09-01 00:00:00.000000000,Unknown,Brazil,250
1019,Innovaccer,SF Bay Area,Healthcare,90,0.08,2022-09-01 00:00:00.000000000,Series E,United States,379
1020,Shopify,Ottawa,Retail,70,0.0,2022-09-01 00:00:00.000000000,Post-IPO,Canada,122
1021,Urban Sports Club,Berlin,Fitness,55,0.15,2022-09-01 00:00:00.000000000,Unknown,Germany,95
1022,Hedvig,Stockholm,Finance,12,0.0,2022-09-01 00:00:00.000000000,Series B,Sweden,67
1023,Snap,Los Angeles,Consumer,1280,0.2,2022-08-31 00:00:00.000000000,Post-IPO,United States,4900
1024,GoodRx,Los Angeles,Healthcare,140,0.16,2022-08-31 00:00:00.000000000,Post-IPO,United States,910
1025,Smava,Berlin,Finance,100,0.1,2022-08-31 00:00:00.000000000,Unknown,Germany,188
1026,Hippo Insurance,SF Bay Area,Finance,70,0.1,2022-08-31 00:00:00.000000000,Post-IPO,United States,1300
1027,Clari,SF Bay Area,Sales,45,0.0,2022-08-31 00:00:00.000000000,Series F,United States,496
1028,Koo,Bengaluru,Consumer,40,0.0,2022-08-31 00:00:00.000000000,Series B,India,44
1029,TCR2,Boston,Healthcare,30,0.2,2022-08-31 00:00:00.000000000,Post-IPO,United States,173
1030,Apartment List,SF Bay Area,Real Estate,29,0.1,2022-08-31 00:00:00.000000000,Series D,United States,169
1031,Artnight,Berlin,Retail,26,0.36,2022-08-31 00:00:00.000000000,Unknown,Germany,0
1032,Snagajob,Richmond,HR,0,0.0,2022-08-31 00:00:00.000000000,Unknown,United States,221
1033,The Wing,New York City,Real Estate,0,1.0,2022-08-31 00:00:00.000000000,Series C,United States,117
1034,Viamo,Accra,Other,0,0.0,2022-08-31 00:00:00.000000000,Unknown,Ghana,0
1035,Electric,New York City,Other,81,0.0,2022-08-30 00:00:00.000000000,Series D,United States,212
1036,Immersive Labs,Bristol,Security,38,0.1,2022-08-30 00:00:00.000000000,Series C,United Kingdom,123
1037,Nate,New York City,Retail,30,0.0,2022-08-30 00:00:00.000000000,Series A,United States,47
1038,Meesho,Bengaluru,Retail,300,0.0,2022-08-29 00:00:00.000000000,Series F,India,1100
1039,54gene,Washington D.C.,Healthcare,95,0.3,2022-08-29 00:00:00.000000000,Series B,United States,44
1040,Fungible,SF Bay Area,Crypto,0,0.0,2022-08-29 00:00:00.000000000,Series C,United States,310
1041,Skillz,SF Bay Area,Consumer,0,0.0,2022-08-29 00:00:00.000000000,Post-IPO,United States,287
1042,Otonomo,Tel Aviv,Transportation,0,0.0,2022-08-28 00:00:00.000000000,Post-IPO,Israel,231
1043,Zymergen,SF Bay Area,Other,80,0.0,2022-08-26 00:00:00.000000000,Acquired,United States,974
1044,Okta,SF Bay Area,Security,24,0.0,2022-08-26 00:00:00.000000000,Post-IPO,United States,1200
1045,Argyle,New York City,Finance,20,0.07,2022-08-26 00:00:00.000000000,Series B,United States,78
1046,Better.com,New York City,Real Estate,0,0.0,2022-08-26 00:00:00.000000000,Unknown,United States,905
1047,FreshDirect,Philadelphia,Food,40,0.0,2022-08-25 00:00:00.000000000,Acquired,United States,280
1048,Loja Integrada,Sao Paulo,Retail,25,0.1,2022-08-25 00:00:00.000000000,Acquired,Brazil,0
1049,Impact.com,Los Angeles,Marketing,0,0.1,2022-08-25 00:00:00.000000000,Private Equity,United States,361
1050,ShipBob,Chicago,Logistics,0,0.07,2022-08-25 00:00:00.000000000,Series E,United States,330
1051,Reali,SF Bay Area,Real Estate,140,1.0,2022-08-24 00:00:00.000000000,Series B,United States,117
1052,Loop,Washington D.C.,Finance,15,0.2,2022-08-24 00:00:00.000000000,Series A,United States,24
1053,Pix,SF Bay Area,Food,0,0.0,2022-08-24 00:00:00.000000000,Unknown,United States,0
1054,Tier Mobility,Berlin,Transportation,180,0.16,2022-08-23 00:00:00.000000000,Series D,Germany,646
1055,Packable,New York City,Retail,138,0.2,2022-08-23 00:00:00.000000000,Unknown,United States,472
1056,Q4,Toronto,Other,50,0.08,2022-08-23 00:00:00.000000000,Series C,Canada,91
1057,Skedulo,SF Bay Area,HR,31,0.08,2022-08-23 00:00:00.000000000,Series C,United States,114
1058,Plato,SF Bay Area,HR,29,0.5,2022-08-23 00:00:00.000000000,Seed,United States,3
1059,DataRobot,Boston,Data,0,0.26,2022-08-23 00:00:00.000000000,Series G,United States,1000
1060,Kogan,Melbourne,Retail,0,0.0,2022-08-23 00:00:00.000000000,Post-IPO,Australia,0
1061,Skillshare,New York City,Education,0,0.0,2022-08-23 00:00:00.000000000,Unknown,United States,136
1062,Mr. Yum,Melbourne,Food,0,0.17,2022-08-22 00:00:00.000000000,Series A,United States,73
1063,ShopX,Bengaluru,Retail,0,1.0,2022-08-22 00:00:00.000000000,Unknown,India,56
1064,NSO,Tel Aviv,Security,100,0.14,2022-08-21 00:00:00.000000000,Seed,Israel,1
1065,Tufin,Boston,Security,55,0.1,2022-08-21 00:00:00.000000000,Acquired,United States,21
1066,Amperity,Seattle,Marketing,13,0.03,2022-08-20 00:00:00.000000000,Series D,United States,187
1067,Wayfair,Boston,Retail,870,0.05,2022-08-19 00:00:00.000000000,Post-IPO,United States,1700
1068,Stripe,SF Bay Area,Finance,50,0.0,2022-08-19 00:00:00.000000000,Series H,United States,2300
1069,Hodlnaut,Singapore,Crypto,40,0.8,2022-08-19 00:00:00.000000000,Unknown,Singapore,0
1070,New Relic,SF Bay Area,Infrastructure,110,0.05,2022-08-18 00:00:00.000000000,Post-IPO,United States,214
1071,Wheel,Austin,Healthcare,35,0.17,2022-08-18 00:00:00.000000000,Series C,United States,215
1072,Petal,New York City,Finance,0,0.0,2022-08-18 00:00:00.000000000,Series D,United States,704
1073,Thirty Madison,New York City,Healthcare,0,0.1,2022-08-18 00:00:00.000000000,Series C,United States,209
1074,Vendasta,Saskatoon,Marketing,0,0.05,2022-08-18 00:00:00.000000000,Series D,Canada,178
1075,Malwarebytes,SF Bay Area,Security,125,0.14,2022-08-17 00:00:00.000000000,Series B,United States,80
1076,Fluke,Sao Paulo,Other,83,0.82,2022-08-17 00:00:00.000000000,Seed,Brazil,0
1077,Swyftx,Brisbane,Crypto,74,0.21,2022-08-17 00:00:00.000000000,Unknown,Australia,0
1078,Tempo Automation,SF Bay Area,Other,54,0.0,2022-08-17 00:00:00.000000000,Series C,United States,74
1079,Genesis,New York City,Crypto,52,0.2,2022-08-17 00:00:00.000000000,Series A,United States,0
1080,Warren,Porto Alegre,Finance,50,0.0,2022-08-17 00:00:00.000000000,Series C,Brazil,104
1081,AlayaCare,Montreal,Healthcare,80,0.14,2022-08-16 00:00:00.000000000,Series D,Canada,293
1082,Pliops,Tel Aviv,Data,12,0.09,2022-08-16 00:00:00.000000000,Series D,Israel,205
1083,Woven,Indianapolis,HR,5,0.15,2022-08-16 00:00:00.000000000,Series A,United States,11
1084,Crypto.com,Singapore,Crypto,0,0.0,2022-08-16 00:00:00.000000000,Unknown,Singapore,156
1085,Edmodo,SF Bay Area,Education,0,1.0,2022-08-16 00:00:00.000000000,Acquired,United States,77
1086,Snapdocs,SF Bay Area,Real Estate,0,0.1,2022-08-16 00:00:00.000000000,Series D,United States,253
1087,Updater,New York City,Other,0,0.0,2022-08-16 00:00:00.000000000,Unknown,United States,467
1088,Sema4,Stamford,Healthcare,250,0.13,2022-08-15 00:00:00.000000000,Post-IPO,United States,791
1089,Blend,SF Bay Area,Finance,220,0.12,2022-08-15 00:00:00.000000000,Post-IPO,United States,665
1090,ContraFect,New York City,Healthcare,16,0.37,2022-08-15 00:00:00.000000000,Post-IPO,United States,380
1091,ThredUp,Chicago,Retail,0,0.15,2022-08-15 00:00:00.000000000,Post-IPO,United States,305
1092,Anywell,Tel Aviv,Real Estate,11,0.0,2022-08-14 00:00:00.000000000,Series A,Israel,15
1093,Almanac,SF Bay Area,Other,0,0.0,2022-08-13 00:00:00.000000000,Series A,United States,45
1094,Peloton,New York City,Fitness,784,0.13,2022-08-12 00:00:00.000000000,Post-IPO,United States,1900
1095,Core Scientific,Austin,Crypto,0,0.1,2022-08-12 00:00:00.000000000,Post-IPO,United States,169
1096,Orbit,SF Bay Area,Other,0,0.0,2022-08-12 00:00:00.000000000,Series A,United States,20
1097,Truepill,SF Bay Area,Healthcare,175,0.33,2022-08-11 00:00:00.000000000,Series D,United States,255
1098,Calm,SF Bay Area,Healthcare,90,0.2,2022-08-11 00:00:00.000000000,Series C,United States,218
1099,FourKites,Chicago,Logistics,60,0.08,2022-08-11 00:00:00.000000000,Series D,United States,201
1100,Marketforce,Nairobi,Retail,54,0.09,2022-08-11 00:00:00.000000000,Series A,Kenya,42
1101,Betterfly,Santiago,Healthcare,30,0.0,2022-08-11 00:00:00.000000000,Series C,Chile,204
1102,Expert360,Sydney,Recruiting,7,0.0,2022-08-11 00:00:00.000000000,Series C,Australia,26
1103,Guidewire,SF Bay Area,Finance,0,0.02,2022-08-11 00:00:00.000000000,Post-IPO,United States,24
1104,Trybe,Sao Paulo,Education,47,0.1,2022-08-10 00:00:00.000000000,Series B,Brazil,40
1105,Permutive,London,Marketing,30,0.12,2022-08-10 00:00:00.000000000,Series C,United Kingdom,105
1106,Homeward,Austin,Real Estate,0,0.2,2022-08-10 00:00:00.000000000,Series B,United States,160
1107,Pollen,London,Marketing,0,1.0,2022-08-10 00:00:00.000000000,Series C,United Kingdom,238
1108,Vedanta Biosciences,Boston,Healthcare,0,0.2,2022-08-10 00:00:00.000000000,Series D,United States,301
1109,GoHealth,Chicago,Healthcare,800,0.2,2022-08-09 00:00:00.000000000,Post-IPO,United States,75
1110,Hootsuite,Vancouver,Marketing,400,0.3,2022-08-09 00:00:00.000000000,Series C,Canada,300
1111,Nutanix,SF Bay Area,Infrastructure,270,0.04,2022-08-09 00:00:00.000000000,Post-IPO,United States,1100
1112,Quanterix,Boston,Healthcare,130,0.25,2022-08-09 00:00:00.000000000,Post-IPO,United States,533
1113,Wix,Tel Aviv,Marketing,100,0.0,2022-08-09 00:00:00.000000000,Post-IPO,Israel,58
1114,MadeiraMadeira,Curitiba,Retail,60,0.03,2022-08-09 00:00:00.000000000,Series E,Brazil,338
1115,Melio,New York City,Finance,60,0.0,2022-08-09 00:00:00.000000000,Series D,United States,504
1116,Linktree,Melbourne,Consumer,50,0.17,2022-08-09 00:00:00.000000000,Unknown,Australia,165
1117,Shogun,SF Bay Area,Retail,48,0.3,2022-08-09 00:00:00.000000000,Series C,United States,114
1118,Absci,Vancouver,Healthcare,40,0.0,2022-08-09 00:00:00.000000000,Post-IPO,United States,237
1119,Dooly,Vancouver,Sales,12,0.0,2022-08-09 00:00:00.000000000,Series B,Canada,102
1120,Berkeley Lights,SF Bay Area,Healthcare,0,0.12,2022-08-09 00:00:00.000000000,Post-IPO,United States,272
1121,DailyPay,New York City,Finance,0,0.15,2022-08-09 00:00:00.000000000,Unknown,United States,814
1122,Haus,SF Bay Area,Food,0,1.0,2022-08-09 00:00:00.000000000,Seed,United States,7
1123,Kaltura,New York City,Media,0,0.1,2022-08-09 00:00:00.000000000,Post-IPO,United States,166
1124,Shift,SF Bay Area,Transportation,0,0.0,2022-08-09 00:00:00.000000000,Post-IPO,United States,504
1125,Sweetgreen,Los Angeles,Food,0,0.0,2022-08-09 00:00:00.000000000,Post-IPO,United States,478
1126,Groupon,Chicago,Retail,500,0.15,2022-08-08 00:00:00.000000000,Post-IPO,United States,1400
1127,Loggi,Sao Paulo,Logistics,500,0.15,2022-08-08 00:00:00.000000000,Series F,Brazil,507
1128,Vroom,New York City,Transportation,337,0.0,2022-08-08 00:00:00.000000000,Post-IPO,United States,1300
1129,Warby Parker,New York City,Consumer,63,0.0,2022-08-08 00:00:00.000000000,Post-IPO,United States,535
1130,Labelbox,SF Bay Area,Data,36,0.0,2022-08-08 00:00:00.000000000,Series D,United States,188
1131,Perion,Tel Aviv,Marketing,20,0.05,2022-08-08 00:00:00.000000000,Post-IPO,Israel,76
1132,Daily Harvest,New York City,Food,0,0.15,2022-08-08 00:00:00.000000000,Series D,United States,120
1133,DataRobot,Boston,Data,0,0.0,2022-08-08 00:00:00.000000000,Series G,United States,1000
1134,iRobot,Boston,Consumer,140,0.1,2022-08-05 00:00:00.000000000,Acquired,United States,30
1135,Mejuri,Toronto,Retail,50,0.1,2022-08-05 00:00:00.000000000,Series B,Canada,28
1136,Uberflip,Toronto,Marketing,31,0.17,2022-08-05 00:00:00.000000000,Series A,Canada,42
1137,Slync,Dallas,Logistics,0,0.0,2022-08-05 00:00:00.000000000,Series B,United States,76
1138,Talkdesk,SF Bay Area,Support,0,0.0,2022-08-05 00:00:00.000000000,Series D,United States,497
1139,Doma,SF Bay Area,Finance,250,0.13,2022-08-04 00:00:00.000000000,Post-IPO,United States,679
1140,Article,Vancouver,Retail,216,0.17,2022-08-04 00:00:00.000000000,Series B,Canada,0
1141,Jam City,Los Angeles,Consumer,200,0.17,2022-08-04 00:00:00.000000000,Unknown,United States,652
1142,10X Genomics,SF Bay Area,Healthcare,100,0.08,2022-08-04 00:00:00.000000000,Post-IPO,United States,242
1143,LEAD,Mumbai,Education,80,0.04,2022-08-04 00:00:00.000000000,Series E,India,166
1144,Zendesk,SF Bay Area,Support,80,0.0,2022-08-04 00:00:00.000000000,Acquired,United States,85
1145,OnDeck,SF Bay Area,Education,73,0.33,2022-08-04 00:00:00.000000000,Series A,United States,20
1146,RenoRun,Montreal,Construction,70,0.12,2022-08-04 00:00:00.000000000,Series B,Canada,163
1147,RingCentral,SF Bay Area,Support,50,0.0,2022-08-04 00:00:00.000000000,Post-IPO,United States,44
1148,Medly,New York City,Healthcare,0,0.16,2022-08-04 00:00:00.000000000,Series C,United States,100
1149,Nomad,Sao Paulo,Finance,0,0.2,2022-08-04 00:00:00.000000000,Series B,Brazil,290
1150,StubHub,SF Bay Area,Consumer,0,0.0,2022-08-04 00:00:00.000000000,Acquired,United States,59
1151,Weedmaps,Los Angeles,Other,0,0.1,2022-08-04 00:00:00.000000000,Acquired,United States,0
1152,Zenius,Jakarta,Education,0,0.3,2022-08-04 00:00:00.000000000,Series B,Indonesia,20
1153,Healthcare.com,Miami,Healthcare,149,0.0,2022-08-03 00:00:00.000000000,Series C,United States,244
1154,Unbounce,Vancouver,Marketing,47,0.2,2022-08-03 00:00:00.000000000,Series A,Canada,39
1155,Beyond Meat,Los Angeles,Food,40,0.0,2022-08-03 00:00:00.000000000,Post-IPO,United States,122
1156,The Org,New Delhi,HR,13,0.0,2022-08-03 00:00:00.000000000,Series B,United States,39
1157,CarDekho,Gurugram,Transportation,0,0.0,2022-08-03 00:00:00.000000000,Series E,India,497
1158,Puppet,Portland,Infrastructure,0,0.15,2022-08-03 00:00:00.000000000,Acquired,United States,189
1159,SoundCloud,Berlin,Consumer,0,0.2,2022-08-03 00:00:00.000000000,Unknown,Germany,542
1160,Talkwalker,Luxembourg,Marketing,0,0.15,2022-08-03 00:00:00.000000000,Private Equity,Luxembourg,9
1161,Robinhood,SF Bay Area,Finance,713,0.23,2022-08-02 00:00:00.000000000,Post-IPO,United States,5600
1162,Latch,New York City,Security,115,0.37,2022-08-02 00:00:00.000000000,Post-IPO,United States,342
1163,Vedantu,Bengaluru,Education,100,0.0,2022-08-02 00:00:00.000000000,Series E,India,292
1164,Seegrid,Pittsburgh,Logistics,90,0.0,2022-08-02 00:00:00.000000000,Unknown,United States,107
1165,Nylas,SF Bay Area,Product,80,0.25,2022-08-02 00:00:00.000000000,Series C,United States,175
1166,Outreach,Seattle,Sales,60,0.05,2022-08-02 00:00:00.000000000,Series G,United States,489
1167,Sendy,Nairobi,Logistics,54,0.2,2022-08-02 00:00:00.000000000,Series B,Kenya,26
1168,The Predictive Index,Boston,HR,40,0.0,2022-08-02 00:00:00.000000000,Acquired,United States,71
1169,Sendy,Nairobi,Logistics,30,0.1,2022-08-02 00:00:00.000000000,Series B,Kenya,26
1170,Stedi,Boulder,Product,23,0.3,2022-08-02 00:00:00.000000000,Series B,United States,75
1171,Glossier,New York City,Retail,19,0.08,2022-08-02 00:00:00.000000000,Series E,United States,266
1172,Butterfly Network,New Haven,Healthcare,0,0.1,2022-08-02 00:00:00.000000000,Post-IPO,United States,530
1173,FuboTV,New York City,Media,0,0.0,2022-08-02 00:00:00.000000000,Post-IPO,United States,151
1174,Hash,Sao Paulo,Finance,58,0.5,2022-08-01 00:00:00.000000000,Series C,Brazil,58
1175,Classkick,Chicago,Education,0,0.0,2022-08-01 00:00:00.000000000,Seed,United States,1
1176,DeHaat,Gurugram,Food,0,0.0,2022-08-01 00:00:00.000000000,Series D,India,194
1177,OnlyFans,London,Media,0,0.0,2022-08-01 00:00:00.000000000,Unknown,United Kingdom,0
1178,Oracle,SF Bay Area,Other,0,0.0,2022-08-01 00:00:00.000000000,Post-IPO,United States,0
1179,Perceptive Automata,Boston,Transportation,0,1.0,2022-08-01 00:00:00.000000000,Series A,United States,20
1180,Whereby,Oslo,Other,0,0.0,2022-08-01 00:00:00.000000000,Series A,Norway,10
1181,Metigy,Sydney,Marketing,75,1.0,2022-07-31 00:00:00.000000000,Series B,Australia,18
1182,Vee,Tel Aviv,HR,16,0.32,2022-07-31 00:00:00.000000000,Seed,Israel,15
1183,Gatherly,Atlanta,Marketing,0,0.5,2022-07-31 00:00:00.000000000,Unknown,United States,0
1184,Ola,Bengaluru,Transportation,1000,0.0,2022-07-29 00:00:00.000000000,Series J,India,5000
1185,ClearCo,Toronto,Fin-Tech,125,0.25,2022-07-29 00:00:00.000000000,Series C,Canada,681
1186,Imperfect Foods,SF Bay Area,Food,50,0.0,2022-07-29 00:00:00.000000000,Series D,United States,229
1187,Shelf Engine,Seattle,Food,43,0.0,2022-07-29 00:00:00.000000000,Series B,United States,58
1188,Quantcast,SF Bay Area,Marketing,40,0.06,2022-07-29 00:00:00.000000000,Series C,United States,65
1189,Sherpa,Toronto,Travel,22,0.0,2022-07-29 00:00:00.000000000,Unknown,Canada,11
1190,CoinFLEX,Victoria,Crypto,0,0.0,2022-07-29 00:00:00.000000000,Unknown,Seychelles,11
1191,MissFresh,Beijing,Food,0,0.0,2022-07-29 00:00:00.000000000,Post-IPO,China,1700
1192,Yabonza,Sydney,Real Estate,0,1.0,2022-07-29 00:00:00.000000000,Unknown,Australia,6
1193,Ribbon,New York City,Real Estate,136,0.0,2022-07-28 00:00:00.000000000,Series C,United States,405
1194,Career Karma,SF Bay Area,Education,60,0.33,2022-07-28 00:00:00.000000000,Series B,United States,51
1195,Metromile,SF Bay Area,Finance,60,0.2,2022-07-28 00:00:00.000000000,Acquired,United States,510
1196,Laybuy,Auckland,Finance,45,0.0,2022-07-28 00:00:00.000000000,Post-IPO,New Zealand,130
1197,Allbirds,SF Bay Area,Retail,23,0.0,2022-07-28 00:00:00.000000000,Post-IPO,United States,202
1198,TextNow,Waterloo,Consumer,22,0.0,2022-07-28 00:00:00.000000000,Seed,Canada,1
1199,2U,Washington D.C.,Education,0,0.2,2022-07-28 00:00:00.000000000,Post-IPO,United States,426
1200,Bikayi,Bengaluru,Retail,0,0.0,2022-07-28 00:00:00.000000000,Series A,India,12
1201,Brainbase,Los Angeles,Sales,0,0.0,2022-07-28 00:00:00.000000000,Series A,United States,12
1202,Change.org,SF Bay Area,Other,0,0.19,2022-07-28 00:00:00.000000000,Series D,United States,72
1203,Tapas Media,SF Bay Area,Media,0,0.0,2022-07-28 00:00:00.000000000,Acquired,United States,17
1204,Turntide,SF Bay Area,Energy,0,0.2,2022-07-28 00:00:00.000000000,Unknown,United States,491
1205,Rivian,Detroit,Transportation,840,0.06,2022-07-27 00:00:00.000000000,Post-IPO,United States,10700
1206,Vox Media,Washington D.C.,Media,39,0.02,2022-07-27 00:00:00.000000000,Series F,United States,307
1207,Coinsquare,Toronto,Crypto,30,0.24,2022-07-27 00:00:00.000000000,Unknown,Canada,98
1208,Skai,Tel Aviv,Marketing,30,0.04,2022-07-27 00:00:00.000000000,Series E,Israel,60
1209,Shopify,Ottawa,Retail,1000,0.1,2022-07-26 00:00:00.000000000,Post-IPO,Canada,122
1210,McMakler,Berlin,Real Estate,90,0.0,2022-07-26 00:00:00.000000000,Unknown,Germany,214
1211,Fiverr,Tel Aviv,Other,60,0.08,2022-07-26 00:00:00.000000000,Post-IPO,Israel,111
1212,InDebted,Sydney,Finance,40,0.17,2022-07-26 00:00:00.000000000,Series B,Australia,41
1213,Outbrain,New York City,Marketing,38,0.03,2022-07-26 00:00:00.000000000,Post-IPO,United States,394
1214,Dover,SF Bay Area,Recruiting,23,0.3,2022-07-26 00:00:00.000000000,Series A,United States,22
1215,Immutable,Sydney,Crypto,20,0.06,2022-07-26 00:00:00.000000000,Series C,Australia,279
1216,Zymergen,SF Bay Area,Other,80,0.0,2022-07-25 00:00:00.000000000,Acquired,United States,974
1217,Pear Therapeutics,Boston,Healthcare,25,0.09,2022-07-25 00:00:00.000000000,Post-IPO,United States,409
1218,Included Health,SF Bay Area,Healthcare,0,0.06,2022-07-25 00:00:00.000000000,Series E,United States,272
1219,Soluto,Tel Aviv,Support,120,1.0,2022-07-24 00:00:00.000000000,Acquired,Israel,18
1220,Eucalyptus,Sydney,Healthcare,50,0.2,2022-07-22 00:00:00.000000000,Series C,United States,69
1221,Workstream,SF Bay Area,HR,45,0.0,2022-07-22 00:00:00.000000000,Series B,United States,58
1222,Quanto,Sao Paulo,Finance,28,0.22,2022-07-22 00:00:00.000000000,Series A,Brazil,15
1223,Clarify Health,SF Bay Area,Healthcare,15,0.05,2022-07-22 00:00:00.000000000,Series D,United States,328
1224,Arete,Miami,Security,0,0.0,2022-07-22 00:00:00.000000000,Unknown,United States,0
1225,Boosted Commerce,Los Angeles,Retail,0,0.05,2022-07-22 00:00:00.000000000,Series B,United States,137
1226,Owlet,Lehi,Healthcare,0,0.0,2022-07-22 00:00:00.000000000,Post-IPO,United States,178
1227,People.ai,SF Bay Area,Sales,0,0.0,2022-07-22 00:00:00.000000000,Series D,United States,200
1228,Wizeline,SF Bay Area,Product,0,0.0,2022-07-22 00:00:00.000000000,Acquired,United States,62
1229,Blockchain.com,London,Crypto,150,0.25,2022-07-21 00:00:00.000000000,Series D,United Kingdom,490
1230,Callisto Media,SF Bay Area,Media,140,0.35,2022-07-21 00:00:00.000000000,Series D,United States,0
1231,AppGate,Miami,Security,130,0.22,2022-07-21 00:00:00.000000000,Post-IPO,United States,0
1232,WHOOP,Boston,Fitness,95,0.15,2022-07-21 00:00:00.000000000,Series F,United States,404
1233,Rad Power Bikes,Seattle,Transportation,63,0.1,2022-07-21 00:00:00.000000000,Series D,United States,329
1234,Lunchbox,New York City,Food,60,0.33,2022-07-21 00:00:00.000000000,Series B,United States,72
1235,RealSelf,Seattle,Healthcare,11,0.05,2022-07-21 00:00:00.000000000,Series B,United States,42
1236,98point6,Seattle,Healthcare,0,0.1,2022-07-21 00:00:00.000000000,Series E,United States,247
1237,Catalyst,New York City,Support,0,0.0,2022-07-21 00:00:00.000000000,Series B,United States,45
1238,InVision,New York City,Product,0,0.5,2022-07-21 00:00:00.000000000,Series F,United States,356
1239,Mural,SF Bay Area,Product,0,0.0,2022-07-21 00:00:00.000000000,Series C,United States,192
1240,Smarsh,Portland,Other,0,0.0,2022-07-21 00:00:00.000000000,Private Equity,United States,0
1241,Just Eat Takeaway,Amsterdam,Food,390,0.0,2022-07-20 00:00:00.000000000,Post-IPO,Netherlands,2800
1242,Flyhomes,Seattle,Real Estate,200,0.2,2022-07-20 00:00:00.000000000,Series C,United States,310
1243,Varo,SF Bay Area,Finance,75,0.0,2022-07-20 00:00:00.000000000,Series E,United States,992
1244,BlueStacks,SF Bay Area,Other,60,0.0,2022-07-20 00:00:00.000000000,Series C,United States,48
1245,Lyft,SF Bay Area,Transportation,60,0.02,2022-07-20 00:00:00.000000000,Post-IPO,United States,4900
1246,Introhive,Ferdericton,Sales,57,0.16,2022-07-20 00:00:00.000000000,Series C,Canada,125
1247,Zencity,Tel Aviv,Other,30,0.2,2022-07-20 00:00:00.000000000,Unknown,Israel,51
1248,Splice,New York City,Media,23,0.0,2022-07-20 00:00:00.000000000,Series D,United States,159
1249,Forma.ai,Toronto,Sales,15,0.09,2022-07-20 00:00:00.000000000,Series B,Canada,58
1250,Arc,SF Bay Area,HR,13,0.0,2022-07-20 00:00:00.000000000,Seed,United States,1
1251,Invitae,SF Bay Area,Healthcare,1000,0.0,2022-07-19 00:00:00.000000000,Post-IPO,United States,2000
1252,Olive,Columbus,Healthcare,450,0.31,2022-07-19 00:00:00.000000000,Series H,United States,856
1253,M1,Chicago,Finance,38,0.0,2022-07-19 00:00:00.000000000,Series E,United States,323
1254,SellerX,Berlin,Retail,28,0.0,2022-07-19 00:00:00.000000000,Unknown,Germany,766
1255,Stint,London,HR,28,0.2,2022-07-19 00:00:00.000000000,Unknown,United Kingdom,0
1256,Capsule,New York City,Healthcare,0,0.13,2022-07-19 00:00:00.000000000,Series D,United States,570
1257,PACT Pharma,SF Bay Area,Healthcare,94,0.0,2022-07-18 00:00:00.000000000,Series C,United States,200
1258,Gemini,New York City,Crypto Currency,68,0.07,2022-07-18 00:00:00.000000000,Unknown,United States,423
1259,Lusha,New York City,Marketing,30,0.1,2022-07-18 00:00:00.000000000,Series B,United States,245
1260,Elemy,SF Bay Area,Healthcare,0,0.0,2022-07-18 00:00:00.000000000,Series B,United States,323
1261,Freshly,New York City,Food,0,0.25,2022-07-18 00:00:00.000000000,Acquired,United States,107
1262,Hydrow,Boston,Fitness,0,0.35,2022-07-18 00:00:00.000000000,Series D,United States,269
1263,TikTok,Los Angeles,Consumer,0,0.0,2022-07-18 00:00:00.000000000,Acquired,United States,0
1264,Vimeo,New York City,Consumer,0,0.06,2022-07-18 00:00:00.000000000,Post-IPO,United States,450
1265,Bright Money,Bengaluru,Finance,100,0.5,2022-07-15 00:00:00.000000000,Series A,India,31
1266,Project44,Chicago,Logistics,63,0.05,2022-07-15 00:00:00.000000000,Unknown,United States,817
1267,Heroes,London,Retail,24,0.2,2022-07-15 00:00:00.000000000,Unknown,United States,265
1268,Aspire,SF Bay Area,Marketing,23,0.0,2022-07-15 00:00:00.000000000,Series A,United States,27
1269,StyleSeat,SF Bay Area,Consumer,0,0.17,2022-07-15 00:00:00.000000000,Series C,United States,40
1270,Zego,London,Finance,85,0.17,2022-07-14 00:00:00.000000000,Series C,United Kingdom,202
1271,The Mom Project,Chicago,HR,54,0.15,2022-07-14 00:00:00.000000000,Series C,United States,115
1272,Unstoppable Domains,SF Bay Area,Crypto Currency,42,0.25,2022-07-14 00:00:00.000000000,Series B,United States,7
1273,Kiavi,SF Bay Area,Real Estate,39,0.07,2022-07-14 00:00:00.000000000,Series E,United States,240
1274,Alto Pharmacy,SF Bay Area,Healthcare,0,0.0,2022-07-14 00:00:00.000000000,Series E,United States,560
1275,Cosuno,Berlin,Construction,0,0.0,2022-07-14 00:00:00.000000000,Series B,Germany,45
1276,OpenSea,New York City,Crypto,0,0.2,2022-07-14 00:00:00.000000000,Series C,United States,427
1277,Wave,Dakar,Finance,300,0.15,2022-07-13 00:00:00.000000000,Series A,Senegal,292
1278,Tonal,SF Bay Area,Fitness,262,0.35,2022-07-13 00:00:00.000000000,Series E,United States,450
1279,Fabric,New York City,Logistics,120,0.4,2022-07-13 00:00:00.000000000,Series C,United States,336
1280,Bryter,Berlin,Product,100,0.3,2022-07-13 00:00:00.000000000,Series B,Germany,89
1281,ChowNow,Los Angeles,Food,100,0.2,2022-07-13 00:00:00.000000000,Series C,United States,64
1282,Involves,Florianópolis,Retail,70,0.18,2022-07-13 00:00:00.000000000,Unknown,Brazil,23
1283,100 Thieves,Los Angeles,Consumer,12,0.0,2022-07-13 00:00:00.000000000,Series C,United States,120
1284,Nuro,SF Bay Area,Transportation,7,0.0,2022-07-13 00:00:00.000000000,Series D,United States,2100
1285,Arrival,London,Transportation,0,0.3,2022-07-13 00:00:00.000000000,Post-IPO,United Kingdom,629
1286,CircleUp,SF Bay Area,Finance,0,0.0,2022-07-13 00:00:00.000000000,Series C,United States,53
1287,Papa,Miami,Other,0,0.15,2022-07-13 00:00:00.000000000,Series D,United States,241
1288,Gopuff,Philadelphia,Food,1500,0.1,2022-07-12 00:00:00.000000000,Series H,United States,3400
1289,Fraazo,Mumbai,Food,150,0.0,2022-07-12 00:00:00.000000000,Series B,India,63
1290,Babylon,London,Healthcare,100,0.0,2022-07-12 00:00:00.000000000,Post-IPO,United Kingdom,1100
1291,Hubilo,SF Bay Area,Marketing,45,0.12,2022-07-12 00:00:00.000000000,Series B,United States,153
1292,Airlift,Lahore,Logistics,0,1.0,2022-07-12 00:00:00.000000000,Series B,Pakistan,109
1293,Microsoft,Seattle,Other,0,0.0,2022-07-12 00:00:00.000000000,Post-IPO,United States,1
1294,Spring,SF Bay Area,Retail,0,0.0,2022-07-12 00:00:00.000000000,Unknown,United States,61
1295,Hopin,London,Other,242,0.29,2022-07-11 00:00:00.000000000,Series D,United Kingdom,1000
1296,Alice,Sao Paulo,Healthcare,63,0.0,2022-07-11 00:00:00.000000000,Series C,Brazil,174
1297,SundaySky,New York City,Marketing,24,0.13,2022-07-11 00:00:00.000000000,Series D,United States,74
1298,Apeel Sciences,Santa Barbara,Food,0,0.0,2022-07-11 00:00:00.000000000,Series E,United States,640
1299,Forward,SF Bay Area,Healthcare,0,0.05,2022-07-11 00:00:00.000000000,Series D,United States,225
1300,Ignite,SF Bay Area,Crypto,0,0.5,2022-07-11 00:00:00.000000000,Series A,United States,9
1301,Nextbite,Denver,Food,0,0.0,2022-07-09 00:00:00.000000000,Series C,United States,150
1302,PuduTech,Shenzen,Other,1500,0.0,2022-07-08 00:00:00.000000000,Series C,China,184
1303,Butler Hospitality,New York City,Food,1000,1.0,2022-07-08 00:00:00.000000000,Series B,United States,50
1304,Calibrate,New York City,Healthcare,156,0.24,2022-07-08 00:00:00.000000000,Series B,United States,127
1305,NextRoll,SF Bay Area,Marketing,0,0.03,2022-07-08 00:00:00.000000000,Unknown,United States,108
1306,Argo AI,Pittsburgh,Transportation,150,0.05,2022-07-07 00:00:00.000000000,Unknown,United States,3600
1307,Next Insurance,SF Bay Area,Finance,150,0.17,2022-07-07 00:00:00.000000000,Series E,United States,881
1308,Adwerx,Durham,Marketing,40,0.0,2022-07-07 00:00:00.000000000,Unknown,United States,20
1309,Emotive,Los Angeles,Marketing,30,0.18,2022-07-07 00:00:00.000000000,Series B,United States,78
1310,Cedar,New York City,Healthcare,0,0.24,2022-07-07 00:00:00.000000000,Series D,United States,351
1311,Twitter,SF Bay Area,Consumer,0,0.0,2022-07-07 00:00:00.000000000,Post-IPO,United States,5700
1312,Remote,SF Bay Area,HR,100,0.09,2022-07-06 00:00:00.000000000,Series C,United States,496
1313,Shopify,Ottawa,Retail,50,0.0,2022-07-06 00:00:00.000000000,Post-IPO,Canada,122
1314,Anodot,Tel Aviv,Data,35,0.27,2022-07-06 00:00:00.000000000,Series C,United States,64
1315,SQream,New York City,Data,30,0.18,2022-07-06 00:00:00.000000000,Series B,United States,77
1316,Motif Foodworks,Boston,Food,0,0.0,2022-07-06 00:00:00.000000000,Series B,United States,344
1317,Loft,Sao Paulo,Real Estate,384,0.12,2022-07-05 00:00:00.000000000,Unknown,Brazil,788
1318,Bizzabo,New York City,Marketing,120,0.3,2022-07-05 00:00:00.000000000,Series E,United States,194
1319,eToro,Tel Aviv,Finance,100,0.06,2022-07-05 00:00:00.000000000,Unknown,Israel,322
1320,Verbit,New York City,Data,80,0.1,2022-07-05 00:00:00.000000000,Series E,United States,569
1321,Outschool,SF Bay Area,Education,31,0.18,2022-07-05 00:00:00.000000000,Series D,United States,240
1322,Bullish,Hong Kong,Crypto,30,0.08,2022-07-05 00:00:00.000000000,Unknown,Hong Kong,300
1323,Transmit Security,Boston,Security,27,0.07,2022-07-05 00:00:00.000000000,Series A,United States,583
1324,Thimble,New York City,Fin-Tech,20,0.33,2022-07-05 00:00:00.000000000,Series A,United States,28
1325,Syte,Tel Aviv,Retail,13,0.08,2022-07-05 00:00:00.000000000,Series C,Israel,71
1326,Lightricks,Jerusalem,Consumer,80,0.12,2022-07-04 00:00:00.000000000,Series D,Israel,335
1327,Chessable,London,Consumer,29,0.0,2022-07-04 00:00:00.000000000,Acquired,United Kingdom,0
1328,Sendle,Sydney,Logistics,27,0.12,2022-07-04 00:00:00.000000000,Series C,Australia,69
1329,Lendis,Berlin,Other,18,0.15,2022-07-04 00:00:00.000000000,Series A,Germany,90
1330,Airtasker,Sydney,Consumer,0,0.0,2022-07-04 00:00:00.000000000,Series C,Australia,26
1331,Gorillas,Berlin,Food,540,0.0,2022-07-03 00:00:00.000000000,Series C,Germany,1300
1332,Celsius,New York City,Crypto,150,0.25,2022-07-03 00:00:00.000000000,Series B,United States,864
1333,LetsGetChecked,New York City,Healthcare,0,0.0,2022-07-02 00:00:00.000000000,Series D,United States,263
1334,Perx Health,Sydney,Healthcare,0,0.0,2022-07-02 00:00:00.000000000,Seed,Australia,2
1335,Zepto,Brisbane,Finance,0,0.1,2022-07-02 00:00:00.000000000,Series A,Australia,25
1336,WanderJaunt,SF Bay Area,Travel,85,1.0,2022-07-01 00:00:00.000000000,Series B,United States,26
1337,Canoo,Los Angeles,Transportation,58,0.06,2022-07-01 00:00:00.000000000,Post-IPO,United States,300
1338,Bamboo Health,Louisville,Healthcare,52,0.0,2022-07-01 00:00:00.000000000,Unknown,United States,0
1339,Teleport,SF Bay Area,Infrastructure,15,0.06,2022-07-01 00:00:00.000000000,Series C,United States,169
1340,Remesh,New York City,Support,0,0.0,2022-07-01 00:00:00.000000000,Series A,United States,38
1341,Enjoy,SF Bay Area,Retail,400,0.18,2022-06-30 00:00:00.000000000,Post-IPO,United States,310
1342,Crejo.Fun,Bengaluru,Education,170,1.0,2022-06-30 00:00:00.000000000,Seed,India,3
1343,Stash Financial,New York City,Finance,40,0.08,2022-06-30 00:00:00.000000000,Unknown,United States,480
1344,Nate,New York City,Retail,30,0.2,2022-06-30 00:00:00.000000000,Series A,United States,47
1345,Snyk,Boston,Security,30,0.0,2022-06-30 00:00:00.000000000,Series F,United States,849
1346,Stream,Boulder,Product,20,0.12,2022-06-30 00:00:00.000000000,Series B,United States,58
1347,Finleap Connect,Hamburg,Finance,14,0.1,2022-06-30 00:00:00.000000000,Series A,Germany,22
1348,Abra,SF Bay Area,Crypto,12,0.05,2022-06-30 00:00:00.000000000,Series C,United States,106
1349,Gavelytics,Los Angeles,Legal,0,1.0,2022-06-30 00:00:00.000000000,Seed,United States,5
1350,Secfi,SF Bay Area,Finance,0,0.0,2022-06-30 00:00:00.000000000,Series A,United States,7
1351,Sundae,SF Bay Area,Real Estate,0,0.15,2022-06-30 00:00:00.000000000,Series C,United States,135
1352,Toppr,Mumbai,Education,350,0.0,2022-06-29 00:00:00.000000000,Acquired,India,112
1353,Unity,SF Bay Area,Other,200,0.04,2022-06-29 00:00:00.000000000,Post-IPO,United States,1300
1354,Niantic,SF Bay Area,Consumer,85,0.08,2022-06-29 00:00:00.000000000,Series D,United States,770
1355,AvantStay,Los Angeles,Travel,80,0.0,2022-06-29 00:00:00.000000000,Unknown,United States,811
1356,Qumulo,Seattle,Data,80,0.19,2022-06-29 00:00:00.000000000,Series E,United States,347
1357,Clutch,Toronto,Transportation,76,0.22,2022-06-29 00:00:00.000000000,Series B,Canada,153
1358,Parallel Wireless,Nashua,Infrastructure,60,0.0,2022-06-29 00:00:00.000000000,Unknown,United States,8
1359,Oye Rickshaw,New Delhi,Transportation,40,0.2,2022-06-29 00:00:00.000000000,Unknown,India,13
1360,Rows,Berlin,Other,18,0.3,2022-06-29 00:00:00.000000000,Series B,Germany,25
1361,Baton,SF Bay Area,Transportation,16,0.25,2022-06-29 00:00:00.000000000,Series A,United States,13
1362,Substack,SF Bay Area,Media,13,0.14,2022-06-29 00:00:00.000000000,Series B,United States,82
1363,CommentSold,Huntsville,Retail,0,0.0,2022-06-29 00:00:00.000000000,Unknown,United States,0
1364,Degreed,SF Bay Area,Education,0,0.15,2022-06-29 00:00:00.000000000,Series D,United States,411
1365,HomeLight,SF Bay Area,Real Estate,0,0.19,2022-06-29 00:00:00.000000000,Series D,United States,743
1366,Modsy,SF Bay Area,Retail,0,0.0,2022-06-29 00:00:00.000000000,Series C,United States,72
1367,Volt Bank,Sydney,Finance,0,1.0,2022-06-29 00:00:00.000000000,Series E,Australia,90
1368,Huobi,Beijing,Crypto,300,0.3,2022-06-28 00:00:00.000000000,Unknown,China,2
1369,WhiteHat Jr,Mumbai,Education,300,0.0,2022-06-28 00:00:00.000000000,Acquired,India,11
1370,StockX,Detroit,Retail,120,0.08,2022-06-28 00:00:00.000000000,Series E,United States,690
1371,Sidecar Health,Los Angeles,Healthcare,110,0.4,2022-06-28 00:00:00.000000000,Series C,United States,163
1372,StockX,Detroit,Retail,80,0.0,2022-06-28 00:00:00.000000000,Series E,United States,690
1373,Vezeeta,Dubai,Healthcare,50,0.1,2022-06-28 00:00:00.000000000,Series D,United Arab Emirates,71
1374,Bright Machines,SF Bay Area,Data,30,0.08,2022-06-28 00:00:00.000000000,Unknown,Israel,250
1375,HealthMatch,Sydney,Healthcare,18,0.5,2022-06-28 00:00:00.000000000,Series B,Australia,20
1376,Booktopia,Sydney,Retail,0,0.0,2022-06-28 00:00:00.000000000,Series A,Australia,23
1377,Nova Benefits,Bengaluru,Healthcare,0,0.3,2022-06-28 00:00:00.000000000,Series B,India,41
1378,Una Brands,Singapore,Retail,0,0.1,2022-06-28 00:00:00.000000000,Series A,Singapore,55
1379,AppLovin,SF Bay Area,Marketing,300,0.12,2022-06-27 00:00:00.000000000,Post-IPO,United States,1600
1380,UiPath,New York City,Data,210,0.05,2022-06-27 00:00:00.000000000,Post-IPO,United States,2000
1381,Udaan,Bengaluru,Retail,180,0.04,2022-06-27 00:00:00.000000000,Unknown,India,1500
1382,Cue,San Diego,Healthcare,170,0.0,2022-06-27 00:00:00.000000000,Post-IPO,United States,999
1383,Banxa,Melbourne,Crypto,70,0.3,2022-06-27 00:00:00.000000000,Post-IPO,Australia,13
1384,SafeGraph,SF Bay Area,Data,27,0.25,2022-06-27 00:00:00.000000000,Series B,United States,61
1385,Amount,Chicago,Finance,0,0.18,2022-06-27 00:00:00.000000000,Unknown,United States,283
1386,Postscript,SF Bay Area,Marketing,43,0.0,2022-06-26 00:00:00.000000000,Series C,United States,106
1387,Bitpanda,Vienna,Crypto,270,0.27,2022-06-24 00:00:00.000000000,Series C,Austria,546
1388,Sunday,Atlanta,Finance,90,0.23,2022-06-24 00:00:00.000000000,Series A,United States,124
1389,Bestow,Dallas,Finance,41,0.14,2022-06-24 00:00:00.000000000,Series C,United States,137
1390,Ethos Life,SF Bay Area,Finance,40,0.12,2022-06-24 00:00:00.000000000,Series D,United States,406
1391,Feather,New York City,Retail,0,0.0,2022-06-24 00:00:00.000000000,Unknown,United States,76
1392,Give Legacy,Boston,Healthcare,0,0.0,2022-06-24 00:00:00.000000000,Series B,United States,45
1393,Netflix,SF Bay Area,Media,300,0.03,2022-06-23 00:00:00.000000000,Post-IPO,United States,121900
1394,Aura,Boston,Security,70,0.09,2022-06-23 00:00:00.000000000,Series F,United States,500
1395,Pipl,Spokane,Security,22,0.13,2022-06-23 00:00:00.000000000,Unknown,United States,19
1396,Vouch,SF Bay Area,Finance,15,0.07,2022-06-23 00:00:00.000000000,Series C,United States,159
1397,Voyage SMS,Los Angeles,Marketing,8,0.13,2022-06-23 00:00:00.000000000,Unknown,United States,10
1398,Esper,Seattle,Other,0,0.12,2022-06-23 00:00:00.000000000,Series A,United States,10
1399,Kune,Nairobi,Food,0,1.0,2022-06-23 00:00:00.000000000,Seed,Kenya,1
1400,Mark43,New York City,Other,0,0.0,2022-06-23 00:00:00.000000000,Series E,United States,229
1401,Orchard,New York City,Real Estate,0,0.1,2022-06-23 00:00:00.000000000,Series D,United States,472
1402,Ro,New York City,Healthcare,0,0.18,2022-06-23 00:00:00.000000000,Unknown,United States,1000
1403,StreamElements,Tel Aviv,Media,0,0.2,2022-06-23 00:00:00.000000000,Series B,Israel,111
1404,MasterClass,SF Bay Area,Education,120,0.2,2022-06-22 00:00:00.000000000,Series E,United States,461
1405,IronNet,Washington D.C.,Security,90,0.35,2022-06-22 00:00:00.000000000,Post-IPO,United States,410
1406,Bungalow,SF Bay Area,Real Estate,70,0.0,2022-06-22 00:00:00.000000000,Series C,United States,171
1407,IronNet,Washington D.C.,Security,55,0.17,2022-06-22 00:00:00.000000000,Post-IPO,United States,410
1408,Sprinklr,New York City,Support,50,0.0,2022-06-22 00:00:00.000000000,Post-IPO,United States,429
1409,Superpedestrian,Boston,Transportation,35,0.07,2022-06-22 00:00:00.000000000,Series C,United States,261
1410,Voi,Stockholm,Transportation,35,0.1,2022-06-22 00:00:00.000000000,Series D,United States,515
1411,Balto,St. Louis,Sales,30,0.0,2022-06-22 00:00:00.000000000,Series B,United States,51
1412,Ritual,Toronto,Food,23,0.16,2022-06-22 00:00:00.000000000,Series C,Canada,134
1413,Mindgeek,Luxembourg,Media,0,0.0,2022-06-22 00:00:00.000000000,Unknown,Luxembourg,0
1414,Voly,Sydney,Food,0,0.5,2022-06-22 00:00:00.000000000,Seed,Australia,13
1415,Ebanx,Curitiba,Finance,340,0.2,2022-06-21 00:00:00.000000000,Series B,Brazil,460
1416,TaskUs,Los Angeles,Support,52,0.0,2022-06-21 00:00:00.000000000,Post-IPO,United States,279
1417,Community,Los Angeles,Marketing,40,0.3,2022-06-21 00:00:00.000000000,Unknown,United States,40
1418,Sourcegraph,SF Bay Area,Product,24,0.08,2022-06-21 00:00:00.000000000,Series D,United States,248
1419,Frubana,Bogota,Food,0,0.03,2022-06-21 00:00:00.000000000,Series C,Colombia,202
1420,SuperLearn,Bengaluru,Education,0,1.0,2022-06-21 00:00:00.000000000,Seed,India,0
1421,Tray.io,SF Bay Area,Data,0,0.1,2022-06-21 00:00:00.000000000,Series C,United States,109
1422,Bybit,Singapore,Crypto,600,0.3,2022-06-20 00:00:00.000000000,Unknown,Singapore,0
1423,SummerBio,SF Bay Area,Healthcare,101,1.0,2022-06-20 00:00:00.000000000,Unknown,United States,7
1424,Trax,Singapore,Retail,100,0.12,2022-06-20 00:00:00.000000000,Series E,Singapore,1000
1425,Aqgromalin,Chennai,Food,80,0.3,2022-06-20 00:00:00.000000000,Unknown,India,12
1426,Bonsai,Toronto,Retail,30,0.55,2022-06-20 00:00:00.000000000,Series A,Canada,27
1427,Brighte,Sydney,Energy,30,0.15,2022-06-20 00:00:00.000000000,Series C,Australia,145
1428,Buzzer,New York City,Media,0,0.2,2022-06-20 00:00:00.000000000,Unknown,United States,32
1429,Bybit,Singapore,Crypto,0,0.0,2022-06-20 00:00:00.000000000,Unknown,Singapore,0
1430,CityMall,Gurugram,Retail,191,0.3,2022-06-19 00:00:00.000000000,Series C,India,112
1431,BitOasis,Dubai,Crypto,9,0.05,2022-06-19 00:00:00.000000000,Series B,United Arab Emirates,30
1432,Unacademy,Bengaluru,Education,150,0.03,2022-06-18 00:00:00.000000000,Series H,India,838
1433,ByteDance,Shanghai,Consumer,150,0.0,2022-06-17 00:00:00.000000000,Unknown,China,9400
1434,Socure,Reno,Finance,69,0.13,2022-06-17 00:00:00.000000000,Series E,United States,646
1435,Finite State,Columbus,Security,16,0.2,2022-06-17 00:00:00.000000000,Series B,United States,49
1436,JOKR,New York City,Food,50,0.05,2022-06-16 00:00:00.000000000,Series B,United States,430
1437,Zumper,SF Bay Area,Real Estate,45,0.15,2022-06-16 00:00:00.000000000,Series D,United States,178
1438,PharmEasy,Mumbai,Healthcare,40,0.0,2022-06-16 00:00:00.000000000,Unknown,India,1600
1439,Circulo Health,Columbus,Healthcare,0,0.5,2022-06-16 00:00:00.000000000,Series A,United States,50
1440,Swappie,Helsinki,Retail,250,0.17,2022-06-15 00:00:00.000000000,Series C,Finland,169
1441,Wealthsimple,Toronto,Finance,159,0.13,2022-06-15 00:00:00.000000000,Unknown,Canada,900
1442,Weee!,SF Bay Area,Food,150,0.1,2022-06-15 00:00:00.000000000,Series E,United States,863
1443,Notarize,Boston,Legal,110,0.25,2022-06-15 00:00:00.000000000,Series D,United States,213
1444,Elementor,Tel Aviv,Media,60,0.15,2022-06-15 00:00:00.000000000,Unknown,Israel,65
1445,Tonkean,SF Bay Area,Other,23,0.23,2022-06-15 00:00:00.000000000,Series B,United States,83
1446,Airtime,Copenhagen,Consumer,15,0.0,2022-06-15 00:00:00.000000000,Unknown,Denmark,7
1447,OpenWeb,Tel Aviv,Media,14,0.05,2022-06-15 00:00:00.000000000,Series E,Israel,223
1448,Swyft,Toronto,Logistics,10,0.3,2022-06-15 00:00:00.000000000,Series A,Canada,20
1449,Crehana,Lima,Education,0,0.0,2022-06-15 00:00:00.000000000,Series B,Peru,93
1450,JetClosing,Seattle,Real Estate,0,1.0,2022-06-15 00:00:00.000000000,Series B,United States,44
1451,Coinbase,SF Bay Area,Crypto,1100,0.18,2022-06-14 00:00:00.000000000,Post-IPO,United States,549
1452,Redfin,Seattle,Real Estate,470,0.08,2022-06-14 00:00:00.000000000,Post-IPO,United States,319
1453,Compass,New York City,Real Estate,450,0.1,2022-06-14 00:00:00.000000000,Post-IPO,United States,1600
1454,Sami,Sao Paulo,Healthcare,75,0.15,2022-06-14 00:00:00.000000000,Unknown,Brazil,36
1455,Breathe,New Delhi,Healthcare,50,0.33,2022-06-14 00:00:00.000000000,Series A,India,6
1456,Hunty,Bogota,HR,30,0.0,2022-06-14 00:00:00.000000000,Seed,Colombia,6
1457,TIFIN,Boulder,Crypto,24,0.1,2022-06-14 00:00:00.000000000,Series D,United States,204
1458,Addi,Bogota,Finance,0,0.0,2022-06-14 00:00:00.000000000,Series C,Colombia,376
1459,Shopee,Singapore,Food,0,0.0,2022-06-14 00:00:00.000000000,Unknown,Singapore,0
1460,BlockFi,New York City,Crypto,250,0.2,2022-06-13 00:00:00.000000000,Series E,United States,1000
1461,Wave Sports and Entertainment,Los Angeles,Media,56,0.33,2022-06-13 00:00:00.000000000,Series B,United States,65
1462,Studio,SF Bay Area,Education,33,0.4,2022-06-13 00:00:00.000000000,Series B,United States,50
1463,Automox,Boulder,Infrastructure,0,0.0,2022-06-13 00:00:00.000000000,Series C,United States,152
1464,Desktop Metal,Boston,Other,0,0.12,2022-06-13 00:00:00.000000000,Post-IPO,United States,811
1465,Crypto.com,Singapore,Crypto,260,0.05,2022-06-10 00:00:00.000000000,Unknown,Singapore,156
1466,FarEye,New Delhi,Logistics,250,0.3,2022-06-10 00:00:00.000000000,Series E,India,150
1467,Berlin Brands Group,Berlin,Retail,100,0.1,2022-06-10 00:00:00.000000000,Unknown,Germany,1000
1468,Sanar,Sao Paulo,Healthcare,60,0.2,2022-06-10 00:00:00.000000000,Unknown,Brazil,11
1469,Freetrade,London,Finance,45,0.15,2022-06-10 00:00:00.000000000,Unknown,United Kingdom,133
1470,Albert,Los Angeles,Finance,20,0.08,2022-06-10 00:00:00.000000000,Series C,United States,175
1471,Keepe,Seattle,Real Estate,0,0.0,2022-06-10 00:00:00.000000000,Unknown,United States,6
1472,Liongard,Houston,Infrastructure,0,0.0,2022-06-10 00:00:00.000000000,Series B,United States,22
1473,Ziroom,Beijing,Real Estate,0,0.2,2022-06-10 00:00:00.000000000,Unknown,China,2100
1474,OneTrust,Atlanta,Security,950,0.25,2022-06-09 00:00:00.000000000,Series C,United States,926
1475,Stitch Fix,SF Bay Area,Retail,330,0.15,2022-06-09 00:00:00.000000000,Post-IPO,United States,79
1476,Daniel Wellington,Stockholm,Retail,200,0.15,2022-06-09 00:00:00.000000000,Unknown,Sweden,0
1477,Convoy,Seattle,Logistics,90,0.07,2022-06-09 00:00:00.000000000,Series E,United States,1100
1478,Hologram,Chicago,Infrastructure,80,0.4,2022-06-09 00:00:00.000000000,Series B,United States,82
1479,Boozt,Malmö,Retail,70,0.05,2022-06-09 00:00:00.000000000,Post-IPO,Sweden,56
1480,The Grommet,Boston,Retail,40,1.0,2022-06-09 00:00:00.000000000,Acquired,United States,5
1481,Stashaway,Singapore,Finance,31,0.14,2022-06-09 00:00:00.000000000,Series D,Singapore,61
1482,Preply,Boston,Education,26,0.05,2022-06-09 00:00:00.000000000,Series C,United States,100
1483,Jellysmack,New York City,Media,0,0.08,2022-06-09 00:00:00.000000000,Series C,United States,22
1484,Starship,SF Bay Area,Transportation,0,0.11,2022-06-09 00:00:00.000000000,Series B,United States,197
1485,Trade Republic,Berlin,Finance,0,0.0,2022-06-09 00:00:00.000000000,Series C,Germany,1200
1486,Sonder,SF Bay Area,Travel,250,0.21,2022-06-08 00:00:00.000000000,Post-IPO,United States,839
1487,Kavak,Sao Paulo,Transportation,150,0.0,2022-06-08 00:00:00.000000000,Series E,Brazil,1600
1488,Truepill,SF Bay Area,Healthcare,150,0.15,2022-06-08 00:00:00.000000000,Series D,United States,255
1489,iPrice Group,Kuala Lumpur,Retail,50,0.2,2022-06-08 00:00:00.000000000,Unknown,Malaysia,26
1490,Memmo,Stockholm,Consumer,0,0.4,2022-06-08 00:00:00.000000000,Unknown,Sweden,24
1491,Cazoo,London,Transportation,750,0.15,2022-06-07 00:00:00.000000000,Post-IPO,United Kingdom,2000
1492,Cazoo,London,Transportation,750,0.15,2022-06-07 00:00:00.000000000,Post-IPO,United Kingdom,2000
1493,Rupeek,Bengaluru,Finance,180,0.15,2022-06-07 00:00:00.000000000,Unknown,India,172
1494,Lummo,Jakarta,Marketing,150,0.0,2022-06-07 00:00:00.000000000,Series C,Indonesia,149
1495,Bird,Los Angeles,Transportation,138,0.23,2022-06-07 00:00:00.000000000,Post-IPO,United States,783
1496,ID.me,Washington D.C.,Security,130,0.0,2022-06-07 00:00:00.000000000,Unknown,United States,275
1497,KiwiCo,SF Bay Area,Retail,40,0.0,2022-06-07 00:00:00.000000000,Unknown,United States,11
1498,Bond,SF Bay Area,Finance,0,0.0,2022-06-07 00:00:00.000000000,Series A,United States,42
1499,CyberCube,SF Bay Area,Finance,0,0.0,2022-06-07 00:00:00.000000000,Series B,United States,35
1500,Propzy,Ho Chi Minh City,Real Estate,0,0.5,2022-06-07 00:00:00.000000000,Series A,Vietnam,33
1501,ClearCo,Toronto,Finance,60,0.0,2022-06-06 00:00:00.000000000,Series C,Canada,681
1502,Dutchie,Bend,Other,50,0.07,2022-06-06 00:00:00.000000000,Series D,United States,603
1503,ClearCo,Dublin,Finance,0,0.0,2022-06-06 00:00:00.000000000,Series C,Ireland,681
1504,Deep Instinct,New York City,Security,0,0.1,2022-06-06 00:00:00.000000000,Series D,United States,259
1505,Sendoso,SF Bay Area,Marketing,0,0.14,2022-06-06 00:00:00.000000000,Series C,United States,152
1506,Eruditus,Mumbai,Education,40,0.0,2022-06-04 00:00:00.000000000,Series E,India,1200
1507,Afterverse,Brasilia,Consumer,60,0.2,2022-06-03 00:00:00.000000000,Unknown,Brazil,0
1508,Superhuman,SF Bay Area,Consumer,23,0.22,2022-06-03 00:00:00.000000000,Series C,United States,108
1509,Food52,New York City,Food,21,0.15,2022-06-03 00:00:00.000000000,Acquired,United States,176
1510,5B Solar,Sydney,Energy,0,0.25,2022-06-03 00:00:00.000000000,Series A,Australia,12
1511,Clubhouse,SF Bay Area,Consumer,0,0.0,2022-06-03 00:00:00.000000000,Series C,United States,110
1512,Tesla,Austin,Transportation,0,0.1,2022-06-03 00:00:00.000000000,Post-IPO,United States,20200
1513,Carbon Health,SF Bay Area,Healthcare,250,0.08,2022-06-02 00:00:00.000000000,Series D,United States,522
1514,Favo,Sao Paulo,Food,170,0.0,2022-06-02 00:00:00.000000000,Series A,Brazil,31
1515,PolicyGenius,New York City,Finance,170,0.25,2022-06-02 00:00:00.000000000,Series E,United States,286
1516,Yojak,Gurugram,Construction,140,0.5,2022-06-02 00:00:00.000000000,Seed,India,3
1517,Envato,Melbourne,Marketing,100,0.0,2022-06-02 00:00:00.000000000,Unknown,Australia,0
1518,Gemini,New York City,Crypto,100,0.1,2022-06-02 00:00:00.000000000,Unknown,United States,423
1519,Stord,Atlanta,Logistics,59,0.08,2022-06-02 00:00:00.000000000,Series D,United States,325
1520,Gather,SF Bay Area,Consumer,30,0.33,2022-06-02 00:00:00.000000000,Series B,United States,76
1521,Shef,SF Bay Area,Food,29,0.0,2022-06-02 00:00:00.000000000,Series A,United States,28
1522,IRL,SF Bay Area,Consumer,25,0.25,2022-06-02 00:00:00.000000000,Series C,United States,197
1523,Esme Learning,Boston,Education,0,0.0,2022-06-02 00:00:00.000000000,Unknown,United States,37
1524,Kaodim,Selangor,Consumer,0,1.0,2022-06-02 00:00:00.000000000,Series B,United States,17
1525,Rain,Manama,Finance,0,0.0,2022-06-02 00:00:00.000000000,Series B,Bahrain,202
1526,TomTom,Amsterdam,Transportation,500,0.1,2022-06-01 00:00:00.000000000,Post-IPO,Netherlands,0
1527,Cybereason,Boston,Security,100,0.06,2022-06-01 00:00:00.000000000,Series F,United States,750
1528,Udayy,Gurugram,Education,100,1.0,2022-06-01 00:00:00.000000000,Seed,India,2
1529,2TM,Sao Paulo,Crypto,90,0.12,2022-06-01 00:00:00.000000000,Unknown,Brazil,250
1530,Curve,London,Finance,65,0.1,2022-06-01 00:00:00.000000000,Series C,United Kingdom,182
1531,Loom,SF Bay Area,Product,34,0.14,2022-06-01 00:00:00.000000000,Series C,United States,203
1532,Skillshare,New York City,Education,31,0.0,2022-06-01 00:00:00.000000000,Unknown,United States,136
1533,Impala,London,Travel,30,0.35,2022-06-01 00:00:00.000000000,Series B,United Kingdom,32
1534,Eaze,SF Bay Area,Consumer,25,0.0,2022-06-01 00:00:00.000000000,Series D,United States,202
1535,Side,SF Bay Area,Real Estate,0,0.1,2022-06-01 00:00:00.000000000,Unknown,United States,313
1536,Truck It In,Karachi,Logistics,0,0.3,2022-06-01 00:00:00.000000000,Seed,Pakistan,17
1537,Playtika,Tel Aviv,Consumer,250,0.06,2022-05-31 00:00:00.000000000,Post-IPO,Israel,0
1538,Replicated,Los Angeles,Infrastructure,50,0.0,2022-05-31 00:00:00.000000000,Series C,United States,85
1539,Tomo,Stamford,Finance,44,0.33,2022-05-31 00:00:00.000000000,Series A,United States,110
1540,Getta,Tel Aviv,Transportation,30,0.0,2022-05-31 00:00:00.000000000,Series A,Israel,49
1541,BookClub,Salt Lake City,Education,12,0.25,2022-05-31 00:00:00.000000000,Series A,United States,26
1542,Cerebral,SF Bay Area,Healthcare,0,0.0,2022-05-31 00:00:00.000000000,Series C,United States,462
1543,SWVL,Dubai,Transportation,400,0.32,2022-05-30 00:00:00.000000000,Post-IPO,United Arab Emirates,132
1544,Mobile Premier League,Bengaluru,Consumer,100,0.1,2022-05-30 00:00:00.000000000,Series E,India,375
1545,SumUp,Sao Paulo,Finance,100,0.03,2022-05-30 00:00:00.000000000,Unknown,Brazil,50
1546,Tempus Ex,SF Bay Area,Data,0,0.0,2022-05-30 00:00:00.000000000,Unknown,United States,36
1547,FrontRow,Bengaluru,Education,145,0.3,2022-05-27 00:00:00.000000000,Series A,India,17
1548,Daloopa,New Delhi,Data,40,0.0,2022-05-27 00:00:00.000000000,Series A,India,23
1549,Uncapped,London,Finance,29,0.26,2022-05-27 00:00:00.000000000,Unknown,United Kingdom,118
1550,Akerna,Denver,Logistics,0,0.0,2022-05-27 00:00:00.000000000,Unknown,United States,46
1551,Terminus,Atlanta,Marketing,0,0.0,2022-05-27 00:00:00.000000000,Series C,United States,120
1552,Terminus,Atlanta,Marketing,0,0.0,2022-05-27 00:00:00.000000000,Unknown,United States,192
1553,VTEX,Sao Paulo,Retail,200,0.13,2022-05-26 00:00:00.000000000,Post-IPO,Brazil,365
1554,Bitso,Mexico City,Crypto,80,0.11,2022-05-26 00:00:00.000000000,Series C,Mexico,378
1555,Foodpanda,Bucharest,Food,80,0.0,2022-05-26 00:00:00.000000000,Acquired,Romania,749
1556,Dazn,London,Consumer,50,0.02,2022-05-26 00:00:00.000000000,Unknown,United Kingdom,0
1557,Lacework,SF Bay Area,Security,300,0.2,2022-05-25 00:00:00.000000000,Series D,United States,1900
1558,Bolt,SF Bay Area,Finance,240,0.27,2022-05-25 00:00:00.000000000,Series E,United States,1300
1559,PeerStreet,Los Angeles,Finance,75,0.0,2022-05-25 00:00:00.000000000,Series C,United States,121
1560,Kontist,Berlin,Finance,50,0.25,2022-05-25 00:00:00.000000000,Series B,Germany,53
1561,Nuri,Berlin,Finance,45,0.2,2022-05-25 00:00:00.000000000,Series B,Germany,42
1562,Coterie Insurance,Cincinnati,Finance,30,0.2,2022-05-25 00:00:00.000000000,Series B,United States,70
1563,Airlift,Lahore,Logistics,0,0.31,2022-05-25 00:00:00.000000000,Series B,Pakistan,109
1564,Getir,Istanbul,Food,0,0.14,2022-05-25 00:00:00.000000000,Series E,Turkey,1800
1565,Zapp,London,Food,0,0.1,2022-05-25 00:00:00.000000000,Unknown,United Kingdom,300
1566,Gorillas,Berlin,Food,300,0.5,2022-05-24 00:00:00.000000000,Series C,Germany,1300
1567,Zenius,Jakarta,Education,200,0.0,2022-05-24 00:00:00.000000000,Series B,Indonesia,20
1568,The Zebra,Austin,Finance,40,0.0,2022-05-24 00:00:00.000000000,Series D,United States,256
1569,Klarna,Stockholm,Finance,700,0.1,2022-05-23 00:00:00.000000000,Unknown,Sweden,3700
1570,PayPal,SF Bay Area,Finance,83,0.0,2022-05-23 00:00:00.000000000,Post-IPO,United States,216
1571,Buenbit,Buenos Aires,Crypto,80,0.45,2022-05-23 00:00:00.000000000,Series A,Argentina,11
1572,BeyondMinds,Tel Aviv,Data,65,1.0,2022-05-23 00:00:00.000000000,Series A,Israel,16
1573,ClickUp,San Diego,Other,60,0.07,2022-05-23 00:00:00.000000000,Series C,United States,537
1574,Airtime,New York City,Consumer,30,0.2,2022-05-23 00:00:00.000000000,Series B,United States,33
1575,Olist,Curitiba,Retail,0,0.0,2022-05-23 00:00:00.000000000,Series E,Brazil,322
1576,MFine,Bengaluru,Healthcare,600,0.75,2022-05-21 00:00:00.000000000,Series C,India,97
1577,Latch,New York City,Security,130,0.28,2022-05-20 00:00:00.000000000,Post-IPO,United States,342
1578,Outside,Boulder,Media,87,0.15,2022-05-20 00:00:00.000000000,Series B,United States,174
1579,Skillz,SF Bay Area,Consumer,70,0.1,2022-05-20 00:00:00.000000000,Post-IPO,United States,287
1580,Cars24,Gurugram,Transportation,600,0.06,2022-05-19 00:00:00.000000000,Series G,India,1300
1581,Vedantu,Bengaluru,Education,424,0.07,2022-05-18 00:00:00.000000000,Series E,India,292
1582,Netflix,SF Bay Area,Media,150,0.01,2022-05-17 00:00:00.000000000,Post-IPO,United States,121900
1583,Kry,Stockholm,Healthcare,100,0.1,2022-05-17 00:00:00.000000000,Series D,Sweden,568
1584,Picsart,Miami,Consumer,90,0.08,2022-05-17 00:00:00.000000000,Series C,United States,195
1585,Zak,Sao Paulo,Food,100,0.4,2022-05-16 00:00:00.000000000,Series A,United States,29
1586,Zulily,Seattle,Retail,0,0.0,2022-05-16 00:00:00.000000000,Acquired,United States,194
1587,AliExpress Russia,Moscow,Retail,400,0.4,2022-05-14 00:00:00.000000000,Acquired,Russia,60
1588,Thirty Madison,New York City,Healthcare,24,0.0,2022-05-14 00:00:00.000000000,Acquired,United States,209
1589,CommonBond,New York City,Finance,22,0.0,2022-05-13 00:00:00.000000000,Series D,United States,130
1590,Subspace,Los Angeles,Infrastructure,0,1.0,2022-05-13 00:00:00.000000000,Series B,United States,0
1591,Zwift,Los Angeles,Fitness,150,0.0,2022-05-12 00:00:00.000000000,Series C,United States,619
1592,Section4,New York City,Education,32,0.0,2022-05-12 00:00:00.000000000,Series A,United States,37
1593,Tripwire,Portland,Security,0,0.0,2022-05-12 00:00:00.000000000,Acquired,United States,29
1594,DataRobot,Boston,Data,70,0.07,2022-05-11 00:00:00.000000000,Series G,United States,1000
1595,Carvana,Phoenix,Not Available,2500,0.12,2022-05-10 00:00:00.000000000,Post-IPO,United States,1600
1596,Doma,SF Bay Area,Finance,310,0.15,2022-05-10 00:00:00.000000000,Post-IPO,United States,679
1597,Pollen,London,Travel,200,0.33,2022-05-10 00:00:00.000000000,Series C,United Kingdom,238
1598,Latch,New York City,Security,30,0.06,2022-05-10 00:00:00.000000000,Post-IPO,United States,342
1599,Meero,Paris,Other,350,0.5,2022-05-09 00:00:00.000000000,Series C,France,293
1600,Vroom,New York City,Transportation,270,0.14,2022-05-09 00:00:00.000000000,Post-IPO,United States,1300
1601,Reef,Miami,Transportation,750,0.05,2022-05-06 00:00:00.000000000,Unknown,United States,1500
1602,divvyDOSE,Davenport,Healthcare,62,0.0,2022-05-06 00:00:00.000000000,Acquired,United States,0
1603,Vedantu,Bengaluru,Education,200,0.03,2022-05-05 00:00:00.000000000,Series E,India,292
1604,Mural,SF Bay Area,Product,90,0.1,2022-05-05 00:00:00.000000000,Series C,United States,192
1605,OnDeck,SF Bay Area,Education,72,0.25,2022-05-05 00:00:00.000000000,Series A,United States,20
1606,SEND,Sydney,Food,300,1.0,2022-05-04 00:00:00.000000000,Seed,Australia,3
1607,Colossus,Boston,Energy,97,0.0,2022-05-04 00:00:00.000000000,Series A,United States,41
1608,Cameo,Chicago,Consumer,87,0.25,2022-05-04 00:00:00.000000000,Unknown,United States,165
1609,Mainstreet,SF Bay Area,Finance,45,0.3,2022-05-04 00:00:00.000000000,Series A,United States,64
1610,Ideoclick,Seattle,Retail,40,0.0,2022-05-04 00:00:00.000000000,Series A,United States,7
1611,Vise,New York City,Finance,25,0.0,2022-05-04 00:00:00.000000000,Series C,United States,128
1612,Bizpay,Sydney,Finance,0,0.3,2022-05-04 00:00:00.000000000,Unknown,Australia,45
1613,Thrasio,Boston,Retail,0,0.0,2022-05-02 00:00:00.000000000,Unknown,United States,3400
1614,Avo,Tel Aviv,Food,500,0.67,2022-05-01 00:00:00.000000000,Series B,Israel,45
1615,Noom,New York City,Healthcare,495,0.0,2022-04-29 00:00:00.000000000,Series F,United States,657
1616,Domestika,SF Bay Area,Education,150,0.19,2022-04-28 00:00:00.000000000,Series D,United States,130
1617,Netflix,SF Bay Area,Media,25,0.0,2022-04-28 00:00:00.000000000,Post-IPO,United States,121900
1618,Wahoo Fitness,Atlanta,Fitness,50,0.0,2022-04-27 00:00:00.000000000,Unknown,United States,0
1619,Robinhood,SF Bay Area,Finance,340,0.09,2022-04-26 00:00:00.000000000,Post-IPO,United States,5600
1620,Bonsai,Toronto,Retail,29,0.34,2022-04-26 00:00:00.000000000,Series A,Canada,27
1621,Sigfox,Toulouse,Other,64,0.0,2022-04-25 00:00:00.000000000,Acquired,France,277
1622,Clyde,New York City,Marketing,22,0.0,2022-04-25 00:00:00.000000000,Series B,United States,58
1623,Xiaohongshu,Shanghai,Consumer,180,0.09,2022-04-21 00:00:00.000000000,Series E,China,917
1624,Facily,Sao Paulo,Retail,260,0.3,2022-04-20 00:00:00.000000000,Series D,Brazil,502
1625,Lemonade,New York City,Finance,52,0.0,2022-04-20 00:00:00.000000000,Post-IPO,United States,481
1626,Blend,SF Bay Area,Finance,200,0.1,2022-04-19 00:00:00.000000000,Post-IPO,United States,665
1627,QuintoAndar,Sao Paulo,Real Estate,160,0.04,2022-04-19 00:00:00.000000000,Series E,Brazil,755
1628,Loft,Sao Paulo,Real Estate,159,0.0,2022-04-19 00:00:00.000000000,Unknown,Brazil,788
1629,Better.com,New York City,Real Estate,0,0.0,2022-04-19 00:00:00.000000000,Unknown,United States,905
1630,Automox,Boulder,Infrastructure,0,0.11,2022-04-18 00:00:00.000000000,Series C,United States,152
1631,Humble,SF Bay Area,Media,10,0.0,2022-04-15 00:00:00.000000000,Acquired,United States,4
1632,Halcyon Health,New York City,Healthcare,0,1.0,2022-04-15 00:00:00.000000000,Unknown,United States,2
1633,Ahead,SF Bay Area,Healthcare,44,1.0,2022-04-14 00:00:00.000000000,Unknown,United States,9
1634,Truepill,SF Bay Area,Healthcare,0,0.0,2022-04-14 00:00:00.000000000,Series D,United States,255
1635,Rad Power Bikes,Seattle,Transportation,100,0.14,2022-04-12 00:00:00.000000000,Series D,United States,329
1636,Meesho,Bengaluru,Retail,150,0.0,2022-04-11 00:00:00.000000000,Series F,India,1100
1637,Food52,New York City,Food,20,0.1,2022-04-08 00:00:00.000000000,Acquired,United States,176
1638,Unacademy,Bengaluru,Education,1000,0.17,2022-04-07 00:00:00.000000000,Series H,India,838
1639,Goodfood,Calgary,Food,70,0.0,2022-04-07 00:00:00.000000000,Post-IPO,Canada,16
1640,Workrise,Austin,Energy,450,0.0,2022-04-05 00:00:00.000000000,Series E,United States,752
1641,Fast,SF Bay Area,Finance,0,1.0,2022-04-05 00:00:00.000000000,Series B,United States,124
1642,BitMEX,Non-U.S.,Crypto,75,0.25,2022-04-04 00:00:00.000000000,Seed,Seychelles,0
1643,Legible,Vancouver,Media,23,0.38,2022-04-04 00:00:00.000000000,Post-IPO,Canada,3
1644,Lightico,Tel Aviv,Finance,20,0.0,2022-03-31 00:00:00.000000000,Series B,Israel,42
1645,Sea,Bengaluru,Retail,350,0.0,2022-03-30 00:00:00.000000000,Post-IPO,India,8600
1646,Rasa,Berlin,Data,59,0.4,2022-03-30 00:00:00.000000000,Series B,Germany,40
1647,Gopuff,Philadelphia,Food,450,0.03,2022-03-29 00:00:00.000000000,Series H,United States,3400
1648,Thinkific,Vancouver,Education,100,0.2,2022-03-29 00:00:00.000000000,Post-IPO,Canada,22
1649,Furlenco,Bengaluru,Retail,180,0.0,2022-03-26 00:00:00.000000000,Series D,India,228
1650,Grove Collaborative,SF Bay Area,Retail,0,0.17,2022-03-19 00:00:00.000000000,Series E,United States,474
1651,Storytel,Stockholm,Media,100,0.1,2022-03-17 00:00:00.000000000,Post-IPO,Sweden,275
1652,Curology,SF Bay Area,Healthcare,150,0.0,2022-03-16 00:00:00.000000000,Series D,United States,19
1653,Trell,Bengaluru,Retail,300,0.5,2022-03-15 00:00:00.000000000,Series B,India,62
1654,Knock,New York City,Real Estate,115,0.46,2022-03-15 00:00:00.000000000,Unknown,United States,654
1655,Talis Biomedical,SF Bay Area,Healthcare,0,0.25,2022-03-15 00:00:00.000000000,Post-IPO,United States,8
1656,Sezzle,Minneapolis,Finance,0,0.2,2022-03-10 00:00:00.000000000,Post-IPO,United States,301
1657,Better.com,New York City,Real Estate,3000,0.33,2022-03-08 00:00:00.000000000,Unknown,United States,905
1658,Adaptive Biotechnologies,Seattle,Healthcare,100,0.12,2022-03-08 00:00:00.000000000,Post-IPO,United States,406
1659,Hyperscience,New York City,Data,100,0.25,2022-03-03 00:00:00.000000000,Series E,United States,289
1660,WeDoctor,Non-U.S.,Healthcare,500,0.0,2022-03-02 00:00:00.000000000,Series F,China,1400
1661,Wish,SF Bay Area,Retail,190,0.15,2022-03-01 00:00:00.000000000,Post-IPO,United States,1600
1662,iFit,Logan,Fitness,0,0.0,2022-02-25 00:00:00.000000000,Private Equity,United States,200
1663,OKCredit,New Delhi,Finance,30,0.0,2022-02-24 00:00:00.000000000,Series B,India,85
1664,Lido,Mumbai,Education,150,0.0,2022-02-21 00:00:00.000000000,Series A,India,24
1665,Virgin Hyperloop,Los Angeles,Transportation,111,0.5,2022-02-21 00:00:00.000000000,Unknown,United States,368
1666,Trustly,Stockholm,Finance,120,0.0,2022-02-17 00:00:00.000000000,Acquired,Sweden,28
1667,Liv Up,Sao Paulo,Food,100,0.15,2022-02-16 00:00:00.000000000,Series D,Brazil,118
1668,Homie,Salt Lake City,Real Estate,119,0.29,2022-02-14 00:00:00.000000000,Series B,United States,35
1669,Hopin,London,Other,138,0.12,2022-02-10 00:00:00.000000000,Series D,United States,1000
1670,Daily Harvest,New York City,Food,60,0.2,2022-02-10 00:00:00.000000000,Series D,United States,120
1671,Peloton,New York City,Fitness,2800,0.2,2022-02-08 00:00:00.000000000,Post-IPO,United States,1900
1672,Defined.ai,Seattle,Data,0,0.0,2022-02-07 00:00:00.000000000,Series B,United States,78
1673,Rhino,New York City,Real Estate,57,0.2,2022-02-03 00:00:00.000000000,Unknown,United States,133
1674,Gopuff,Philadelphia,Food,100,0.0,2022-01-26 00:00:00.000000000,Series H,United States,3400
1675,Glossier,New York City,Consumer,80,0.33,2022-01-26 00:00:00.000000000,Series E,United States,266
1676,Root Insurance,Columbus,Finance,330,0.0,2022-01-20 00:00:00.000000000,Post-IPO,United States,527
1677,Spin,SF Bay Area,Transportation,0,0.25,2022-01-08 00:00:00.000000000,Acquired,United States,8
1678,Delivery Hero,Berlin,Food,300,0.0,2021-12-22 00:00:00.000000000,Post-IPO,Germany,8300
1679,iFit,Logan,Fitness,0,0.0,2021-12-08 00:00:00.000000000,Private Equity,United States,200
1680,Better.com,New York City,Real Estate,900,0.09,2021-12-01 00:00:00.000000000,Unknown,United States,905
1681,BitTitan,Seattle,Data,70,0.27,2021-11-18 00:00:00.000000000,Acquired,United States,46
1682,Zillow,Seattle,Real Estate,2000,0.25,2021-11-02 00:00:00.000000000,Post-IPO,United States,97
1683,InVision,New York City,Product,22,0.0,2021-10-05 00:00:00.000000000,Unknown,United States,356
1684,Ozy Media,SF Bay Area,Media,0,1.0,2021-10-01 00:00:00.000000000,Series C,United States,70
1685,Zymergen,SF Bay Area,Other,120,0.0,2021-09-23 00:00:00.000000000,Post-IPO,United States,974
1686,Imperfect Foods,SF Bay Area,Food,0,0.0,2021-09-22 00:00:00.000000000,Series D,United States,229
1687,Genius,New York City,Consumer,0,0.0,2021-09-15 00:00:00.000000000,Acquired,United States,78
1688,Treehouse,Portland,Education,41,0.9,2021-09-14 00:00:00.000000000,Series B,United States,12
1689,Casper,New York City,Retail,0,0.0,2021-09-14 00:00:00.000000000,Post-IPO,United States,339
1690,Tanium,Seattle,Security,30,0.0,2021-08-30 00:00:00.000000000,Unknown,United States,1000
1691,Flockjay,SF Bay Area,Education,37,0.5,2021-08-24 00:00:00.000000000,Series A,United States,14
1692,ByteDance,Shanghai,Consumer,1800,0.0,2021-08-05 00:00:00.000000000,Unknown,China,9400
1693,Pagarbook,Bengaluru,HR,80,0.0,2021-07-26 00:00:00.000000000,Series A,India,17
1694,Katerra,SF Bay Area,Construction,2434,1.0,2021-06-01 00:00:00.000000000,Unknown,United States,1600
1695,SumUp,London,Finance,0,0.0,2021-05-05 00:00:00.000000000,Unknown,United Kingdom,53
1696,Lambda School,SF Bay Area,Education,65,0.0,2021-04-29 00:00:00.000000000,Series C,United States,122
1697,Madefire,SF Bay Area,Media,0,1.0,2021-04-29 00:00:00.000000000,Series B,United States,16
1698,Patreon,SF Bay Area,Media,36,0.0,2021-04-26 00:00:00.000000000,Series D,United States,165
1699,New Relic,SF Bay Area,Infrastructure,160,0.07,2021-04-06 00:00:00.000000000,Post-IPO,United States,214
1700,Medium,SF Bay Area,Media,0,0.0,2021-03-24 00:00:00.000000000,Series C,United States,132
1701,HuffPo,New York City,Media,47,0.0,2021-03-09 00:00:00.000000000,Acquired,United States,37
1702,Subspace,Los Angeles,Infrastructure,0,0.0,2021-03-03 00:00:00.000000000,Series B,United States,0
1703,Clumio,SF Bay Area,Data,0,0.0,2021-03-01 00:00:00.000000000,Series C,United States,186
1704,DJI,SF Bay Area,Consumer,0,0.0,2021-02-24 00:00:00.000000000,Unknown,United States,105
1705,Ninjacart,Bengaluru,Food,200,0.0,2021-02-23 00:00:00.000000000,Unknown,India,194
1706,Bounce,Bengaluru,Transportation,200,0.4,2021-02-22 00:00:00.000000000,Series D,India,214
1707,ThredUp,Chicago,Retail,243,0.0,2021-02-09 00:00:00.000000000,Series F,United States,305
1708,Indigo,Boston,Other,80,0.0,2021-02-09 00:00:00.000000000,Series F,United States,1200
1709,Limelight,New York City,Recruiting,13,1.0,2021-02-04 00:00:00.000000000,Unknown,United States,0
1710,Quandoo,Berlin,Food,87,0.2,2021-02-03 00:00:00.000000000,Acquired,Germany,39
1711,Hubba,Toronto,Retail,45,1.0,2021-02-01 00:00:00.000000000,Series B,Canada,61
1712,ByteDance,Mumbai,Consumer,1800,0.0,2021-01-27 00:00:00.000000000,Unknown,India,7400
1713,Privitar,London,Data,20,0.0,2021-01-27 00:00:00.000000000,Series C,United Kingdom,150
1714,Shutterfly,SF Bay Area,Retail,800,0.0,2021-01-25 00:00:00.000000000,Acquired,United States,50
1715,Postmates,SF Bay Area,Food,180,0.15,2021-01-23 00:00:00.000000000,Acquired,United States,763
1716,Instacart,SF Bay Area,Food,1877,0.0,2021-01-21 00:00:00.000000000,Unknown,United States,2400
1717,Pocketmath,Singapore,Marketing,21,1.0,2021-01-20 00:00:00.000000000,Unknown,Singapore,20
1718,Dropbox,SF Bay Area,Other,315,0.15,2021-01-13 00:00:00.000000000,Post-IPO,United States,1700
1719,Aura Financial,SF Bay Area,Finance,0,1.0,2021-01-11 00:00:00.000000000,Unknown,United States,584
1720,Simple,Portland,Finance,0,1.0,2021-01-07 00:00:00.000000000,Acquired,United States,15
1721,WhiteHat Jr,Mumbai,Education,1800,0.0,2021-01-06 00:00:00.000000000,Acquired,India,11
1722,Pulse Secure,SF Bay Area,Security,78,0.0,2020-12-23 00:00:00.000000000,Acquired,United States,0
1723,Breather,Montreal,Real Estate,120,0.8,2020-12-16 00:00:00.000000000,Series D,Canada,131
1724,Actifio,Boston,Data,54,0.0,2020-12-16 00:00:00.000000000,Acquired,United States,352
1725,OYO,Gurugram,Travel,600,0.0,2020-12-08 00:00:00.000000000,Series F,India,3200
1726,Zinier,SF Bay Area,HR,0,0.0,2020-11-25 00:00:00.000000000,Series C,United States,120
1727,Aya,Toronto,Finance,5,0.25,2020-11-19 00:00:00.000000000,Seed,United States,3
1728,Domio,New York City,Real Estate,0,0.5,2020-11-18 00:00:00.000000000,Series B,United States,116
1729,Bridge Connector,Nashville,Healthcare,154,1.0,2020-11-17 00:00:00.000000000,Series B,United States,45
1730,Tidepool,SF Bay Area,Healthcare,18,0.4,2020-11-17 00:00:00.000000000,Unknown,United States,0
1731,Igenous,Seattle,Data,0,0.0,2020-11-17 00:00:00.000000000,Series C,United States,67
1732,Scoop,SF Bay Area,Transportation,0,0.0,2020-11-17 00:00:00.000000000,Series C,United States,95
1733,Worksmith,Austin,Retail,30,0.5,2020-11-09 00:00:00.000000000,Unknown,United States,3
1734,Rubica,Seattle,Security,0,1.0,2020-11-05 00:00:00.000000000,Series A,United States,14
1735,Bossa Nova,SF Bay Area,Retail,0,0.5,2020-11-02 00:00:00.000000000,Unknown,United States,101
1736,LivePerson,New York City,Support,30,0.0,2020-11-01 00:00:00.000000000,Post-IPO,United States,42
1737,Remedy,Austin,Healthcare,82,0.0,2020-10-29 00:00:00.000000000,Series A,United States,12
1738,Knotel,New York City,Real Estate,20,0.08,2020-10-29 00:00:00.000000000,Series C,United States,560
1739,Cheetah,SF Bay Area,Food,0,0.0,2020-10-25 00:00:00.000000000,Series B,United States,67
1740,CodeCombat,SF Bay Area,Education,8,0.0,2020-10-23 00:00:00.000000000,Series A,United States,8
1741,Quibi,Los Angeles,Media,0,1.0,2020-10-21 00:00:00.000000000,Private Equity,United States,1800
1742,Zomato,Jakarta,Food,0,0.0,2020-10-20 00:00:00.000000000,Series J,Indonesia,914
1743,GetYourGuide,Berlin,Travel,90,0.17,2020-10-14 00:00:00.000000000,Series E,Germany,656
1744,OLX India,New Delhi,Marketing,250,0.0,2020-10-10 00:00:00.000000000,Acquired,India,28
1745,Chef,Seattle,Infrastructure,0,0.0,2020-10-08 00:00:00.000000000,Acquired,United States,105
1746,Alto Pharmacy,SF Bay Area,Healthcare,47,0.06,2020-09-29 00:00:00.000000000,Series D,United States,356
1747,TheWrap,Los Angeles,Media,0,0.0,2020-09-29 00:00:00.000000000,Series B,United States,3
1748,HumanForest,London,Transportation,0,0.0,2020-09-25 00:00:00.000000000,Private Equity,United Kingdom,1
1749,WeWork,Shenzen,Real Estate,0,0.0,2020-09-23 00:00:00.000000000,Series H,China,19500
1750,Air,New York City,Marketing,0,0.16,2020-09-16 00:00:00.000000000,Series A,United States,18
1751,NS8,Las Vegas,Data,240,0.95,2020-09-11 00:00:00.000000000,Series A,United States,157
1752,Bleacher Report,London,Media,20,0.0,2020-09-11 00:00:00.000000000,Acquired,United Kingdom,40
1753,HubHaus,SF Bay Area,Real Estate,0,1.0,2020-09-11 00:00:00.000000000,Series A,United States,13
1754,Waze,SF Bay Area,Transportation,30,0.054,2020-09-09 00:00:00.000000000,Acquired,United States,67
1755,Ouster,SF Bay Area,Transportation,0,0.1,2020-09-08 00:00:00.000000000,Series B,United States,132
1756,Swing Education,SF Bay Area,Education,0,0.0,2020-09-05 00:00:00.000000000,Series B,United States,22
1757,Akerna,Denver,Logistics,0,0.0,2020-09-02 00:00:00.000000000,Post-IPO,United States,0
1758,Awok,Dubai,Retail,0,1.0,2020-09-02 00:00:00.000000000,Series A,United Arab Emirates,30
1759,Big Fish Games,Seattle,Media,250,0.0,2020-09-01 00:00:00.000000000,Acquired,United States,95
1760,GoBear,Singapore,Finance,22,0.11,2020-09-01 00:00:00.000000000,Unknown,Singapore,97
1761,MakeMyTrip,New Delhi,Travel,350,0.1,2020-08-31 00:00:00.000000000,Post-IPO,India,548
1762,Salesforce,SF Bay Area,Sales,1000,0.0185,2020-08-26 00:00:00.000000000,Post-IPO,United States,65
1763,kununu,Boston,Recruiting,0,0.0,2020-08-26 00:00:00.000000000,Acquired,United States,0
1764,Superloop,Brisbane,Infrastructure,30,0.0,2020-08-24 00:00:00.000000000,Post-IPO,Australia,36
1765,Spaces,Los Angeles,Media,0,0.0,2020-08-24 00:00:00.000000000,Acquired,United States,9
1766,StreamSets,SF Bay Area,Data,0,0.0,2020-08-20 00:00:00.000000000,Series C,United States,76
1767,Docly,London,Healthcare,8,0.8,2020-08-19 00:00:00.000000000,Seed,United Kingdom,15
1768,Mapify,Berlin,Travel,0,0.0,2020-08-19 00:00:00.000000000,Seed,Germany,1
1769,Lumina Networks,SF Bay Area,Infrastructure,0,1.0,2020-08-18 00:00:00.000000000,Series A,United States,10
1770,DJI,Shenzen,Consumer,0,0.0,2020-08-17 00:00:00.000000000,Unknown,China,105
1771,Shopify,Ottawa,Retail,30,0.0,2020-08-14 00:00:00.000000000,Post-IPO,Canada,122
1772,InVision,New York City,Product,0,0.0,2020-08-14 00:00:00.000000000,Series F,United States,350
1773,HopSkipDrive,Los Angeles,Transportation,0,0.0,2020-08-12 00:00:00.000000000,Unknown,United States,45
1774,Mozilla,SF Bay Area,Consumer,250,0.25,2020-08-11 00:00:00.000000000,Unknown,United States,2
1775,Eatsy,Singapore,Food,20,1.0,2020-08-08 00:00:00.000000000,Seed,Singapore,0
1776,Glossier,New York City,Retail,150,0.38,2020-08-07 00:00:00.000000000,Series D,United States,186
1777,The Appraisal Lane,Montevideo,Transportation,0,0.0,2020-08-07 00:00:00.000000000,Seed,Uruguay,1
1778,Thriver,Toronto,Food,75,0.5,2020-08-06 00:00:00.000000000,Series B,Canada,53
1779,Vesta,Atlanta,Sales,56,0.0,2020-08-05 00:00:00.000000000,Unknown,United States,20
1780,Booking.com,Amsterdam,Travel,4375,0.25,2020-07-30 00:00:00.000000000,Acquired,Netherlands,0
1781,Buy.com / Rakuten,SF Bay Area,Retail,87,1.0,2020-07-30 00:00:00.000000000,Acquired,United States,42
1782,tZero,New York City,Finance,0,0.0,2020-07-30 00:00:00.000000000,Acquired,United States,472
1783,Pared,SF Bay Area,Food,0,0.0,2020-07-29 00:00:00.000000000,Unknown,United States,13
1784,Procore,Los Angeles,Construction,180,0.09,2020-07-28 00:00:00.000000000,Unknown,United States,649
1785,Swiggy,Bengaluru,Food,350,0.05,2020-07-27 00:00:00.000000000,Series I,India,1600
1786,Zeitgold,Berlin,Finance,75,0.72,2020-07-27 00:00:00.000000000,Series B,Germany,60
1787,Perkbox,London,HR,0,0.0,2020-07-27 00:00:00.000000000,Unknown,United Kingdom,29
1788,Checkr,SF Bay Area,HR,64,0.12,2020-07-23 00:00:00.000000000,Series D,United States,309
1789,Sorabel,Jakarta,Retail,0,1.0,2020-07-23 00:00:00.000000000,Series B,Indonesia,27
1790,LinkedIn,SF Bay Area,Recruiting,960,0.06,2020-07-21 00:00:00.000000000,Acquired,United States,154
1791,Lighter Capital,Seattle,Finance,22,0.49,2020-07-20 00:00:00.000000000,Series B,United States,15
1792,CureFit,Bengaluru,Fitness,120,0.0,2020-07-17 00:00:00.000000000,Series D,India,404
1793,Snaptravel,Toronto,Travel,0,0.0,2020-07-16 00:00:00.000000000,Series A,Canada,22
1794,Optimizely,SF Bay Area,Marketing,60,0.15,2020-07-15 00:00:00.000000000,Series D,United States,251
1795,Skyscanner,Edinburgh,Travel,300,0.2,2020-07-14 00:00:00.000000000,Acquired,United Kingdom,197
1796,Vox Media,Washington D.C.,Media,0,0.0,2020-07-14 00:00:00.000000000,Series F,United States,307
1797,Yelp,SF Bay Area,Consumer,63,0.0,2020-07-13 00:00:00.000000000,Post-IPO,United States,56
1798,Bizongo,Mumbai,Logistics,140,0.0,2020-07-10 00:00:00.000000000,Series C,India,70
1799,Zilingo,Singapore,Retail,100,0.12,2020-07-09 00:00:00.000000000,Series D,Singapore,307
1800,PaySense,Mumbai,Finance,40,0.0,2020-07-09 00:00:00.000000000,Acquired,India,25
1801,Funding Circle,SF Bay Area,Finance,85,0.0,2020-07-08 00:00:00.000000000,Post-IPO,United States,746
1802,OnDeck,New York City,Finance,0,0.0,2020-07-08 00:00:00.000000000,Post-IPO,United States,1200
1803,The Wing,New York City,Real Estate,56,0.0,2020-07-01 00:00:00.000000000,Series C,United States,117
1804,Sharethrough,SF Bay Area,Marketing,18,0.0,2020-07-01 00:00:00.000000000,Series D,United States,38
1805,Kongregate,SF Bay Area,Media,12,0.0,2020-07-01 00:00:00.000000000,Series C,United States,19
1806,Havenly,Denver,Consumer,5,0.0,2020-07-01 00:00:00.000000000,Series C,United States,57
1807,G2,Chicago,Marketing,17,0.05,2020-06-30 00:00:00.000000000,Series C,United States,100
1808,Hired,SF Bay Area,Recruiting,0,0.0,2020-06-30 00:00:00.000000000,Series D,United States,132
1809,Katerra,SF Bay Area,Construction,400,0.07,2020-06-29 00:00:00.000000000,Series E,United States,1300
1810,Bounce,Bengaluru,Transportation,130,0.22,2020-06-29 00:00:00.000000000,Series D,India,214
1811,Argo AI,Munich,Transportation,100,0.0,2020-06-29 00:00:00.000000000,Unknown,Germany,3600
1812,Bossa Nova,SF Bay Area,Retail,61,0.0,2020-06-29 00:00:00.000000000,Unknown,United States,101
1813,New Relic,Portland,Infrastructure,20,0.0,2020-06-29 00:00:00.000000000,Post-IPO,United States,214
1814,Engine eCommerce,Fayetteville,Retail,0,1.0,2020-06-28 00:00:00.000000000,Unknown,United States,4
1815,Byton,SF Bay Area,Transportation,0,0.0,2020-06-27 00:00:00.000000000,Series C,United States,1200
1816,Sprinklr,New York City,Support,0,0.0,2020-06-25 00:00:00.000000000,Series F,United States,228
1817,GoDaddy,Austin,Marketing,451,0.06,2020-06-24 00:00:00.000000000,Post-IPO,United States,0
1818,Sonos,New York City,Consumer,174,0.12,2020-06-24 00:00:00.000000000,Post-IPO,United States,455
1819,OYO,Dallas,Travel,0,0.0,2020-06-24 00:00:00.000000000,Series F,United States,3200
1820,Gojek,Jakarta,Transportation,430,0.09,2020-06-23 00:00:00.000000000,Series F,Indonesia,4800
1821,ScaleFactor,Austin,Finance,90,0.9,2020-06-23 00:00:00.000000000,Series C,United States,103
1822,Dark,SF Bay Area,Product,6,1.0,2020-06-23 00:00:00.000000000,Seed,United States,3
1823,Intuit,SF Bay Area,Finance,715,0.07,2020-06-22 00:00:00.000000000,Post-IPO,United States,18
1824,WeWork,London,Real Estate,200,0.0,2020-06-19 00:00:00.000000000,Series H,United Kingdom,19500
1825,Atlas Obscura,New York City,Media,15,0.0,2020-06-18 00:00:00.000000000,Series B,United States,32
1826,Navi,Bengaluru,Finance,40,0.25,2020-06-17 00:00:00.000000000,Private Equity,India,582
1827,PaisaBazaar,Gurugram,Finance,1500,0.5,2020-06-16 00:00:00.000000000,Series G,India,496
1828,Grab,Singapore,Transportation,360,0.05,2020-06-16 00:00:00.000000000,Series I,Singapore,9900
1829,Splunk,SF Bay Area,Data,70,0.01,2020-06-16 00:00:00.000000000,Post-IPO,United States,40
1830,Redox,Madison,Healthcare,44,0.25,2020-06-16 00:00:00.000000000,Series C,United States,50
1831,Conga,Denver,Data,0,0.11,2020-06-15 00:00:00.000000000,Acquired,United States,117
1832,Stockwell AI,SF Bay Area,Retail,0,1.0,2020-06-15 00:00:00.000000000,Series B,United States,10
1833,Uber,Amsterdam,Transportation,225,0.25,2020-06-12 00:00:00.000000000,Post-IPO,Netherlands,24700
1834,SynapseFI,SF Bay Area,Finance,63,0.48,2020-06-12 00:00:00.000000000,Series B,United States,50
1835,ScaleFocus,Sofia,Infrastructure,120,0.1,2020-06-11 00:00:00.000000000,Unknown,Bulgaria,0
1836,Branch,New York City,Retail,3,0.27,2020-06-11 00:00:00.000000000,Seed,United States,2
1837,Her Campus Media,Boston,Media,10,0.18,2020-06-10 00:00:00.000000000,Unknown,United States,0
1838,Integrate.ai,Toronto,Support,26,0.0,2020-06-09 00:00:00.000000000,Unknown,Canada,39
1839,The Athletic,SF Bay Area,Media,46,0.08,2020-06-05 00:00:00.000000000,Series D,United States,139
1840,Ethos Life,SF Bay Area,Finance,18,0.14,2020-06-05 00:00:00.000000000,Series C,United States,106
1841,Lastline,SF Bay Area,Security,50,0.4,2020-06-04 00:00:00.000000000,Series C,United States,52
1842,Builder,Los Angeles,Product,39,0.14,2020-06-04 00:00:00.000000000,Series A,United States,29
1843,Outdoorsy,SF Bay Area,Transportation,0,0.0,2020-06-04 00:00:00.000000000,Series C,United States,75
1844,Monzo,London,Finance,120,0.08,2020-06-03 00:00:00.000000000,Series F,United Kingdom,324
1845,Kitty Hawk,SF Bay Area,Aerospace,70,0.0,2020-06-03 00:00:00.000000000,Unknown,United States,1
1846,SpotHero,Chicago,Transportation,40,0.21,2020-06-03 00:00:00.000000000,Series D,United States,117
1847,Credit Sesame,SF Bay Area,Finance,22,0.14,2020-06-03 00:00:00.000000000,Series F,United States,120
1848,Circ,Berlin,Transportation,100,0.0,2020-06-02 00:00:00.000000000,Acquired,Germany,55
1849,Rivian,Detroit,Transportation,40,0.02,2020-06-02 00:00:00.000000000,Private Equity,United States,3100
1850,Fundbox,SF Bay Area,Finance,14,0.15,2020-06-02 00:00:00.000000000,Series C,United States,453
1851,Descartes Labs,Santa Fe,Data,12,0.16,2020-06-02 00:00:00.000000000,Series B,United States,58
1852,MakerBot,New York City,Consumer,12,0.0,2020-06-02 00:00:00.000000000,Acquired,United States,10
1853,Stitch Fix,SF Bay Area,Retail,1400,0.18,2020-06-01 00:00:00.000000000,Post-IPO,United States,79
1854,MakeMyTrip,Gurugram,Travel,350,0.1,2020-06-01 00:00:00.000000000,Post-IPO,India,548
1855,CrowdStreet,Portland,Real Estate,24,0.22,2020-06-01 00:00:00.000000000,Series C,United States,24
1856,Brex,SF Bay Area,Finance,62,0.15,2020-05-29 00:00:00.000000000,Series C,United States,732
1857,Loftium,Seattle,Real Estate,32,0.6,2020-05-29 00:00:00.000000000,Series A,United States,17
1858,BookMyShow,Mumbai,Consumer,270,0.18,2020-05-28 00:00:00.000000000,Unknown,India,224
1859,TrueCar,Los Angeles,Transportation,219,0.3,2020-05-28 00:00:00.000000000,Post-IPO,United States,340
1860,StubHub,SF Bay Area,Consumer,200,0.0,2020-05-28 00:00:00.000000000,Acquired,United States,19
1861,Culture Amp,Melbourne,HR,36,0.08,2020-05-28 00:00:00.000000000,Series E,Australia,157
1862,The Sill,New York City,Retail,20,0.25,2020-05-28 00:00:00.000000000,Series A,United States,7
1863,Instructure,Salt Lake City,Education,150,0.12,2020-05-27 00:00:00.000000000,Acquired,United States,89
1864,Ebanx,Curitiba,Finance,62,0.08,2020-05-27 00:00:00.000000000,Unknown,Brazil,30
1865,Uber,Bengaluru,Transportation,600,0.23,2020-05-26 00:00:00.000000000,Post-IPO,India,24700
1866,Bluprint,Denver,Education,137,1.0,2020-05-26 00:00:00.000000000,Acquired,United States,108
1867,Acorns,Portland,Finance,50,0.0,2020-05-26 00:00:00.000000000,Unknown,United States,207
1868,CarDekho,Gurugram,Transportation,200,0.0,2020-05-25 00:00:00.000000000,Series D,India,247
1869,Teamwork,Cork,Other,21,0.0,2020-05-22 00:00:00.000000000,Unknown,Ireland,0
1870,Cvent,Washington D.C.,Marketing,400,0.1,2020-05-21 00:00:00.000000000,Acquired,United States,146
1871,PickYourTrail,Chennai,Travel,70,0.35,2020-05-21 00:00:00.000000000,Series A,India,3
1872,Glitch,New York City,Product,18,0.36,2020-05-21 00:00:00.000000000,Series A,United States,30
1873,Kapten / Free Now,Paris,Transportation,0,0.0,2020-05-21 00:00:00.000000000,Acquired,France,100
1874,Ola,Bengaluru,Transportation,1400,0.35,2020-05-20 00:00:00.000000000,Series J,India,3800
1875,Samsara,SF Bay Area,Logistics,300,0.18,2020-05-20 00:00:00.000000000,Series F,United States,530
1876,Stay Alfred,Spokane,Travel,221,1.0,2020-05-20 00:00:00.000000000,Series B,United States,62
1877,SoFi,SF Bay Area,Finance,112,0.07,2020-05-20 00:00:00.000000000,Private Equity,United States,2500
1878,ShareChat,Bengaluru,Marketing,101,0.25,2020-05-20 00:00:00.000000000,Series D,India,222
1879,Intercom,SF Bay Area,Support,39,0.06,2020-05-20 00:00:00.000000000,Series D,United States,240
1880,Livspace,Bengaluru,Retail,450,0.15,2020-05-19 00:00:00.000000000,Series D,India,157
1881,Pollen,London,Travel,69,0.31,2020-05-19 00:00:00.000000000,Series B,United Kingdom,88
1882,Dotscience,London,Product,10,1.0,2020-05-19 00:00:00.000000000,Unknown,United Kingdom,0
1883,Divvy,Salt Lake City,Finance,0,0.0,2020-05-19 00:00:00.000000000,Series C,United States,252
1884,Uber,SF Bay Area,Transportation,3000,0.13,2020-05-18 00:00:00.000000000,Post-IPO,United States,24700
1885,Agoda,Singapore,Travel,1500,0.25,2020-05-18 00:00:00.000000000,Acquired,Singapore,0
1886,Swiggy,Bengaluru,Food,1100,0.14,2020-05-18 00:00:00.000000000,Series I,India,1600
1887,WeWork,New Delhi,Real Estate,100,0.2,2020-05-18 00:00:00.000000000,Series H,India,19500
1888,Rubrik,SF Bay Area,Infrastructure,57,0.0,2020-05-18 00:00:00.000000000,Series E,United States,553
1889,Intapp,SF Bay Area,Legal,45,0.05,2020-05-18 00:00:00.000000000,Private Equity,United States,0
1890,Checkmarx,Tel Aviv,Security,0,0.0,2020-05-18 00:00:00.000000000,Acquired,Israel,92
1891,Datera,SF Bay Area,Infrastructure,0,0.1,2020-05-18 00:00:00.000000000,Series C,United States,63
1892,Magicbricks,Noida,Real Estate,250,0.0,2020-05-17 00:00:00.000000000,Unknown,India,300
1893,Zomato,Gurugram,Food,520,0.13,2020-05-15 00:00:00.000000000,Series J,India,914
1894,Lendingkart,Ahmedabad,Finance,500,0.5,2020-05-15 00:00:00.000000000,Unknown,India,200
1895,Lattice,SF Bay Area,HR,16,0.1,2020-05-15 00:00:00.000000000,Series C,United States,49
1896,Masse,New York City,Retail,0,1.0,2020-05-15 00:00:00.000000000,Seed,United States,3
1897,Cruise,SF Bay Area,Transportation,150,0.08,2020-05-14 00:00:00.000000000,Acquired,United States,5300
1898,Quartz,New York City,Media,80,0.4,2020-05-14 00:00:00.000000000,Acquired,United States,0
1899,Integral Ad Science,New York City,Marketing,70,0.1,2020-05-14 00:00:00.000000000,Acquired,United States,116
1900,Ridecell,SF Bay Area,Transportation,35,0.15,2020-05-14 00:00:00.000000000,Series B,United States,73
1901,Veem,SF Bay Area,Finance,30,0.0,2020-05-14 00:00:00.000000000,Unknown,United States,69
1902,Sift,SF Bay Area,Security,0,0.0,2020-05-14 00:00:00.000000000,Series D,United States,106
1903,Workfront,Salt Lake City,Marketing,0,0.0,2020-05-14 00:00:00.000000000,Series C,United States,375
1904,Deliv,SF Bay Area,Retail,669,1.0,2020-05-13 00:00:00.000000000,Series C,United States,80
1905,Mercos,Joinville,Sales,51,0.4,2020-05-13 00:00:00.000000000,Unknown,Brazil,2
1906,Kickstarter,New York City,Finance,25,0.18,2020-05-13 00:00:00.000000000,Unknown,United States,10
1907,Intersect,Toronto,Product,19,0.11,2020-05-13 00:00:00.000000000,Acquired,Canada,0
1908,Mode Analytics,SF Bay Area,Data,17,0.0,2020-05-13 00:00:00.000000000,Series C,United States,46
1909,BetterCloud,New York City,Security,0,0.0,2020-05-13 00:00:00.000000000,Series E,United States,111
1910,WeFit,Hanoi,Fitness,0,1.0,2020-05-13 00:00:00.000000000,Seed,Vietnam,1
1911,Zymergen,SF Bay Area,Other,0,0.1,2020-05-13 00:00:00.000000000,Series C,United States,574
1912,Stone,Sao Paulo,Finance,1300,0.2,2020-05-12 00:00:00.000000000,Post-IPO,Brazil,0
1913,Zeus Living,SF Bay Area,Real Estate,73,0.5,2020-05-12 00:00:00.000000000,Series B,United States,79
1914,Mixpanel,SF Bay Area,Data,65,0.19,2020-05-12 00:00:00.000000000,Series B,United States,77
1915,Hireology,Chicago,Recruiting,36,0.17,2020-05-12 00:00:00.000000000,Series D,United States,52
1916,Top Hat,Toronto,Education,16,0.03,2020-05-12 00:00:00.000000000,Series D,Canada,104
1917,Datto,Norwalk,Infrastructure,0,0.0,2020-05-12 00:00:00.000000000,Acquired,United States,100
1918,Petal,New York City,Finance,0,0.0,2020-05-12 00:00:00.000000000,Series B,United States,47
1919,Revolut,London,Finance,60,0.03,2020-05-11 00:00:00.000000000,Series D,United Kingdom,837
1920,Cadre,New York City,Real Estate,28,0.25,2020-05-11 00:00:00.000000000,Series C,United States,133
1921,N26,New York City,Finance,9,0.01,2020-05-08 00:00:00.000000000,Series D,United States,782
1922,Jump,New York City,Transportation,500,1.0,2020-05-07 00:00:00.000000000,Acquired,United States,11
1923,Glassdoor,SF Bay Area,Recruiting,300,0.3,2020-05-07 00:00:00.000000000,Acquired,United States,204
1924,Numbrs,Zurich,Finance,62,0.5,2020-05-07 00:00:00.000000000,Series B,Switzerland,78
1925,Flywire,Boston,Finance,60,0.12,2020-05-07 00:00:00.000000000,Series E,United States,263
1926,SalesLoft,Atlanta,Sales,55,0.0,2020-05-07 00:00:00.000000000,Series D,United States,145
1927,Tally,SF Bay Area,Finance,28,0.23,2020-05-07 00:00:00.000000000,Series C,United States,92
1928,Airy Rooms,Jakarta,Travel,0,1.0,2020-05-07 00:00:00.000000000,Unknown,Indonesia,0
1929,Uber,SF Bay Area,Transportation,3700,0.14,2020-05-06 00:00:00.000000000,Post-IPO,United States,24700
1930,Validity,Boston,Data,130,0.33,2020-05-06 00:00:00.000000000,Private Equity,United States,0
1931,Flatiron School,New York City,Education,100,0.0,2020-05-06 00:00:00.000000000,Acquired,United States,15
1932,Rubicon Project,Los Angeles,Marketing,50,0.08,2020-05-06 00:00:00.000000000,Post-IPO,United States,60
1933,Segment,SF Bay Area,Data,50,0.1,2020-05-06 00:00:00.000000000,Series D,United States,283
1934,OPay,Lagos,Finance,0,0.7,2020-05-06 00:00:00.000000000,Series B,Nigeria,170
1935,ThoughtSpot,SF Bay Area,Data,0,0.0,2020-05-06 00:00:00.000000000,Series E,United States,743
1936,Airbnb,SF Bay Area,Travel,1900,0.25,2020-05-05 00:00:00.000000000,Private Equity,United States,5400
1937,Juul,SF Bay Area,Consumer,900,0.3,2020-05-05 00:00:00.000000000,Unknown,United States,1500
1938,Andela,New York City,Recruiting,135,0.1,2020-05-05 00:00:00.000000000,Series D,United States,181
1939,Stack Overflow,New York City,Recruiting,40,0.15,2020-05-05 00:00:00.000000000,Series D,United States,68
1940,Pipedrive,Tallinn,Sales,31,0.0,2020-05-05 00:00:00.000000000,Series C,Estonia,90
1941,Workable,Boston,Recruiting,25,0.1,2020-05-05 00:00:00.000000000,Series C,United States,84
1942,Cloudera,SF Bay Area,Infrastructure,0,0.0,2020-05-05 00:00:00.000000000,Post-IPO,United States,1000
1943,Handshake,SF Bay Area,Recruiting,0,0.0,2020-05-05 00:00:00.000000000,Series C,United States,74
1944,League,Toronto,Healthcare,0,0.0,2020-05-05 00:00:00.000000000,Unknown,Canada,76
1945,CureFit,Bengaluru,Fitness,800,0.16,2020-05-04 00:00:00.000000000,Series D,India,404
1946,Careem,Dubai,Transportation,536,0.31,2020-05-04 00:00:00.000000000,Acquired,United Arab Emirates,771
1947,Oriente,Hong Kong,Finance,400,0.2,2020-05-04 00:00:00.000000000,Series B,Hong Kong,175
1948,Veriff,Tallinn,Security,63,0.21,2020-05-04 00:00:00.000000000,Series A,Estonia,7
1949,Element AI,Montreal,Other,62,0.15,2020-05-04 00:00:00.000000000,Series B,Canada,257
1950,Deputy,Sydney,HR,60,0.3,2020-05-04 00:00:00.000000000,Series B,Australia,106
1951,Loopio,Toronto,Sales,11,0.08,2020-05-04 00:00:00.000000000,Series A,Canada,11
1952,Castlight Health,SF Bay Area,Healthcare,0,0.13,2020-05-04 00:00:00.000000000,Post-IPO,United States,184
1953,Trivago,Düsseldorf,Travel,0,0.0,2020-05-04 00:00:00.000000000,Acquired,Germany,55
1954,Trax,Tel Aviv,Retail,120,0.1,2020-05-03 00:00:00.000000000,Series D,Israel,386
1955,LiveTiles,New York City,Other,50,0.0,2020-05-03 00:00:00.000000000,Post-IPO,United States,46
1956,OYO,London,Travel,150,0.0,2020-05-01 00:00:00.000000000,Series F,United Kingdom,2400
1957,Namely,New York City,HR,110,0.4,2020-05-01 00:00:00.000000000,Series E,United States,217
1958,Culture Trip,London,Media,95,0.32,2020-05-01 00:00:00.000000000,Series B,United Kingdom,102
1959,Sandbox VR,SF Bay Area,Consumer,80,0.8,2020-05-01 00:00:00.000000000,Series A,United States,82
1960,Virtudent,Boston,Healthcare,70,0.0,2020-05-01 00:00:00.000000000,Series A,United States,10
1961,Monese,Lisbon,Finance,35,0.0,2020-05-01 00:00:00.000000000,Unknown,Portugal,80
1962,TheSkimm,New York City,Media,26,0.2,2020-05-01 00:00:00.000000000,Series C,United States,28
1963,Automatic,SF Bay Area,Transportation,0,1.0,2020-05-01 00:00:00.000000000,Acquired,United States,24
1964,Flynote,Bengaluru,Travel,0,0.0,2020-05-01 00:00:00.000000000,Seed,India,1
1965,Bullhorn,Boston,Sales,100,0.0,2020-04-30 00:00:00.000000000,Acquired,United States,32
1966,Care.com,Boston,Consumer,81,0.0,2020-04-30 00:00:00.000000000,Acquired,United States,156
1967,AirMap,Los Angeles,Aerospace,0,0.0,2020-04-30 00:00:00.000000000,Unknown,United States,75
1968,Cohesity,SF Bay Area,Data,0,0.0,2020-04-30 00:00:00.000000000,Series E,United States,660
1969,Fandom,SF Bay Area,Media,0,0.14,2020-04-30 00:00:00.000000000,Series E,United States,145
1970,PicoBrew,Seattle,Food,0,1.0,2020-04-30 00:00:00.000000000,Series A,United States,15
1971,Lyft,SF Bay Area,Transportation,982,0.17,2020-04-29 00:00:00.000000000,Post-IPO,United States,4900
1972,WeWork,SF Bay Area,Real Estate,300,0.0,2020-04-29 00:00:00.000000000,Series H,United States,2250
1973,Kayak / OpenTable,Stamford,Travel,160,0.08,2020-04-29 00:00:00.000000000,Acquired,United States,229
1974,Kitopi,New York City,Food,124,0.0,2020-04-29 00:00:00.000000000,Series B,United States,89
1975,Lime,SF Bay Area,Transportation,80,0.13,2020-04-29 00:00:00.000000000,Series D,United States,765
1976,Transfix,New York City,Logistics,24,0.1,2020-04-29 00:00:00.000000000,Series D,United States,128
1977,Yoco,Cape Town,Finance,0,0.0,2020-04-29 00:00:00.000000000,Series B,South Africa,23
1978,TripAdvisor,Boston,Travel,900,0.25,2020-04-28 00:00:00.000000000,Post-IPO,United States,3
1979,Renmoney,Lagos,Finance,391,0.5,2020-04-28 00:00:00.000000000,Unknown,Nigeria,0
1980,Deliveroo,London,Food,367,0.15,2020-04-28 00:00:00.000000000,Series G,United Kingdom,1500
1981,App Annie,SF Bay Area,Data,80,0.18,2020-04-28 00:00:00.000000000,Unknown,United States,156
1982,OpenX,Los Angeles,Marketing,35,0.15,2020-04-28 00:00:00.000000000,Unknown,United States,70
1983,PayJoy,SF Bay Area,Finance,27,0.25,2020-04-28 00:00:00.000000000,Series B,United States,71
1984,Shipsi,Los Angeles,Retail,20,0.5,2020-04-28 00:00:00.000000000,Seed,United States,2
1985,Desktop Metal,Boston,Other,0,0.0,2020-04-28 00:00:00.000000000,Series E,United States,436
1986,Migo,SF Bay Area,Finance,0,0.25,2020-04-28 00:00:00.000000000,Series B,United States,37
1987,Automation Anywhere,SF Bay Area,Other,260,0.1,2020-04-27 00:00:00.000000000,Series B,United States,840
1988,JetClosing,Seattle,Real Estate,20,0.2,2020-04-27 00:00:00.000000000,Series A,United States,24
1989,Qwick,Phoenix,Recruiting,0,0.7,2020-04-27 00:00:00.000000000,Seed,United States,4
1990,OYO,Sao Paulo,Travel,500,0.0,2020-04-25 00:00:00.000000000,Series F,Brazil,2400
1991,Stoqo,Jakarta,Food,250,1.0,2020-04-25 00:00:00.000000000,Series A,Indonesia,0
1992,Submittable,Missoula,Other,30,0.2,2020-04-25 00:00:00.000000000,Series B,United States,17
1993,Divergent 3D,Los Angeles,Transportation,57,0.36,2020-04-24 00:00:00.000000000,Series B,United States,88
1994,Ada Support,Toronto,Support,36,0.23,2020-04-24 00:00:00.000000000,Series B,Canada,60
1995,UPshow,Chicago,Marketing,19,0.3,2020-04-24 00:00:00.000000000,Series A,United States,7
1996,Lighter Capital,Seattle,Finance,18,0.22,2020-04-24 00:00:00.000000000,Series B,United States,15
1997,Horizn Studios,Berlin,Travel,15,0.25,2020-04-24 00:00:00.000000000,Series B,Germany,30
1998,Welkin Health,SF Bay Area,Healthcare,10,0.33,2020-04-24 00:00:00.000000000,Series B,United States,29
1999,Jiobit,Chicago,Consumer,6,0.21,2020-04-24 00:00:00.000000000,Unknown,United States,12
2000,TutorMundi,Sao Paulo,Education,4,1.0,2020-04-24 00:00:00.000000000,Series A,Brazil,2
2001,Cheddar,New York City,Media,0,0.0,2020-04-24 00:00:00.000000000,Acquired,United States,54
2002,GoCardless,London,Finance,0,0.0,2020-04-24 00:00:00.000000000,Series E,United Kingdom,122
2003,StockX,Detroit,Retail,100,0.12,2020-04-23 00:00:00.000000000,Series C,United States,160
2004,Zenefits,SF Bay Area,HR,87,0.15,2020-04-23 00:00:00.000000000,Series C,United States,583
2005,Sisense,New York City,Data,80,0.09,2020-04-23 00:00:00.000000000,Series F,United States,274
2006,Oscar Health,New York City,Healthcare,70,0.05,2020-04-23 00:00:00.000000000,Unknown,United States,1300
2007,Simon Data,New York City,Marketing,6,0.0,2020-04-23 00:00:00.000000000,Series C,United States,68
2008,Convoy,Seattle,Logistics,0,0.01,2020-04-23 00:00:00.000000000,Series D,United States,665
2009,PowerReviews,Chicago,Retail,0,0.0,2020-04-23 00:00:00.000000000,Acquired,United States,78
2010,Singular,SF Bay Area,Marketing,0,0.0,2020-04-23 00:00:00.000000000,Series B,United States,50
2011,Magic Leap,Miami,Consumer,1000,0.5,2020-04-22 00:00:00.000000000,Series E,United States,2600
2012,When I Work,Minneapolis,HR,55,0.35,2020-04-22 00:00:00.000000000,Series B,United States,24
2013,Ike,SF Bay Area,Transportation,10,0.14,2020-04-22 00:00:00.000000000,Series A,United States,52
2014,Airy Rooms,Jakarta,Travel,0,0.7,2020-04-22 00:00:00.000000000,Unknown,Indonesia,0
2015,Clearbit,SF Bay Area,Data,0,0.0,2020-04-22 00:00:00.000000000,Series A,United States,17
2016,ExtraHop,Seattle,Security,0,0.0,2020-04-22 00:00:00.000000000,Series C,United States,61
2017,Nearmap,Sydney,Construction,0,0.1,2020-04-22 00:00:00.000000000,Post-IPO,Australia,15
2018,Swiggy,Bengaluru,Food,800,0.0,2020-04-21 00:00:00.000000000,Series I,India,1600
2019,Paytm,New Delhi,Finance,500,0.0,2020-04-21 00:00:00.000000000,Unknown,India,2200
2020,Lending Club,SF Bay Area,Finance,460,0.3,2020-04-21 00:00:00.000000000,Post-IPO,United States,392
2021,Houzz,SF Bay Area,Consumer,155,0.1,2020-04-21 00:00:00.000000000,Series E,United States,613
2022,Casper,New York City,Retail,78,0.21,2020-04-21 00:00:00.000000000,Post-IPO,United States,339
2023,RealSelf,Seattle,Healthcare,40,0.13,2020-04-21 00:00:00.000000000,Series B,United States,42
2024,Freshbooks,Toronto,Finance,38,0.09,2020-04-21 00:00:00.000000000,Series B,Canada,75
2025,Patreon,SF Bay Area,Media,30,0.13,2020-04-21 00:00:00.000000000,Series D,United States,165
2026,Lambda School,SF Bay Area,Education,19,0.0,2020-04-21 00:00:00.000000000,Series B,United States,48
2027,Politico / Protocol,Washington D.C.,Media,13,0.0,2020-04-21 00:00:00.000000000,Unknown,United States,0
2028,Bringg,Tel Aviv,Logistics,10,0.1,2020-04-21 00:00:00.000000000,Series D,Israel,84
2029,Klook,Hong Kong,Travel,300,0.15,2020-04-20 00:00:00.000000000,Series D,Hong Kong,521
2030,ConsenSys,New York City,Crypto,91,0.14,2020-04-20 00:00:00.000000000,Unknown,United States,10
2031,GumGum,Los Angeles,Marketing,90,0.25,2020-04-20 00:00:00.000000000,Series D,United States,58
2032,Kueski,Guadalajara,Finance,90,0.3,2020-04-20 00:00:00.000000000,Series B,Mexico,38
2033,Movidesk,Blumenau,Support,33,0.25,2020-04-20 00:00:00.000000000,Seed,Brazil,1
2034,Zum,SF Bay Area,Transportation,28,0.0,2020-04-20 00:00:00.000000000,Series C,United States,71
2035,Komodo Health,SF Bay Area,Healthcare,23,0.09,2020-04-20 00:00:00.000000000,Series C,United States,50
2036,Forward,SF Bay Area,Healthcare,10,0.03,2020-04-20 00:00:00.000000000,Series C,United States,100
2037,Hipcamp,SF Bay Area,Travel,0,0.6,2020-04-20 00:00:00.000000000,Series B,United States,40
2038,Motif Investing,SF Bay Area,Finance,0,1.0,2020-04-18 00:00:00.000000000,Series E,United States,126
2039,BlackBuck,Bengaluru,Logistics,200,0.0,2020-04-17 00:00:00.000000000,Series D,India,293
2040,ContaAzul,Joinville,Education,140,0.35,2020-04-17 00:00:00.000000000,Series D,Brazil,37
2041,Greenhouse Software,New York City,Recruiting,120,0.28,2020-04-17 00:00:00.000000000,Series D,United States,110
2042,QuintoAndar,Sao Paulo,Real Estate,88,0.08,2020-04-17 00:00:00.000000000,Series D,Brazil,335
2043,Loft,Sao Paulo,Real Estate,47,0.1,2020-04-17 00:00:00.000000000,Series C,Brazil,263
2044,Zilingo,Singapore,Retail,44,0.05,2020-04-17 00:00:00.000000000,Series D,Singapore,307
2045,Labster,Copenhagen,Education,40,0.0,2020-04-17 00:00:00.000000000,Series B,Denmark,34
2046,Sweetgreen,Los Angeles,Food,35,0.1,2020-04-17 00:00:00.000000000,Series I,United States,478
2047,People.ai,SF Bay Area,Marketing,30,0.18,2020-04-17 00:00:00.000000000,Series C,United States,100
2048,Tor,Boston,Security,13,0.37,2020-04-17 00:00:00.000000000,Unknown,United States,1
2049,BitGo,SF Bay Area,Crypto,0,0.12,2020-04-17 00:00:00.000000000,Series B,United States,69
2050,Dispatch,Boston,Other,0,0.38,2020-04-17 00:00:00.000000000,Series A,United States,18
2051,Food52,New York City,Food,0,0.0,2020-04-17 00:00:00.000000000,Acquired,United States,96
2052,Influitive,Toronto,Marketing,0,0.0,2020-04-17 00:00:00.000000000,Unknown,Canada,59
2053,CarGurus,Boston,Transportation,130,0.13,2020-04-16 00:00:00.000000000,Post-IPO,United States,1
2054,Funding Societies,Singapore,Finance,65,0.18,2020-04-16 00:00:00.000000000,Series B,Singapore,42
2055,CleverTap,Mumbai,Marketing,60,0.2,2020-04-16 00:00:00.000000000,Series C,India,76
2056,CrowdRiff,Toronto,Marketing,0,0.0,2020-04-16 00:00:00.000000000,Series A,Canada,11
2057,FullStory,Atlanta,Marketing,0,0.0,2020-04-16 00:00:00.000000000,Series C,United States,59
2058,Grailed,New York City,Retail,0,0.0,2020-04-16 00:00:00.000000000,Series A,United States,16
2059,LumenAd,Missoula,Marketing,0,0.0,2020-04-16 00:00:00.000000000,Unknown,United States,0
2060,Purse,SF Bay Area,Crypto,0,1.0,2020-04-16 00:00:00.000000000,Seed,United States,1
2061,SquadVoice,Columbus,Real Estate,0,0.0,2020-04-16 00:00:00.000000000,Series A,United States,2
2062,Opendoor,SF Bay Area,Real Estate,600,0.35,2020-04-15 00:00:00.000000000,Series E,United States,1500
2063,GoPro,SF Bay Area,Consumer,200,0.2,2020-04-15 00:00:00.000000000,Post-IPO,United States,288
2064,Shop101,Mumbai,Retail,200,0.4,2020-04-15 00:00:00.000000000,Series C,India,19
2065,Zume,SF Bay Area,Food,200,0.67,2020-04-15 00:00:00.000000000,Unknown,United States,423
2066,Carta,SF Bay Area,Finance,161,0.16,2020-04-15 00:00:00.000000000,Series E,United States,447
2067,Akulaku,Jakarta,Finance,100,0.0,2020-04-15 00:00:00.000000000,Series D,Indonesia,160
2068,Parsable,SF Bay Area,HR,40,0.25,2020-04-15 00:00:00.000000000,Series C,United States,72
2069,Kodiak Robotics,SF Bay Area,Transportation,15,0.2,2020-04-15 00:00:00.000000000,Series A,United States,40
2070,Tulip Retail,Toronto,Retail,14,0.0,2020-04-15 00:00:00.000000000,Series B,Canada,51
2071,Trove Recommerce,SF Bay Area,Retail,13,0.0,2020-04-15 00:00:00.000000000,Series C,United States,34
2072,Dude Solutions,Raleigh,Other,0,0.2,2020-04-15 00:00:00.000000000,Acquired,United States,100
2073,SweetEscape,Jakarta,Consumer,0,0.3,2020-04-15 00:00:00.000000000,Series A,Indonesia,7
2074,View,SF Bay Area,Energy,0,0.0,2020-04-15 00:00:00.000000000,Series H,United States,1800
2075,The RealReal,SF Bay Area,Retail,235,0.1,2020-04-14 00:00:00.000000000,Post-IPO,United States,358
2076,TouchBistro,Toronto,Food,131,0.23,2020-04-14 00:00:00.000000000,Series E,Canada,224
2077,Envoy,SF Bay Area,HR,58,0.3,2020-04-14 00:00:00.000000000,Series B,United States,59
2078,VSCO,SF Bay Area,Consumer,45,0.35,2020-04-14 00:00:00.000000000,Series B,United States,90
2079,Skillz,SF Bay Area,Consumer,21,0.0,2020-04-14 00:00:00.000000000,Series D,United States,132
2080,DataStax,SF Bay Area,Data,15,0.0,2020-04-14 00:00:00.000000000,Series E,United States,190
2081,Xerpa,Sao Paulo,HR,10,0.0,2020-04-14 00:00:00.000000000,Unknown,Brazil,5
2082,Aura Financial,SF Bay Area,Finance,0,0.0,2020-04-14 00:00:00.000000000,Unknown,United States,584
2083,RedDoorz,Singapore,Travel,0,0.0,2020-04-14 00:00:00.000000000,Series C,Singapore,134
2084,Groupon,Chicago,Retail,2800,0.44,2020-04-13 00:00:00.000000000,Post-IPO,United States,1400
2085,Zoox,SF Bay Area,Transportation,100,0.1,2020-04-13 00:00:00.000000000,Series B,United States,955
2086,Neon,Sao Paulo,Finance,70,0.1,2020-04-13 00:00:00.000000000,Series B,Brazil,120
2087,EasyPost,SF Bay Area,Logistics,50,0.25,2020-04-13 00:00:00.000000000,Series A,United States,12
2088,Clearbanc,Toronto,Finance,17,0.08,2020-04-13 00:00:00.000000000,Series B,Canada,119
2089,Meow Wolf,Santa Fe,Media,201,0.0,2020-04-10 00:00:00.000000000,Unknown,United States,185
2090,Frontdesk,Milwaukee,Travel,35,0.16,2020-04-10 00:00:00.000000000,Unknown,United States,3
2091,BeeTech,Sao Paulo,Finance,30,0.0,2020-04-10 00:00:00.000000000,Series B,Brazil,14
2092,Built In,Chicago,Recruiting,28,0.0,2020-04-10 00:00:00.000000000,Series C,United States,29
2093,NuoDB,Boston,Data,20,0.29,2020-04-10 00:00:00.000000000,Unknown,United States,85
2094,Rhumbix,SF Bay Area,Construction,16,0.27,2020-04-10 00:00:00.000000000,Series B,United States,35
2095,Atsu,Seattle,Infrastructure,6,1.0,2020-04-10 00:00:00.000000000,Unknown,United States,1
2096,Geekwire,Seattle,Media,5,0.31,2020-04-10 00:00:00.000000000,Unknown,United States,0
2097,FloQast,Los Angeles,Finance,0,0.0,2020-04-10 00:00:00.000000000,Series C,United States,119
2098,Yelp,SF Bay Area,Consumer,1000,0.17,2020-04-09 00:00:00.000000000,Post-IPO,United States,56
2099,Monzo,Las Vegas,Finance,165,0.0,2020-04-09 00:00:00.000000000,Series F,United States,324
2100,OneTrust,Atlanta,Legal,150,0.1,2020-04-09 00:00:00.000000000,Series B,United States,410
2101,Omie,Sao Paulo,Finance,136,0.31,2020-04-09 00:00:00.000000000,Series B,Brazil,26
2102,Domo,Salt Lake City,Data,90,0.1,2020-04-09 00:00:00.000000000,Post-IPO,United States,689
2103,Matterport,SF Bay Area,Data,90,0.34,2020-04-09 00:00:00.000000000,Series D,United States,114
2104,Clinc,Ann Arbor,Support,40,0.32,2020-04-09 00:00:00.000000000,Series B,United States,59
2105,Mejuri,Toronto,Retail,36,0.15,2020-04-09 00:00:00.000000000,Series B,Canada,28
2106,Code42,Minneapolis,Data,25,0.05,2020-04-09 00:00:00.000000000,Series B,United States,137
2107,Lighthouse Labs,Toronto,Education,14,0.07,2020-04-09 00:00:00.000000000,Unknown,Canada,0
2108,LoopMe,London,Marketing,8,0.04,2020-04-09 00:00:00.000000000,Unknown,United Kingdom,32
2109,CipherTrace,SF Bay Area,Crypto,0,0.0,2020-04-09 00:00:00.000000000,Unknown,United States,18
2110,Elliptic,London,Crypto,0,0.3,2020-04-09 00:00:00.000000000,Series B,United Kingdom,40
2111,Zest AI,Los Angeles,Finance,0,0.0,2020-04-09 00:00:00.000000000,Unknown,United States,217
2112,Eventbrite,SF Bay Area,Consumer,500,0.45,2020-04-08 00:00:00.000000000,Post-IPO,United States,332
2113,Meesho,Bengaluru,Retail,200,0.28,2020-04-08 00:00:00.000000000,Series D,India,215
2114,Scoop,SF Bay Area,Transportation,92,0.33,2020-04-08 00:00:00.000000000,Series C,United States,95
2115,Unison,SF Bay Area,Finance,89,0.45,2020-04-08 00:00:00.000000000,Series B,United States,40
2116,Lever,SF Bay Area,Recruiting,86,0.4,2020-04-08 00:00:00.000000000,Series C,United States,72
2117,Unbabel,Lisbon,Support,80,0.35,2020-04-08 00:00:00.000000000,Series C,Portugal,91
2118,Button,New York City,Marketing,48,0.35,2020-04-08 00:00:00.000000000,Series C,United States,64
2119,Eden / Managed By Q,New York City,Real Estate,40,0.4,2020-04-08 00:00:00.000000000,Series B,United States,40
2120,Quantcast,SF Bay Area,Marketing,30,0.05,2020-04-08 00:00:00.000000000,Series C,United States,65
2121,BVAccel,San Diego,Marketing,25,0.25,2020-04-08 00:00:00.000000000,Unknown,United States,0
2122,VideoAmp,Los Angeles,Marketing,21,0.1,2020-04-08 00:00:00.000000000,Series C,United States,106
2123,Kenoby,Sao Paulo,Recruiting,18,0.16,2020-04-08 00:00:00.000000000,Unknown,Brazil,23
2124,Connected,Toronto,Product,17,0.1,2020-04-08 00:00:00.000000000,Unknown,Canada,0
2125,GetNinjas,Sao Paulo,Consumer,11,0.1,2020-04-08 00:00:00.000000000,Series B,Brazil,16
2126,Spyce,Boston,Food,4,0.12,2020-04-08 00:00:00.000000000,Series A,United States,26
2127,Creditas,Sao Paulo,Finance,0,0.06,2020-04-08 00:00:00.000000000,Series D,Brazil,314
2128,Lytics,Portland,Marketing,0,0.0,2020-04-08 00:00:00.000000000,Series C,United States,58
2129,RedDoorz,Singapore,Travel,0,0.1,2020-04-08 00:00:00.000000000,Series C,Singapore,134
2130,Slice Labs,New York City,Finance,0,0.0,2020-04-08 00:00:00.000000000,Series A,United States,35
2131,TechAdvance,Lagos,Finance,0,0.0,2020-04-08 00:00:00.000000000,Unknown,Nigeria,1
2132,Zola,New York City,Retail,0,0.2,2020-04-08 00:00:00.000000000,Series D,United States,140
2133,Toast,Boston,Food,1300,0.5,2020-04-07 00:00:00.000000000,Series F,United States,902
2134,ezCater,Boston,Food,400,0.44,2020-04-07 00:00:00.000000000,Series D,United States,319
2135,Sage Therapeutics,Boston,Healthcare,340,0.53,2020-04-07 00:00:00.000000000,Post-IPO,United States,438
2136,Redfin,Seattle,Real Estate,236,0.07,2020-04-07 00:00:00.000000000,Post-IPO,United States,319
2137,Branch Metrics,SF Bay Area,Marketing,100,0.2,2020-04-07 00:00:00.000000000,Series E,United States,367
2138,Newfront Insurance,SF Bay Area,Finance,94,0.0,2020-04-07 00:00:00.000000000,Unknown,United States,0
2139,Ibotta,Denver,Retail,87,0.15,2020-04-07 00:00:00.000000000,Series D,United States,85
2140,Virta Health,SF Bay Area,Healthcare,65,0.0,2020-04-07 00:00:00.000000000,Series C,United States,175
2141,Away,New York City,Retail,60,0.1,2020-04-07 00:00:00.000000000,Series D,United States,181
2142,MediaMath,New York City,Marketing,53,0.08,2020-04-07 00:00:00.000000000,Private Equity,United States,607
2143,Group Nine Media,New York City,Media,50,0.07,2020-04-07 00:00:00.000000000,Unknown,United States,190
2144,Payfactors,Boston,HR,46,0.0,2020-04-07 00:00:00.000000000,Unknown,United States,0
2145,Nav,Salt Lake City,Finance,30,0.0,2020-04-07 00:00:00.000000000,Series C,United States,99
2146,AskNicely,Portland,Support,0,0.0,2020-04-07 00:00:00.000000000,Series A,United States,15
2147,RainFocus,Salt Lake City,Marketing,0,0.0,2020-04-07 00:00:00.000000000,Private Equity,United States,41
2148,Metromile,SF Bay Area,Finance,100,0.33,2020-04-06 00:00:00.000000000,Series E,United States,293
2149,Rock Content,Belo Horizonte,Marketing,100,0.2,2020-04-06 00:00:00.000000000,Series A,Brazil,0
2150,BounceX,New York City,Marketing,77,0.2,2020-04-06 00:00:00.000000000,Series B,United States,75
2151,C6 Bank,Sao Paulo,Finance,60,0.06,2020-04-06 00:00:00.000000000,Unknown,Brazil,0
2152,Wordstream,Boston,Marketing,26,0.1,2020-04-06 00:00:00.000000000,Acquired,United States,28
2153,Cogito,Boston,Support,24,0.14,2020-04-06 00:00:00.000000000,Series C,United States,92
2154,BusBud,Montreal,Transportation,23,0.32,2020-04-06 00:00:00.000000000,Series B,Canada,21
2155,Borrowell,Toronto,Finance,15,0.2,2020-04-06 00:00:00.000000000,Series B,Canada,72
2156,PerkSpot,Chicago,HR,10,0.1,2020-04-06 00:00:00.000000000,Private Equity,United States,50
2157,Bitfarms,Quebec,Crypto,0,0.0,2020-04-06 00:00:00.000000000,Post-IPO,Canada,25
2158,Hopper,Boston,Travel,0,0.0,2020-04-06 00:00:00.000000000,Series D,United States,183
2159,Mapbox,Washington D.C.,Data,0,0.0,2020-04-06 00:00:00.000000000,Series C,United States,227
2160,Astra,SF Bay Area,Aerospace,40,0.25,2020-04-05 00:00:00.000000000,Unknown,United States,100
2161,Iflix,Kuala Lumpur,Consumer,50,0.12,2020-04-04 00:00:00.000000000,Unknown,Malaysia,348
2162,Gympass,Sao Paulo,Fitness,467,0.33,2020-04-03 00:00:00.000000000,Series D,Brazil,300
2163,Sojern,SF Bay Area,Marketing,300,0.5,2020-04-03 00:00:00.000000000,Series D,United States,162
2164,MaxMilhas,Belo Horizonte,Travel,167,0.42,2020-04-03 00:00:00.000000000,Unknown,Brazil,0
2165,Minted,SF Bay Area,Retail,147,0.37,2020-04-03 00:00:00.000000000,Series E,United States,297
2166,Velodyne Lidar,SF Bay Area,Transportation,140,0.0,2020-04-03 00:00:00.000000000,Unknown,United States,225
2167,Zoox,SF Bay Area,Transportation,120,0.0,2020-04-03 00:00:00.000000000,Series B,United States,955
2168,Traveloka,Jakarta,Travel,100,0.1,2020-04-03 00:00:00.000000000,Unknown,Indonesia,0
2169,Arrive Logistics,Austin,Logistics,75,0.07,2020-04-03 00:00:00.000000000,Series B,United States,35
2170,Salsify,Boston,Retail,60,0.13,2020-04-03 00:00:00.000000000,Series D,United States,97
2171,Jetty,New York City,Finance,35,0.4,2020-04-03 00:00:00.000000000,Series B,United States,40
2172,D2iQ,SF Bay Area,Infrastructure,34,0.13,2020-04-03 00:00:00.000000000,Series D,United States,247
2173,Bustle Digital Group,New York City,Media,24,0.08,2020-04-03 00:00:00.000000000,Series E,United States,80
2174,Bustle Digital Group,New York City,Media,19,0.0,2020-04-03 00:00:00.000000000,Series E,United States,80
2175,Opencare,Toronto,Healthcare,18,0.25,2020-04-03 00:00:00.000000000,Series A,Canada,24
2176,Anagram,Los Angeles,Healthcare,17,0.0,2020-04-03 00:00:00.000000000,Series A,United States,14
2177,G/O Media Group,New York City,Media,14,0.05,2020-04-03 00:00:00.000000000,Unknown,United States,0
2178,DSCO,Salt Lake City,Retail,12,0.0,2020-04-03 00:00:00.000000000,Series A,United States,4
2179,Tripbam,Dallas,Travel,10,0.25,2020-04-03 00:00:00.000000000,Unknown,United States,0
2180,Avantage Entertainment,Minneapolis,Media,5,0.2,2020-04-03 00:00:00.000000000,Unknown,United States,0
2181,Alegion,Austin,Data,0,0.0,2020-04-03 00:00:00.000000000,Series A,United States,16
2182,AllyO,SF Bay Area,HR,0,0.0,2020-04-03 00:00:00.000000000,Series B,United States,64
2183,Mews,Prague,Travel,0,0.0,2020-04-03 00:00:00.000000000,Series B,Czech Republic,41
2184,PeopleGrove,SF Bay Area,HR,0,0.0,2020-04-03 00:00:00.000000000,Series A,United States,7
2185,The Muse,New York City,Recruiting,0,0.0,2020-04-03 00:00:00.000000000,Series B,United States,28
2186,The Wing,New York City,Real Estate,0,0.5,2020-04-03 00:00:00.000000000,Series C,United States,117
2187,MindBody,San Luis Obispo,Fitness,700,0.35,2020-04-02 00:00:00.000000000,Post-IPO,United States,114
2188,Katerra,SF Bay Area,Construction,240,0.03,2020-04-02 00:00:00.000000000,Series D,United States,1200
2189,Ritual,Toronto,Food,196,0.54,2020-04-02 00:00:00.000000000,Series C,Canada,112
2190,ClassPass,New York City,Fitness,154,0.22,2020-04-02 00:00:00.000000000,Series E,United States,549
2191,eGym,Munich,Fitness,100,0.25,2020-04-02 00:00:00.000000000,Series D,Germany,109
2192,Voi,Stockholm,Transportation,100,0.0,2020-04-02 00:00:00.000000000,Series B,Sweden,167
2193,Industrious,New York City,Real Estate,90,0.2,2020-04-02 00:00:00.000000000,Series D,United States,222
2194,1stdibs,New York City,Retail,70,0.17,2020-04-02 00:00:00.000000000,Series D,United States,253
2195,ThirdLove,SF Bay Area,Retail,65,0.3,2020-04-02 00:00:00.000000000,Series B,United States,68
2196,Latch,New York City,Security,60,0.0,2020-04-02 00:00:00.000000000,Series B,United States,152
2197,The Predictive Index,Boston,HR,59,0.25,2020-04-02 00:00:00.000000000,Acquired,United States,65
2198,Shuttl,New Delhi,Transportation,40,0.0,2020-04-02 00:00:00.000000000,Series C,India,122
2199,Jobcase,Boston,Recruiting,39,0.2,2020-04-02 00:00:00.000000000,Private Equity,United States,118
2200,Copper,SF Bay Area,Marketing,35,0.0,2020-04-02 00:00:00.000000000,Series C,United States,102
2201,Dynamic Signal,SF Bay Area,HR,35,0.19,2020-04-02 00:00:00.000000000,Series E,United States,114
2202,FiscalNote,Washington D.C.,Media,30,0.0,2020-04-02 00:00:00.000000000,Series D,United States,50
2203,Sauce Labs,SF Bay Area,Infrastructure,30,0.15,2020-04-02 00:00:00.000000000,Unknown,United States,151
2204,Humu,SF Bay Area,HR,26,0.0,2020-04-02 00:00:00.000000000,Series B,United States,40
2205,TripleLift,New York City,Marketing,23,0.07,2020-04-02 00:00:00.000000000,Series B,United States,16
2206,Coding Dojo,Seattle,Education,7,0.07,2020-04-02 00:00:00.000000000,Unknown,United States,2
2207,Instamojo,Bengaluru,Finance,6,0.06,2020-04-02 00:00:00.000000000,Unknown,India,8
2208,Synergysuite,Salt Lake City,Food,5,0.07,2020-04-02 00:00:00.000000000,Series A,United States,6
2209,Atlanta Tech Village,Atlanta,Real Estate,0,0.5,2020-04-02 00:00:00.000000000,Unknown,United States,0
2210,Capillary,Bengaluru,Retail,0,0.0,2020-04-02 00:00:00.000000000,Private Equity,India,102
2211,Modsy,SF Bay Area,Retail,0,0.0,2020-04-02 00:00:00.000000000,Series C,United States,70
2212,The Modist,Dubai,Retail,0,1.0,2020-04-02 00:00:00.000000000,Unknown,United Arab Emirates,0
2213,Wonder,New York City,Other,0,0.0,2020-04-02 00:00:00.000000000,Unknown,United States,0
2214,Booksy,SF Bay Area,Consumer,200,0.0,2020-04-01 00:00:00.000000000,Series B,United States,48
2215,Flymya,Yangon,Travel,200,0.33,2020-04-01 00:00:00.000000000,Unknown,Myanmar,0
2216,PatientPop,Los Angeles,Healthcare,100,0.2,2020-04-01 00:00:00.000000000,Series B,United States,75
2217,Showpad,Chicago,Marketing,52,0.12,2020-04-01 00:00:00.000000000,Series D,United States,159
2218,Highsnobiety,Berlin,Media,51,0.25,2020-04-01 00:00:00.000000000,Series A,Germany,8
2219,Earnin,SF Bay Area,Finance,50,0.2,2020-04-01 00:00:00.000000000,Series C,United States,190
2220,Wonolo,SF Bay Area,Recruiting,46,0.13,2020-04-01 00:00:00.000000000,Series C,United States,52
2221,Acko,Mumbai,Finance,45,0.09,2020-04-01 00:00:00.000000000,Unknown,India,143
2222,Moovel,Portland,Transportation,28,0.37,2020-04-01 00:00:00.000000000,Unknown,United States,0
2223,Aqua Security,Tel Aviv,Security,24,0.09,2020-04-01 00:00:00.000000000,Series C,Israel,100
2224,Crayon,Boston,Marketing,20,0.2,2020-04-01 00:00:00.000000000,Series A,United States,16
2225,Pana,Denver,Travel,18,0.0,2020-04-01 00:00:00.000000000,Series A,United States,11
2226,Sensibill,Toronto,Finance,17,0.2,2020-04-01 00:00:00.000000000,Series B,Canada,50
2227,Usermind,Seattle,Marketing,15,0.25,2020-04-01 00:00:00.000000000,Series C,United States,46
2228,Incredible Health,SF Bay Area,Healthcare,9,0.4,2020-04-01 00:00:00.000000000,Series A,United States,15
2229,Currency,Los Angeles,Finance,0,0.0,2020-04-01 00:00:00.000000000,Unknown,United States,0
2230,GOAT Group,Los Angeles,Retail,0,0.0,2020-04-01 00:00:00.000000000,Series D,United States,197
2231,Le Tote,SF Bay Area,Retail,0,0.5,2020-04-01 00:00:00.000000000,Series C,United States,62
2232,Levelset,New Orleans,Construction,0,0.0,2020-04-01 00:00:00.000000000,Series C,United States,46
2233,Pebblepost,New York City,Marketing,0,0.6,2020-04-01 00:00:00.000000000,Series C,United States,81
2234,WhyHotel,Washington D.C.,Travel,0,0.5,2020-04-01 00:00:00.000000000,Series B,United States,33
2235,KeepTruckin,SF Bay Area,Logistics,349,0.18,2020-03-31 00:00:00.000000000,Series D,United States,227
2236,AdRoll,Salt Lake City,Marketing,210,0.3,2020-03-31 00:00:00.000000000,Series C,United States,89
2237,Rover,Seattle,Consumer,194,0.41,2020-03-31 00:00:00.000000000,Series G,United States,310
2238,Turo,SF Bay Area,Transportation,108,0.3,2020-03-31 00:00:00.000000000,Series E,United States,467
2239,uShip,Austin,Logistics,65,0.37,2020-03-31 00:00:00.000000000,Series D,United States,69
2240,SkySlope,Sacramento,Real Estate,50,0.25,2020-03-31 00:00:00.000000000,Acquired,United States,0
2241,Siteimprove,Minneapolis,Marketing,40,0.0,2020-03-31 00:00:00.000000000,Unknown,United States,55
2242,AngelList,SF Bay Area,Recruiting,20,0.0,2020-03-31 00:00:00.000000000,Series B,United States,26
2243,Zenoti,Seattle,Fitness,17,0.04,2020-03-31 00:00:00.000000000,Series C,United States,91
2244,DialSource,Sacramento,Marketing,5,0.14,2020-03-31 00:00:00.000000000,Series B,United States,26
2245,Adara,SF Bay Area,Travel,0,0.0,2020-03-31 00:00:00.000000000,Series C,United States,67
2246,Claravine,Salt Lake City,Marketing,0,0.0,2020-03-31 00:00:00.000000000,Seed,United States,4
2247,Domio,New York City,Travel,0,0.3,2020-03-31 00:00:00.000000000,Series B,United States,116
2248,Kazoo,Austin,HR,0,0.35,2020-03-31 00:00:00.000000000,Series A,United States,8
2249,Snap Finance,Salt Lake City,Finance,0,0.0,2020-03-31 00:00:00.000000000,Unknown,United States,0
2250,Zerto,Boston,Infrastructure,0,0.0,2020-03-31 00:00:00.000000000,Series E,United States,130
2251,Thumbtack,SF Bay Area,Consumer,250,0.3,2020-03-30 00:00:00.000000000,Series F,United States,423
2252,RigUp,Austin,Energy,120,0.25,2020-03-30 00:00:00.000000000,Series D,United States,423
2253,FabHotels,New Delhi,Travel,80,0.2,2020-03-30 00:00:00.000000000,Series B,India,48
2254,Hibob,Tel Aviv,HR,70,0.3,2020-03-30 00:00:00.000000000,Series A,Israel,45
2255,PeerStreet,Los Angeles,Finance,51,0.3,2020-03-30 00:00:00.000000000,Series C,United States,110
2256,Maven,Seattle,Media,31,0.09,2020-03-30 00:00:00.000000000,Post-IPO,United States,77
2257,Blume Global,SF Bay Area,Logistics,30,0.1,2020-03-30 00:00:00.000000000,Unknown,United States,0
2258,Catalant,Boston,Other,30,0.0,2020-03-30 00:00:00.000000000,Series E,United States,110
2259,Starship Technologies,Tallinn,Transportation,30,0.0,2020-03-30 00:00:00.000000000,Series A,Estonia,82
2260,Loftsmart,New York City,Real Estate,25,0.75,2020-03-30 00:00:00.000000000,Series A,United States,18
2261,Caliva,SF Bay Area,Retail,20,0.0,2020-03-30 00:00:00.000000000,Series A,United States,75
2262,Iris Nova,New York City,Food,9,0.5,2020-03-30 00:00:00.000000000,Seed,United States,15
2263,Cuyana,SF Bay Area,Retail,0,0.0,2020-03-30 00:00:00.000000000,Series C,United States,31
2264,ZipRecruiter,Los Angeles,Recruiting,400,0.39,2020-03-29 00:00:00.000000000,Series B,United States,219
2265,Amplero,Seattle,Marketing,17,1.0,2020-03-29 00:00:00.000000000,Series B,United States,25
2266,Polarr,SF Bay Area,Consumer,10,0.0,2020-03-29 00:00:00.000000000,Series A,United States,13
2267,TravelTriangle,Gurugram,Travel,250,0.5,2020-03-28 00:00:00.000000000,Series D,India,47
2268,WeWork,New York City,Real Estate,250,0.0,2020-03-28 00:00:00.000000000,Series H,United States,2250
2269,Rent the Runway,New York City,Retail,0,0.0,2020-03-28 00:00:00.000000000,Series F,United States,541
2270,OneWeb,London,Aerospace,451,0.85,2020-03-27 00:00:00.000000000,Unknown,United Kingdom,3000
2271,Bird,Los Angeles,Transportation,406,0.3,2020-03-27 00:00:00.000000000,Series D,United States,623
2272,HOOQ,Singapore,Consumer,250,1.0,2020-03-27 00:00:00.000000000,Unknown,Singapore,95
2273,Everlane,SF Bay Area,Retail,227,0.0,2020-03-27 00:00:00.000000000,Unknown,United States,18
2274,DataRobot,Boston,Data,200,0.0,2020-03-27 00:00:00.000000000,Series E,United States,430
2275,Restaurant365,Los Angeles,Food,175,0.0,2020-03-27 00:00:00.000000000,Series C,United States,127
2276,Blueground,New York City,Real Estate,130,0.25,2020-03-27 00:00:00.000000000,Series B,United States,77
2277,Knotel,New York City,Real Estate,127,0.3,2020-03-27 00:00:00.000000000,Series C,United States,560
2278,Getaround,SF Bay Area,Transportation,100,0.25,2020-03-27 00:00:00.000000000,Series D,United States,403
2279,Zipcar,Boston,Transportation,100,0.2,2020-03-27 00:00:00.000000000,Acquired,United States,107
2280,Mogo,Vancouver,Finance,78,0.3,2020-03-27 00:00:00.000000000,Post-IPO,Canada,201
2281,DISCO,Austin,Legal,75,0.0,2020-03-27 00:00:00.000000000,Series E,United States,133
2282,Raken,San Diego,Construction,60,0.0,2020-03-27 00:00:00.000000000,Series A,United States,12
2283,Bench,Vancouver,Finance,47,0.1,2020-03-27 00:00:00.000000000,Series B,Canada,49
2284,Loft,Sao Paulo,Real Estate,47,0.0,2020-03-27 00:00:00.000000000,Series C,Brazil,263
2285,Oh My Green,SF Bay Area,Food,40,0.0,2020-03-27 00:00:00.000000000,Seed,United States,20
2286,Bevi,Boston,Food,30,0.2,2020-03-27 00:00:00.000000000,Series C,United States,60
2287,Textio,Seattle,Recruiting,30,0.2,2020-03-27 00:00:00.000000000,Unknown,United States,41
2288,Opal,Portland,Marketing,20,0.0,2020-03-27 00:00:00.000000000,Series B,United States,25
2289,ThirdLove,New York City,Retail,10,0.0,2020-03-27 00:00:00.000000000,Series B,United States,68
2290,Bcredi,Curitiba,Finance,0,0.0,2020-03-27 00:00:00.000000000,Series A,Brazil,0
2291,Make School,SF Bay Area,Education,0,0.0,2020-03-27 00:00:00.000000000,Unknown,United States,0
2292,Pivot3,Austin,Infrastructure,0,0.0,2020-03-27 00:00:00.000000000,Series H,United States,273
2293,B8ta,SF Bay Area,Retail,250,0.5,2020-03-26 00:00:00.000000000,Series C,United States,88
2294,Fareportal,Gurugram,Travel,200,0.0,2020-03-26 00:00:00.000000000,Unknown,India,0
2295,Puppet,Portland,Infrastructure,50,0.1,2020-03-26 00:00:00.000000000,Series F,United States,149
2296,Ecobee,Toronto,Energy,47,0.1,2020-03-26 00:00:00.000000000,Series C,Canada,149
2297,Passport,Charlotte,Transportation,44,0.0,2020-03-26 00:00:00.000000000,Series D,United States,123
2298,Peerspace,SF Bay Area,Real Estate,41,0.75,2020-03-26 00:00:00.000000000,Series B,United States,34
2299,GoSpotCheck,Denver,Retail,23,0.2,2020-03-26 00:00:00.000000000,Series B,United States,47
2300,Consider.co,SF Bay Area,Other,13,1.0,2020-03-26 00:00:00.000000000,Seed,United States,5
2301,Nativo,Los Angeles,Marketing,0,0.4,2020-03-26 00:00:00.000000000,Series B,United States,35
2302,TripActions,SF Bay Area,Travel,300,0.25,2020-03-25 00:00:00.000000000,Series D,United States,981
2303,Lyric,SF Bay Area,Real Estate,100,0.0,2020-03-25 00:00:00.000000000,Series B,United States,179
2304,Rangle,Toronto,Product,78,0.3,2020-03-25 00:00:00.000000000,Unknown,Canada,0
2305,O'Reilly Media,SF Bay Area,Media,75,0.15,2020-03-25 00:00:00.000000000,Unknown,United States,0
2306,WanderJaunt,SF Bay Area,Travel,56,0.23,2020-03-25 00:00:00.000000000,Series B,United States,26
2307,OutboundEngine,Austin,Marketing,52,0.28,2020-03-25 00:00:00.000000000,Series C,United States,48
2308,Wonderschool,SF Bay Area,Education,50,0.75,2020-03-25 00:00:00.000000000,Series A,United States,24
2309,Overtime,New York City,Media,30,0.23,2020-03-25 00:00:00.000000000,Series B,United States,35
2310,Jama,Portland,Product,12,0.05,2020-03-25 00:00:00.000000000,Unknown,United States,233
2311,Element Analytics,SF Bay Area,Data,10,0.0,2020-03-25 00:00:00.000000000,Series A,United States,22
2312,Clever Real Estate,St. Louis,Real Estate,0,0.0,2020-03-25 00:00:00.000000000,Series A,United States,5
2313,Clutter,Los Angeles,Consumer,0,0.3,2020-03-25 00:00:00.000000000,Series D,United States,296
2314,Divvy Homes,SF Bay Area,Real Estate,0,0.08,2020-03-25 00:00:00.000000000,Series B,United States,180
2315,Universal Standard,New York City,Retail,0,0.0,2020-03-25 00:00:00.000000000,Series A,United States,8
2316,Sonder,SF Bay Area,Travel,400,0.33,2020-03-24 00:00:00.000000000,Series D,United States,359
2317,Takl,Nashville,Consumer,130,0.0,2020-03-24 00:00:00.000000000,Unknown,United States,0
2318,Foodsby,Minneapolis,Food,87,0.67,2020-03-24 00:00:00.000000000,Series B,United States,20
2319,Zeus Living,SF Bay Area,Real Estate,80,0.3,2020-03-24 00:00:00.000000000,Series B,United States,79
2320,TravelBank,SF Bay Area,Travel,20,0.0,2020-03-24 00:00:00.000000000,Series B,United States,35
2321,Flowr,Toronto,Retail,0,0.25,2020-03-24 00:00:00.000000000,Unknown,Canada,0
2322,Peerfit,Tampa Bay,HR,0,0.4,2020-03-24 00:00:00.000000000,Unknown,United States,47
2323,SpotHero,Chicago,Transportation,0,0.0,2020-03-24 00:00:00.000000000,Series D,United States,117
2324,Compass,New York City,Real Estate,375,0.15,2020-03-23 00:00:00.000000000,Series G,United States,1600
2325,Convene,New York City,Real Estate,150,0.18,2020-03-23 00:00:00.000000000,Series D,United States,280
2326,Leafly,Seattle,Retail,91,0.5,2020-03-23 00:00:00.000000000,Acquired,United States,2
2327,The Guild,Austin,Travel,38,0.22,2020-03-23 00:00:00.000000000,Series B,United States,36
2328,Drip,Salt Lake City,Marketing,20,0.0,2020-03-23 00:00:00.000000000,Acquired,United States,0
2329,GrayMeta,Los Angeles,Data,20,0.4,2020-03-23 00:00:00.000000000,Unknown,United States,7
2330,Triplebyte,SF Bay Area,Recruiting,15,0.17,2020-03-23 00:00:00.000000000,Series B,United States,48
2331,Ladder Life,SF Bay Area,Finance,13,0.25,2020-03-23 00:00:00.000000000,Series C,United States,94
2332,Cabin,SF Bay Area,Travel,0,0.2,2020-03-23 00:00:00.000000000,Seed,United States,3
2333,Eight Sleep,New York City,Retail,0,0.2,2020-03-23 00:00:00.000000000,Series C,United States,70
2334,Zwift,Los Angeles,Fitness,0,0.0,2020-03-23 00:00:00.000000000,Series B,United States,164
2335,Flywheel Sports,New York City,Fitness,784,0.98,2020-03-20 00:00:00.000000000,Acquired,United States,120
2336,Peek,Salt Lake City,Travel,45,0.0,2020-03-20 00:00:00.000000000,Series B,United States,39
2337,CTO.ai,Vancouver,Infrastructure,30,0.5,2020-03-20 00:00:00.000000000,Seed,Canada,7
2338,Yonder,Austin,Media,18,0.0,2020-03-20 00:00:00.000000000,Series A,United States,16
2339,Service,Los Angeles,Travel,0,1.0,2020-03-20 00:00:00.000000000,Seed,United States,5
2340,Vacasa,Portland,Travel,0,0.0,2020-03-20 00:00:00.000000000,Series C,United States,526
2341,Bounce,Bengaluru,Transportation,120,0.0,2020-03-19 00:00:00.000000000,Series D,India,214
2342,Ejento,SF Bay Area,Recruiting,84,1.0,2020-03-19 00:00:00.000000000,Unknown,United States,0
2343,Remote Year,Chicago,Travel,50,0.5,2020-03-19 00:00:00.000000000,Series B,United States,17
2344,Lola,Boston,Travel,34,0.0,2020-03-19 00:00:00.000000000,Series C,United States,81
2345,Anyvision,Tel Aviv,Security,0,0.0,2020-03-19 00:00:00.000000000,Series A,Israel,74
2346,Popin,New York City,Fitness,0,1.0,2020-03-19 00:00:00.000000000,Unknown,United States,13
2347,Tuft & Needle,Phoenix,Retail,0,0.0,2020-03-19 00:00:00.000000000,Acquired,United States,0
2348,Flytedesk,Boulder,Marketing,4,0.2,2020-03-18 00:00:00.000000000,Seed,United States,4
2349,Inspirato,Denver,Travel,130,0.22,2020-03-16 00:00:00.000000000,Series C,United States,79
2350,Help.com,Austin,Support,16,1.0,2020-03-16 00:00:00.000000000,Seed,United States,6
2351,Service,Los Angeles,Travel,0,1.0,2020-03-16 00:00:00.000000000,Seed,United States,5
2352,HopSkipDrive,Los Angeles,Transportation,8,0.1,2020-03-13 00:00:00.000000000,Unknown,United States,45
2353,Panda Squad,SF Bay Area,Consumer,6,0.75,2020-03-13 00:00:00.000000000,Seed,United States,1
2354,Tamara Mellon,Los Angeles,Retail,20,0.4,2020-03-12 00:00:00.000000000,Series C,United States,90
2355,EasyPost,Salt Lake City,Logistics,75,0.0,2020-03-11 00:00:00.000000000,Series A,United States,12
2356,Blackbaud,Charleston,Other,500,0.14,2262-04-11 23:47:16.854775807,Post-IPO,United States,0
2357,Yahoo,SF Bay Area,Consumer,1600,0.2,2023-02-09 00:00:00.000000000,Acquired,United States,6
2358,Hibob,Tel Aviv,HR,70,0.3,2020-03-30 00:00:00.000000000,Series A,Israel,45
2359,Casper,New York City,Retail,0,0.0,2021-09-14 00:00:00.000000000,Post-IPO,United States,339
2360,Wildlife Studios,Sao Paulo,Consumer,300,0.2,2022-11-28 00:00:00.000000000,Unknown,Brazil,260
