,Unnamed: 0,Book Id,Title,Author,Author l-f,Additional Authors,ISBN,ISBN13,My Rating,Average Rating,Publisher,Binding,Number of Pages,Original Publication Year,Date Read,Date Added,Bookshelves,Bookshelves with positions,Exclusive Shelf,My Review,Spoiler,Private Notes,Read Count,Owned Copies,Published Date,Maturity Rating,Description,Country,Retail Price,Currency
0,0,18400112,"The Devil Wears Scrubs (Dr. Jane McGill, #1)",Freida McFadden,"McFadden, Freida",,0,0,3,3.44,Hollywood Upstairs Publishing,Kindle Edition,328,2013,,2025-12-01,,,read,,,,1,0,2025-10-30,NOT_MATURE,"Have you ever wondered why that 13-digit number on the back of a book costs $125 in the United States but is completely free in Canada and India? This book, The Global ISBN Handbook, is your 2025 guide to the International Standard Book Number. It explains everything about this global ""fingerprint"" for books. The ISBN is the most important cornerstone of the publishing industry. It started as a simple warehouse tool in the 1960s. Now, it is a complex digital identifier used in over 200 countries. This handbook deconstructs the entire system. It uses 15 distinct national case studies to do this. You will learn how the old 10-digit system changed to the new 13-digit one. We break down the five parts of the ISBN, from the ""Bookland"" prefix to the final check digit. The book explores the global governance framework, starting with the International ISBN Agency. Then, it dives deep into how different countries run their systems. You'll see the privatized, high-cost model in the United States. You'll compare it to Canada's free, government-run system. We explore the industry-led models in Brazil and Germany. We look at government-run systems in Mexico and India. We even cover the unique case of China, where the ISBN is not a simple identifier but a state-controlled publication license. The book also examines the systems in the UK , France , Russia , Japan , Australia , South Africa , Nigeria , and Egypt. Many books and websites can tell you how to get an ISBN. This handbook is the only resource that explains why the process is so different everywhere you look. It moves beyond a simple ""how-to"" and provides a true global analysis. It directly compares the privatized, for-profit models in the US and UK against the free, public-good systems in Canada and South Africa. You won't just learn the price; you will understand the cultural policies, market structures, and legal philosophies that shape that price. This book shows how the ISBN is a ""global mirror"". It reveals how a simple number can be a commercial product in one nation , a tool of cultural policy in another , and an instrument of state control in a third. This comparative insight is the missing piece for any author, publisher, or researcher trying to navigate the complex international publishing market. Disclaimer: This handbook is an independently produced resource for commentary and analysis. The author has no affiliation with the International ISBN Agency, R.R. Bowker, Library and Archives Canada, the National Press and Publication Administration, or any other national ISBN agency. This work is independently produced under the principle of nominative fair use.",US,,
1,1,62047984,Yellowface,R.F. Kuang,"Kuang, R.F.",,0,0,4,3.73,William Morrow,Paperback,319,2023,,2023-12-10,,,read,,,,1,0,2025-10-30,NOT_MATURE,"Have you ever wondered why that 13-digit number on the back of a book costs $125 in the United States but is completely free in Canada and India? This book, The Global ISBN Handbook, is your 2025 guide to the International Standard Book Number. It explains everything about this global ""fingerprint"" for books. The ISBN is the most important cornerstone of the publishing industry. It started as a simple warehouse tool in the 1960s. Now, it is a complex digital identifier used in over 200 countries. This handbook deconstructs the entire system. It uses 15 distinct national case studies to do this. You will learn how the old 10-digit system changed to the new 13-digit one. We break down the five parts of the ISBN, from the ""Bookland"" prefix to the final check digit. The book explores the global governance framework, starting with the International ISBN Agency. Then, it dives deep into how different countries run their systems. You'll see the privatized, high-cost model in the United States. You'll compare it to Canada's free, government-run system. We explore the industry-led models in Brazil and Germany. We look at government-run systems in Mexico and India. We even cover the unique case of China, where the ISBN is not a simple identifier but a state-controlled publication license. The book also examines the systems in the UK , France , Russia , Japan , Australia , South Africa , Nigeria , and Egypt. Many books and websites can tell you how to get an ISBN. This handbook is the only resource that explains why the process is so different everywhere you look. It moves beyond a simple ""how-to"" and provides a true global analysis. It directly compares the privatized, for-profit models in the US and UK against the free, public-good systems in Canada and South Africa. You won't just learn the price; you will understand the cultural policies, market structures, and legal philosophies that shape that price. This book shows how the ISBN is a ""global mirror"". It reveals how a simple number can be a commercial product in one nation , a tool of cultural policy in another , and an instrument of state control in a third. This comparative insight is the missing piece for any author, publisher, or researcher trying to navigate the complex international publishing market. Disclaimer: This handbook is an independently produced resource for commentary and analysis. The author has no affiliation with the International ISBN Agency, R.R. Bowker, Library and Archives Canada, the National Press and Publication Administration, or any other national ISBN agency. This work is independently produced under the principle of nominative fair use.",US,,
2,2,58416952,"The Will of the Many (Hierarchy, #1)",James  Islington,"Islington, James",,1982141190,9781982141196,0,4.6,Gallery / Saga Press,Kindle Edition,639,2023,,2025-12-01,to-read,to-read (#52),to-read,,,,0,0,2023-05-23,NOT_MATURE,"At the elite Catenan Academy, a young fugitive uncovers layered mysteries and world-changing secrets in this “brilliant and gut-churning masterpiece” (Library Journal, starred review) by the internationally bestselling author of The Licanius Trilogy, James Islington. The Catenan Republic—the Hierarchy—may rule the world now, but they do not know everything. I tell them my name is Vis Telimus. I tell them I was orphaned after a tragic accident three years ago, and that good fortune alone has led to my acceptance into their most prestigious school. I tell them that once I graduate, I will gladly join the rest of civilized society in allowing my strength, my drive, and my focus—what they call Will—to be leeched away and added to the power of those above me, as millions already do. As all must eventually do. I tell them that I belong, and they believe me. But the truth is that I have been sent to the Academy to find answers. To solve a murder. To search for an ancient weapon. To uncover secrets that may tear the Republic apart. And that I will never, ever cede my Will to the empire that executed my family. To survive though, I will still have to rise through the Academy’s ranks. I will have to smile, and make friends, and pretend to be one of them, and win. Because if I cannot, then those who want to control me, who know my real name, will no longer have any use for me. And if the Hierarchy finds out who I truly am, they will kill me.",US,16.99,USD
3,3,20886354,"Skin Deep (Legion, #2)",Brandon Sanderson,"Sanderson, Brandon",Jon Foster,0,0,4,4.12,Subterranean Press,Leather Bound,208,2014,2025-11-07,2025-11-07,,,read,,,,1,0,2025-10-30,NOT_MATURE,"Have you ever wondered why that 13-digit number on the back of a book costs $125 in the United States but is completely free in Canada and India? This book, The Global ISBN Handbook, is your 2025 guide to the International Standard Book Number. It explains everything about this global ""fingerprint"" for books. The ISBN is the most important cornerstone of the publishing industry. It started as a simple warehouse tool in the 1960s. Now, it is a complex digital identifier used in over 200 countries. This handbook deconstructs the entire system. It uses 15 distinct national case studies to do this. You will learn how the old 10-digit system changed to the new 13-digit one. We break down the five parts of the ISBN, from the ""Bookland"" prefix to the final check digit. The book explores the global governance framework, starting with the International ISBN Agency. Then, it dives deep into how different countries run their systems. You'll see the privatized, high-cost model in the United States. You'll compare it to Canada's free, government-run system. We explore the industry-led models in Brazil and Germany. We look at government-run systems in Mexico and India. We even cover the unique case of China, where the ISBN is not a simple identifier but a state-controlled publication license. The book also examines the systems in the UK , France , Russia , Japan , Australia , South Africa , Nigeria , and Egypt. Many books and websites can tell you how to get an ISBN. This handbook is the only resource that explains why the process is so different everywhere you look. It moves beyond a simple ""how-to"" and provides a true global analysis. It directly compares the privatized, for-profit models in the US and UK against the free, public-good systems in Canada and South Africa. You won't just learn the price; you will understand the cultural policies, market structures, and legal philosophies that shape that price. This book shows how the ISBN is a ""global mirror"". It reveals how a simple number can be a commercial product in one nation , a tool of cultural policy in another , and an instrument of state control in a third. This comparative insight is the missing piece for any author, publisher, or researcher trying to navigate the complex international publishing market. Disclaimer: This handbook is an independently produced resource for commentary and analysis. The author has no affiliation with the International ISBN Agency, R.R. Bowker, Library and Archives Canada, the National Press and Publication Administration, or any other national ISBN agency. This work is independently produced under the principle of nominative fair use.",US,,
4,4,58778536,Do Not Disturb,Freida McFadden,"McFadden, Freida",,0,0,3,3.9,Hollywood Upstairs Publishing,Kindle Edition,325,2021,2025-11-13,2025-11-18,,,read,,,,1,0,2025-10-30,NOT_MATURE,"Have you ever wondered why that 13-digit number on the back of a book costs $125 in the United States but is completely free in Canada and India? This book, The Global ISBN Handbook, is your 2025 guide to the International Standard Book Number. It explains everything about this global ""fingerprint"" for books. The ISBN is the most important cornerstone of the publishing industry. It started as a simple warehouse tool in the 1960s. Now, it is a complex digital identifier used in over 200 countries. This handbook deconstructs the entire system. It uses 15 distinct national case studies to do this. You will learn how the old 10-digit system changed to the new 13-digit one. We break down the five parts of the ISBN, from the ""Bookland"" prefix to the final check digit. The book explores the global governance framework, starting with the International ISBN Agency. Then, it dives deep into how different countries run their systems. You'll see the privatized, high-cost model in the United States. You'll compare it to Canada's free, government-run system. We explore the industry-led models in Brazil and Germany. We look at government-run systems in Mexico and India. We even cover the unique case of China, where the ISBN is not a simple identifier but a state-controlled publication license. The book also examines the systems in the UK , France , Russia , Japan , Australia , South Africa , Nigeria , and Egypt. Many books and websites can tell you how to get an ISBN. This handbook is the only resource that explains why the process is so different everywhere you look. It moves beyond a simple ""how-to"" and provides a true global analysis. It directly compares the privatized, for-profit models in the US and UK against the free, public-good systems in Canada and South Africa. You won't just learn the price; you will understand the cultural policies, market structures, and legal philosophies that shape that price. This book shows how the ISBN is a ""global mirror"". It reveals how a simple number can be a commercial product in one nation , a tool of cultural policy in another , and an instrument of state control in a third. This comparative insight is the missing piece for any author, publisher, or researcher trying to navigate the complex international publishing market. Disclaimer: This handbook is an independently produced resource for commentary and analysis. The author has no affiliation with the International ISBN Agency, R.R. Bowker, Library and Archives Canada, the National Press and Publication Administration, or any other national ISBN agency. This work is independently produced under the principle of nominative fair use.",US,,
5,5,40121378,Atomic Habits: An Easy & Proven Way to Build Good Habits & Break Bad Ones,James Clear,"Clear, James",,0,0,5,4.32,Avery,Kindle Edition,319,2018,2025-11-17,2025-02-16,,,read,,,,1,0,2025-10-30,NOT_MATURE,"Have you ever wondered why that 13-digit number on the back of a book costs $125 in the United States but is completely free in Canada and India? This book, The Global ISBN Handbook, is your 2025 guide to the International Standard Book Number. It explains everything about this global ""fingerprint"" for books. The ISBN is the most important cornerstone of the publishing industry. It started as a simple warehouse tool in the 1960s. Now, it is a complex digital identifier used in over 200 countries. This handbook deconstructs the entire system. It uses 15 distinct national case studies to do this. You will learn how the old 10-digit system changed to the new 13-digit one. We break down the five parts of the ISBN, from the ""Bookland"" prefix to the final check digit. The book explores the global governance framework, starting with the International ISBN Agency. Then, it dives deep into how different countries run their systems. You'll see the privatized, high-cost model in the United States. You'll compare it to Canada's free, government-run system. We explore the industry-led models in Brazil and Germany. We look at government-run systems in Mexico and India. We even cover the unique case of China, where the ISBN is not a simple identifier but a state-controlled publication license. The book also examines the systems in the UK , France , Russia , Japan , Australia , South Africa , Nigeria , and Egypt. Many books and websites can tell you how to get an ISBN. This handbook is the only resource that explains why the process is so different everywhere you look. It moves beyond a simple ""how-to"" and provides a true global analysis. It directly compares the privatized, for-profit models in the US and UK against the free, public-good systems in Canada and South Africa. You won't just learn the price; you will understand the cultural policies, market structures, and legal philosophies that shape that price. This book shows how the ISBN is a ""global mirror"". It reveals how a simple number can be a commercial product in one nation , a tool of cultural policy in another , and an instrument of state control in a third. This comparative insight is the missing piece for any author, publisher, or researcher trying to navigate the complex international publishing market. Disclaimer: This handbook is an independently produced resource for commentary and analysis. The author has no affiliation with the International ISBN Agency, R.R. Bowker, Library and Archives Canada, the National Press and Publication Administration, or any other national ISBN agency. This work is independently produced under the principle of nominative fair use.",US,,
6,6,22878967,"The Shadow of What Was Lost (The Licanius Trilogy, #1)",James  Islington,"Islington, James",,099258020X,9780992580209,0,4.14,Aslaradis Publishing,Paperback,595,2014,,2025-11-18,to-read,to-read (#51),to-read,,,,0,0,2014-08-01,NOT_MATURE,"""It has been twenty years since the end of the war. The dictatorial Augurs - once thought of almost as gods - were overthrown and wiped out during the conflict, their much-feared powers mysteriously failing them. Those who had ruled under them, men and women with a lesser ability known as the Gift, avoided the Augurs' fate only by submitting themselves to the rebellion's Four Tenets. A representation of these laws is now written into the flesh of any who use the Gift, forcing those so marked into absolute obedience."" As a student of the Gifted, Davian suffers the consequences of a war fought - and lost - before he was born. Despised by most beyond the school walls, he and those around him are all but prisoners as they attempt to learn control of the Gift. Worse, as Davian struggles with his lessons, he knows that there is further to fall if he cannot pass his final tests. But when Davian discovers he has the ability to wield the forbidden power of the Augurs, he sets into motion a chain of events that will change everything. To the north, an ancient enemy long thought defeated begins to stir. And to the west, a young man whose fate is intertwined with Davian's wakes up in the forest, covered in blood and with no memory of who he is...",US,,
7,7,42976986,Meditations,Marcus Aurelius,"Aurelius, Marcus",,0,0,0,4.28,GENERAL PRESS,Kindle Edition,171,180,,2025-03-11,to-read,to-read (#50),to-read,,,,1,0,2025-10-30,NOT_MATURE,"Have you ever wondered why that 13-digit number on the back of a book costs $125 in the United States but is completely free in Canada and India? This book, The Global ISBN Handbook, is your 2025 guide to the International Standard Book Number. It explains everything about this global ""fingerprint"" for books. The ISBN is the most important cornerstone of the publishing industry. It started as a simple warehouse tool in the 1960s. Now, it is a complex digital identifier used in over 200 countries. This handbook deconstructs the entire system. It uses 15 distinct national case studies to do this. You will learn how the old 10-digit system changed to the new 13-digit one. We break down the five parts of the ISBN, from the ""Bookland"" prefix to the final check digit. The book explores the global governance framework, starting with the International ISBN Agency. Then, it dives deep into how different countries run their systems. You'll see the privatized, high-cost model in the United States. You'll compare it to Canada's free, government-run system. We explore the industry-led models in Brazil and Germany. We look at government-run systems in Mexico and India. We even cover the unique case of China, where the ISBN is not a simple identifier but a state-controlled publication license. The book also examines the systems in the UK , France , Russia , Japan , Australia , South Africa , Nigeria , and Egypt. Many books and websites can tell you how to get an ISBN. This handbook is the only resource that explains why the process is so different everywhere you look. It moves beyond a simple ""how-to"" and provides a true global analysis. It directly compares the privatized, for-profit models in the US and UK against the free, public-good systems in Canada and South Africa. You won't just learn the price; you will understand the cultural policies, market structures, and legal philosophies that shape that price. This book shows how the ISBN is a ""global mirror"". It reveals how a simple number can be a commercial product in one nation , a tool of cultural policy in another , and an instrument of state control in a third. This comparative insight is the missing piece for any author, publisher, or researcher trying to navigate the complex international publishing market. Disclaimer: This handbook is an independently produced resource for commentary and analysis. The author has no affiliation with the International ISBN Agency, R.R. Bowker, Library and Archives Canada, the National Press and Publication Administration, or any other national ISBN agency. This work is independently produced under the principle of nominative fair use.",US,,
8,8,37640636,"Lies of the Beholder (Legion, #3)",Brandon Sanderson,"Sanderson, Brandon",,159606885X,9781596068858,4,4.12,Subterranean Press,Hardcover,148,2018,2025-11-07,2025-11-07,,,read,,,,1,0,2018-12-18,NOT_MATURE,"""The third and final entry in the series""--Jacket.",US,,
9,9,13452375,"Legion (Legion, #1)",Brandon Sanderson,"Sanderson, Brandon",Deniz Evliyagil,1596064854,9781596064850,4,4.12,Subterranean Press,Hardcover,88,2012,2025-11-07,2025-11-07,,,read,,,,1,0,2012-01-01,NOT_MATURE,"""Stephen Leeds, AKA 'Legion,' is a man whose unique mental condition allows him to generate a multitude of personae: hallucinatory entities with a wide variety of personal characteristics and a vast array of highly specialized skills. As the story begins, Leeds and his 'aspects' are drawn into the search for the missing Balubal Razon, inventor of a camera whose astonishing properties could alter our understanding of human history and change the very structure of society""--From publisher descriptio",US,,
10,10,196915235,"Butcher & Blackbird (The Ruinous Love Trilogy, #1)",Brynne Weaver,"Weaver, Brynne",,0,0,5,4.01,Zando,Kindle Edition,355,2023,2025-11-06,2025-11-05,,,read,,,,1,0,2025-10-30,NOT_MATURE,"Have you ever wondered why that 13-digit number on the back of a book costs $125 in the United States but is completely free in Canada and India? This book, The Global ISBN Handbook, is your 2025 guide to the International Standard Book Number. It explains everything about this global ""fingerprint"" for books. The ISBN is the most important cornerstone of the publishing industry. It started as a simple warehouse tool in the 1960s. Now, it is a complex digital identifier used in over 200 countries. This handbook deconstructs the entire system. It uses 15 distinct national case studies to do this. You will learn how the old 10-digit system changed to the new 13-digit one. We break down the five parts of the ISBN, from the ""Bookland"" prefix to the final check digit. The book explores the global governance framework, starting with the International ISBN Agency. Then, it dives deep into how different countries run their systems. You'll see the privatized, high-cost model in the United States. You'll compare it to Canada's free, government-run system. We explore the industry-led models in Brazil and Germany. We look at government-run systems in Mexico and India. We even cover the unique case of China, where the ISBN is not a simple identifier but a state-controlled publication license. The book also examines the systems in the UK , France , Russia , Japan , Australia , South Africa , Nigeria , and Egypt. Many books and websites can tell you how to get an ISBN. This handbook is the only resource that explains why the process is so different everywhere you look. It moves beyond a simple ""how-to"" and provides a true global analysis. It directly compares the privatized, for-profit models in the US and UK against the free, public-good systems in Canada and South Africa. You won't just learn the price; you will understand the cultural policies, market structures, and legal philosophies that shape that price. This book shows how the ISBN is a ""global mirror"". It reveals how a simple number can be a commercial product in one nation , a tool of cultural policy in another , and an instrument of state control in a third. This comparative insight is the missing piece for any author, publisher, or researcher trying to navigate the complex international publishing market. Disclaimer: This handbook is an independently produced resource for commentary and analysis. The author has no affiliation with the International ISBN Agency, R.R. Bowker, Library and Archives Canada, the National Press and Publication Administration, or any other national ISBN agency. This work is independently produced under the principle of nominative fair use.",US,,
11,11,55596771,"Speaking Bones (The Dandelion Dynasty, #4)",Ken Liu,"Liu, Ken",,1982148977,9781982148973,0,4.54,Gallery / Saga Press,Hardcover,1047,2022,,2024-05-17,currently-reading,currently-reading (#1),currently-reading,,,,2,0,2022-06-21,NOT_MATURE,"""The concluding book of the Dandelion Dynasty begins in the middle of two wars on two landsamong three peoples separated by an ocean yet held together by invisible strnds of love and ideals. Harried by Lyucu pursuers, Princess Thâera and Pâekyu Takval try to reestablish an ancestral dream even as their hearts grow in doubt. The people of Dara continue the struggle against the genocidal Lyucu as bon nations vacillate between starkly contrasting visions for their futures. Even the gods cannot see through the Wall of Storms, for only mortal hearts can decide mortal fates."" -- From jacket flap",US,,
12,12,226955282,Dating After the End of the World,Jeneva Rose,"Rose, Jeneva",,1662520212,9781662520211,5,3.89,Montlake,Kindle Edition,295,2025,2025-11-05,2025-10-25,,,read,,,,1,0,,,,,,
13,13,52616342,The Perfect Son,Freida McFadden,"McFadden, Freida",,0,0,4,4.0,Hollywood Upstairs Press,Kindle Edition,373,2019,2025-11-06,2025-11-04,,,read,,,,1,0,2025-10-30,NOT_MATURE,"Have you ever wondered why that 13-digit number on the back of a book costs $125 in the United States but is completely free in Canada and India? This book, The Global ISBN Handbook, is your 2025 guide to the International Standard Book Number. It explains everything about this global ""fingerprint"" for books. The ISBN is the most important cornerstone of the publishing industry. It started as a simple warehouse tool in the 1960s. Now, it is a complex digital identifier used in over 200 countries. This handbook deconstructs the entire system. It uses 15 distinct national case studies to do this. You will learn how the old 10-digit system changed to the new 13-digit one. We break down the five parts of the ISBN, from the ""Bookland"" prefix to the final check digit. The book explores the global governance framework, starting with the International ISBN Agency. Then, it dives deep into how different countries run their systems. You'll see the privatized, high-cost model in the United States. You'll compare it to Canada's free, government-run system. We explore the industry-led models in Brazil and Germany. We look at government-run systems in Mexico and India. We even cover the unique case of China, where the ISBN is not a simple identifier but a state-controlled publication license. The book also examines the systems in the UK , France , Russia , Japan , Australia , South Africa , Nigeria , and Egypt. Many books and websites can tell you how to get an ISBN. This handbook is the only resource that explains why the process is so different everywhere you look. It moves beyond a simple ""how-to"" and provides a true global analysis. It directly compares the privatized, for-profit models in the US and UK against the free, public-good systems in Canada and South Africa. You won't just learn the price; you will understand the cultural policies, market structures, and legal philosophies that shape that price. This book shows how the ISBN is a ""global mirror"". It reveals how a simple number can be a commercial product in one nation , a tool of cultural policy in another , and an instrument of state control in a third. This comparative insight is the missing piece for any author, publisher, or researcher trying to navigate the complex international publishing market. Disclaimer: This handbook is an independently produced resource for commentary and analysis. The author has no affiliation with the International ISBN Agency, R.R. Bowker, Library and Archives Canada, the National Press and Publication Administration, or any other national ISBN agency. This work is independently produced under the principle of nominative fair use.",US,,
14,14,36337550,The 7 1/2 Deaths of Evelyn Hardcastle,Stuart Turton,"Turton, Stuart",,0,0,4,3.78,Sourcebooks Landmark,Hardcover,432,2018,2025-11-04,2025-10-30,,,read,,,,1,0,2025-10-30,NOT_MATURE,"Have you ever wondered why that 13-digit number on the back of a book costs $125 in the United States but is completely free in Canada and India? This book, The Global ISBN Handbook, is your 2025 guide to the International Standard Book Number. It explains everything about this global ""fingerprint"" for books. The ISBN is the most important cornerstone of the publishing industry. It started as a simple warehouse tool in the 1960s. Now, it is a complex digital identifier used in over 200 countries. This handbook deconstructs the entire system. It uses 15 distinct national case studies to do this. You will learn how the old 10-digit system changed to the new 13-digit one. We break down the five parts of the ISBN, from the ""Bookland"" prefix to the final check digit. The book explores the global governance framework, starting with the International ISBN Agency. Then, it dives deep into how different countries run their systems. You'll see the privatized, high-cost model in the United States. You'll compare it to Canada's free, government-run system. We explore the industry-led models in Brazil and Germany. We look at government-run systems in Mexico and India. We even cover the unique case of China, where the ISBN is not a simple identifier but a state-controlled publication license. The book also examines the systems in the UK , France , Russia , Japan , Australia , South Africa , Nigeria , and Egypt. Many books and websites can tell you how to get an ISBN. This handbook is the only resource that explains why the process is so different everywhere you look. It moves beyond a simple ""how-to"" and provides a true global analysis. It directly compares the privatized, for-profit models in the US and UK against the free, public-good systems in Canada and South Africa. You won't just learn the price; you will understand the cultural policies, market structures, and legal philosophies that shape that price. This book shows how the ISBN is a ""global mirror"". It reveals how a simple number can be a commercial product in one nation , a tool of cultural policy in another , and an instrument of state control in a third. This comparative insight is the missing piece for any author, publisher, or researcher trying to navigate the complex international publishing market. Disclaimer: This handbook is an independently produced resource for commentary and analysis. The author has no affiliation with the International ISBN Agency, R.R. Bowker, Library and Archives Canada, the National Press and Publication Administration, or any other national ISBN agency. This work is independently produced under the principle of nominative fair use.",US,,
15,15,623976,"Alcatraz Versus the Evil Librarians (Alcatraz, #1)",Brandon Sanderson,"Sanderson, Brandon",,0439925509,9780439925501,4,3.92,Scholastic Press,Hardcover,308,2007,2025-11-05,2025-11-04,,,read,,,,1,0,2007-01-01,NOT_MATURE,"A hero with an incredible talent...for breaking things. A life-or-death mission...to rescue a bag of sand. A fearsome threat from the powerful secret network that rules the world...the Evil Librarians. Alcatraz Smedry doesn't seem destined for anything but disaster. On his thirteenth birthday, he receives a bag of sand, and his life takes a bizarre turn. This is no ordinary bag of sand...so it's too bad that Alcatraz doesn't keep a closer eye on it. It is quickly stolen by the Evil Librarians who secretly rule the world by spreading misinformation and suppressing truth. The bag of sand will give the Evil Librarians the edge they need to achieve world domination. Alcatraz must stop them...by infiltrating the local library, armed with nothing but eyeglasses and a talent for klutziness.",US,,
16,16,60387416,"The Children of Gods and Fighting Men (Gael Song, #1)",Shauna Lawless,"Lawless, Shauna",,0,0,0,4.08,Head of Zeus,Kindle Edition,416,2022,,2025-11-02,to-read,to-read (#49),to-read,,,,0,0,2025-10-30,NOT_MATURE,"Have you ever wondered why that 13-digit number on the back of a book costs $125 in the United States but is completely free in Canada and India? This book, The Global ISBN Handbook, is your 2025 guide to the International Standard Book Number. It explains everything about this global ""fingerprint"" for books. The ISBN is the most important cornerstone of the publishing industry. It started as a simple warehouse tool in the 1960s. Now, it is a complex digital identifier used in over 200 countries. This handbook deconstructs the entire system. It uses 15 distinct national case studies to do this. You will learn how the old 10-digit system changed to the new 13-digit one. We break down the five parts of the ISBN, from the ""Bookland"" prefix to the final check digit. The book explores the global governance framework, starting with the International ISBN Agency. Then, it dives deep into how different countries run their systems. You'll see the privatized, high-cost model in the United States. You'll compare it to Canada's free, government-run system. We explore the industry-led models in Brazil and Germany. We look at government-run systems in Mexico and India. We even cover the unique case of China, where the ISBN is not a simple identifier but a state-controlled publication license. The book also examines the systems in the UK , France , Russia , Japan , Australia , South Africa , Nigeria , and Egypt. Many books and websites can tell you how to get an ISBN. This handbook is the only resource that explains why the process is so different everywhere you look. It moves beyond a simple ""how-to"" and provides a true global analysis. It directly compares the privatized, for-profit models in the US and UK against the free, public-good systems in Canada and South Africa. You won't just learn the price; you will understand the cultural policies, market structures, and legal philosophies that shape that price. This book shows how the ISBN is a ""global mirror"". It reveals how a simple number can be a commercial product in one nation , a tool of cultural policy in another , and an instrument of state control in a third. This comparative insight is the missing piece for any author, publisher, or researcher trying to navigate the complex international publishing market. Disclaimer: This handbook is an independently produced resource for commentary and analysis. The author has no affiliation with the International ISBN Agency, R.R. Bowker, Library and Archives Canada, the National Press and Publication Administration, or any other national ISBN agency. This work is independently produced under the principle of nominative fair use.",US,,
17,17,56269205,"Empire of the Vampire (Empire of the Vampire, #1)",Jay Kristoff,"Kristoff, Jay",Bon Orthwick,1250245281,9781250245281,0,4.33,St. Martin's Press,Hardcover,739,2021,,2025-11-02,to-read,to-read (#48),to-read,,,,0,0,2021-09-14,NOT_MATURE,"From New York Times bestselling author Jay Kristoff comes Empire of the Vampire, the first illustrated volume of an astonishing new dark fantasy saga. From holy cup comes holy light; The faithful hand sets world aright. And in the Seven Martyrs’ sight, Mere man shall end this endless night. It has been twenty-seven long years since the last sunrise. For nearly three decades, vampires have waged war against humanity; building their eternal empire even as they tear down our own. Now, only a few tiny sparks of light endure in a sea of darkness. Gabriel de León is a silversaint: a member of a holy brotherhood dedicated to defending realm and church from the creatures of the night. But even the Silver Order could not stem the tide once daylight failed us, and now, only Gabriel remains. Imprisoned by the very monsters he vowed to destroy, the last silversaint is forced to tell his story. A story of legendary battles and forbidden love, of faith lost and friendships won, of the Wars of the Blood and the Forever King and the quest for humanity’s last remaining hope: The Holy Grail.",US,,
18,18,35606041,"A Little Hatred (The Age of Madness, #1)",Joe Abercrombie,"Abercrombie, Joe",,031618716X,9780316187169,0,4.45,Orbit,Hardcover,480,2019,,2025-11-02,to-read,to-read (#47),to-read,,,,0,0,2019-09-17,NOT_MATURE,"From New York Times bestselling author Joe Abercrombie comes the first book in a new blockbuster fantasy trilogy where the age of the machine dawns, but the age of magic refuses to die. The chimneys of industry rise over Adua and the world seethes with new opportunities. But old scores run deep as ever. On the blood-soaked borders of Angland, Leo dan Brock struggles to win fame on the battlefield, and defeat the marauding armies of Stour Nightfall. He hopes for help from the crown. But King Jezal's son, the feckless Prince Orso, is a man who specializes in disappointments. Savine dan Glokta - socialite, investor, and daughter of the most feared man in the Union - plans to claw her way to the top of the slag-heap of society by any means necessary. But the slums boil over with a rage that all the money in the world cannot control. The age of the machine dawns, but the age of magic refuses to die. With the help of the mad hillwoman Isern-i-Phail, Rikke struggles to control the blessing, or the curse, of the Long Eye. Glimpsing the future is one thing, but with the guiding hand of the First of the Magi still pulling the strings, changing it will be quite another... For more from Joe Abercrombie, check out: The First Law TrilogyThe Blade ItselfBefore They Are HangedLast Argument of Kings Best Served ColdThe HeroesRed Country The Shattered Sea TrilogyHalf a KingHalf a WorldHalf a War",US,,
19,19,26114463,Nevernight (The Nevernight Chronicle #1),Jay Kristoff,"Kristoff, Jay",,1250073022,9781250073020,0,4.22,St. Martin's Press,Hardcover,427,2016,,2025-11-02,to-read,to-read (#46),to-read,,,,0,0,2016-08-09,NOT_MATURE,A thrilling new series from acclaimed fantasy author Jay Kristoff: an assassin must decide on the price of revenge.,US,,
20,20,50659468,"A Court of Mist and Fury (A Court of Thorns and Roses, #2)",Sarah J. Maas,"Maas, Sarah J.",,1635575583,9781635575583,5,4.64,Bloomsbury Publishing,Paperback,626,2016,2025-10-23,2025-10-23,,,read,,,,2,0,2020-06-02,NOT_MATURE,"Though Feyre now has the powers of the High Fae, her heart remains human, but as she navigates the feared Night Court's dark web of politics, passion, and dazzling power, a greater evil looms--and she might be key to stopping it.",US,,
21,21,60531410,"The Frugal Wizard’s Handbook for Surviving Medieval England (Secret Projects, #2)",Brandon Sanderson,"Sanderson, Brandon",Steve Argyle,1938570332,9781938570339,4,3.76,Dragonsteel Entertainment,Hardcover,399,2023,2025-10-27,2025-10-23,,,read,,,,1,0,2023-04-01,NOT_MATURE,,US,,
22,22,230824619,"Death Row (Alibis Collection, #1)",Freida McFadden,"McFadden, Freida",,1662532261,9781662532269,3,3.55,Amazon Original Stories,Kindle Edition,74,2025,,2025-10-22,,,read,,,,2,0,,,,,,
23,23,55279022,"The Shadow of the Gods (Bloodsworn Saga, #1)",John Gwynne,"Gwynne, John",,0,0,0,4.19,Orbit,Kindle Edition,500,2021,,2025-08-09,to-read,to-read (#45),to-read,,,,1,0,2025-10-30,NOT_MATURE,"Have you ever wondered why that 13-digit number on the back of a book costs $125 in the United States but is completely free in Canada and India? This book, The Global ISBN Handbook, is your 2025 guide to the International Standard Book Number. It explains everything about this global ""fingerprint"" for books. The ISBN is the most important cornerstone of the publishing industry. It started as a simple warehouse tool in the 1960s. Now, it is a complex digital identifier used in over 200 countries. This handbook deconstructs the entire system. It uses 15 distinct national case studies to do this. You will learn how the old 10-digit system changed to the new 13-digit one. We break down the five parts of the ISBN, from the ""Bookland"" prefix to the final check digit. The book explores the global governance framework, starting with the International ISBN Agency. Then, it dives deep into how different countries run their systems. You'll see the privatized, high-cost model in the United States. You'll compare it to Canada's free, government-run system. We explore the industry-led models in Brazil and Germany. We look at government-run systems in Mexico and India. We even cover the unique case of China, where the ISBN is not a simple identifier but a state-controlled publication license. The book also examines the systems in the UK , France , Russia , Japan , Australia , South Africa , Nigeria , and Egypt. Many books and websites can tell you how to get an ISBN. This handbook is the only resource that explains why the process is so different everywhere you look. It moves beyond a simple ""how-to"" and provides a true global analysis. It directly compares the privatized, for-profit models in the US and UK against the free, public-good systems in Canada and South Africa. You won't just learn the price; you will understand the cultural policies, market structures, and legal philosophies that shape that price. This book shows how the ISBN is a ""global mirror"". It reveals how a simple number can be a commercial product in one nation , a tool of cultural policy in another , and an instrument of state control in a third. This comparative insight is the missing piece for any author, publisher, or researcher trying to navigate the complex international publishing market. Disclaimer: This handbook is an independently produced resource for commentary and analysis. The author has no affiliation with the International ISBN Agency, R.R. Bowker, Library and Archives Canada, the National Press and Publication Administration, or any other national ISBN agency. This work is independently produced under the principle of nominative fair use.",US,,
24,24,54919156,"The Veiled Throne (The Dandelion Dynasty, #3)",Ken Liu,"Liu, Ken",,1481424351,9781481424356,5,4.14,Gallery / Saga Press,Kindle Edition,1004,2021,2025-10-21,2025-03-10,,,read,,,,1,0,2021-12-07,NOT_MATURE,"With the invasion of Dara complete, and the Wall of Storms breached, the world has opened to new possibilities for the gods and peoples of both empires as the sweeping saga of the award-winning Dandelion Dynasty continues in this third book of the “magnificent fantasy epic” (NPR). Princess Théra, once known as Empress Üna of Dara, entrusted the throne to her younger brother in order to journey to Ukyu-Gondé to war with the Lyucu. She has crossed the fabled Wall of Storms with a fleet of advanced warships and ten thousand people. Beset by adversity, Théra and her most trusted companions attempt to overcome every challenge by doing the most interesting thing. But is not letting the past dictate the present always possible or even desirable? In Dara, the Lyucu leadership as well as the surviving Dandelion Court bristle with rivalries as currents of power surge and ebb and perspectives spin and shift. Here, parents and children, teachers and students, Empress and Pékyu, all nurture the seeds of plans that will take years to bloom. Will tradition yield to new justifications for power? Everywhere, the spirit of innovation dances like dandelion seeds on the wind, and the commoners, the forgotten, the ignored begin to engineer new solutions for a new age. Ken Liu returns to the series that draws from a tradition of the great epics of our history from the Aeneid to the Romance on the Three Kingdoms and builds a new tale unsurpassed in its scope and ambition.",US,0.99,USD
25,25,13496,"A Game of Thrones (A Song of Ice and Fire, #1)",George R.R. Martin,"Martin, George R.R.",,0553588486,9780553588484,5,4.45,Bantam,Mass Market Paperback,835,1996,2021-01-01,2023-12-03,,,read,,,,1,0,2005-08-01,NOT_MATURE,"A tale of court intrigues in the land of Seven Kingdoms, a country ""blessed by golden summers that go on for years, and cursed by cruel winters that can last a generation.""",US,,
26,26,4069,Man's Search for Meaning,Viktor E. Frankl,"Frankl, Viktor E.","Isle Lasch, William J. Winslade, Harold S. Kushner",080701429X,9780807014295,5,4.37,Beacon Press,Paperback,165,1946,2021-01-09,2023-12-03,,,read,,,,1,0,2006-01-01,NOT_MATURE,"With a new Foreword by Harold S. Kushner and a new Biographical Afterword by William J. Winslade Psychiatrist Viktor Frankl's memoir has riveted generations of readers with its descriptions of life in Nazi death camps and its lessons for spiritual survival. Between 1942 and 1945 Frankl labored in four different camps, including Auschwitz, while his parents, brother, and pregnant wife perished. Based on his own experience and the experiences of others he treated later in his practice, Frankl argues that we cannot avoid suffering but we can choose how to cope with it, find meaning in it, and move forward with renewed purpose. Frankl's theory-known as logotherapy, from the Greek word logos (""meaning"")-holds that our primary drive in life is not pleasure, as Freud maintained, but the discovery and pursuit of what we personally find meaningful. At the time of Frankl's death in 1997, Man's Search for Meaning had sold more than 10 million copies in twenty-four languages. A 1991 reader survey for the Library of Congress that asked readers to name a ""book that made a difference in your life"" found Man's Search for Meaning among the ten most influential books in America. Beacon Press, the original English-language publisher of Man's Search for Meaning, is issuing this new paperback edition with a new Foreword, biographical Afterword, jacket, price, and classroom materials to reach new generations of readers.",US,,
27,27,10572,"A Clash of Kings  (A Song of Ice and Fire, #2)",George R.R. Martin,"Martin, George R.R.",,0,0,5,4.42,Random House Worlds,Paperback,1009,1998,2022-01-01,2023-12-03,,,read,,,,1,0,2025-10-30,NOT_MATURE,"Have you ever wondered why that 13-digit number on the back of a book costs $125 in the United States but is completely free in Canada and India? This book, The Global ISBN Handbook, is your 2025 guide to the International Standard Book Number. It explains everything about this global ""fingerprint"" for books. The ISBN is the most important cornerstone of the publishing industry. It started as a simple warehouse tool in the 1960s. Now, it is a complex digital identifier used in over 200 countries. This handbook deconstructs the entire system. It uses 15 distinct national case studies to do this. You will learn how the old 10-digit system changed to the new 13-digit one. We break down the five parts of the ISBN, from the ""Bookland"" prefix to the final check digit. The book explores the global governance framework, starting with the International ISBN Agency. Then, it dives deep into how different countries run their systems. You'll see the privatized, high-cost model in the United States. You'll compare it to Canada's free, government-run system. We explore the industry-led models in Brazil and Germany. We look at government-run systems in Mexico and India. We even cover the unique case of China, where the ISBN is not a simple identifier but a state-controlled publication license. The book also examines the systems in the UK , France , Russia , Japan , Australia , South Africa , Nigeria , and Egypt. Many books and websites can tell you how to get an ISBN. This handbook is the only resource that explains why the process is so different everywhere you look. It moves beyond a simple ""how-to"" and provides a true global analysis. It directly compares the privatized, for-profit models in the US and UK against the free, public-good systems in Canada and South Africa. You won't just learn the price; you will understand the cultural policies, market structures, and legal philosophies that shape that price. This book shows how the ISBN is a ""global mirror"". It reveals how a simple number can be a commercial product in one nation , a tool of cultural policy in another , and an instrument of state control in a third. This comparative insight is the missing piece for any author, publisher, or researcher trying to navigate the complex international publishing market. Disclaimer: This handbook is an independently produced resource for commentary and analysis. The author has no affiliation with the International ISBN Agency, R.R. Bowker, Library and Archives Canada, the National Press and Publication Administration, or any other national ISBN agency. This work is independently produced under the principle of nominative fair use.",US,,
28,28,56922594,The Stranger in the Lifeboat,Mitch Albom,"Albom, Mitch",,006288834X,9780062888341,5,4.11,Harper,Hardcover,271,2021,2022-01-16,2023-12-03,,,read,,,,1,0,2021-11-02,NOT_MATURE,"""In ... [this] novel of hope and faith, a group of shipwrecked passengers pull a strange man from the sea. He claims to be 'the Lord.' And he says he can only save them if they all believe in him""--",US,,
29,29,16130549,"Doctor Sleep (The Shining, #2)",Stephen        King,"King, Stephen",,1476727651,9781476727653,5,4.13,Scribner,Hardcover,531,2013,2022-02-01,2023-12-03,,,read,,,,1,0,2013-09-24,NOT_MATURE,"After decades as an itinerant alcoholic, middle-aged Dan Torrance uses his remnant powers to assist the dying before coming to the aid of a twelve-year-old girl being tortured by a tribe of murderous paranormals.",US,,
30,30,11588,"The Shining (The Shining, #1)",Stephen        King,"King, Stephen",,0450040186,9780450040184,5,4.28,New English Library,Mass Market Paperback,497,1977,2022-02-17,2023-12-03,,,read,,,,1,0,1977-01-01,NOT_MATURE,"Danny is only five years old, but he is a 'shiner', aglow with psychic voltage. When his father becomes caretaker of an old hotel, his visions grow out of control. Cut off by blizzards, the hotel seems to develop an evil force, and who are the mysterious guests in the supposedly empty hotel?",US,,
31,31,62291,"A Storm of Swords (A Song of Ice and Fire, #3)",George R.R. Martin,"Martin, George R.R.",,0,0,5,4.55,Bantam,Mass Market Paperback,1177,2000,2022-03-05,2023-12-03,,,read,,,,1,0,2025-10-30,NOT_MATURE,"Have you ever wondered why that 13-digit number on the back of a book costs $125 in the United States but is completely free in Canada and India? This book, The Global ISBN Handbook, is your 2025 guide to the International Standard Book Number. It explains everything about this global ""fingerprint"" for books. The ISBN is the most important cornerstone of the publishing industry. It started as a simple warehouse tool in the 1960s. Now, it is a complex digital identifier used in over 200 countries. This handbook deconstructs the entire system. It uses 15 distinct national case studies to do this. You will learn how the old 10-digit system changed to the new 13-digit one. We break down the five parts of the ISBN, from the ""Bookland"" prefix to the final check digit. The book explores the global governance framework, starting with the International ISBN Agency. Then, it dives deep into how different countries run their systems. You'll see the privatized, high-cost model in the United States. You'll compare it to Canada's free, government-run system. We explore the industry-led models in Brazil and Germany. We look at government-run systems in Mexico and India. We even cover the unique case of China, where the ISBN is not a simple identifier but a state-controlled publication license. The book also examines the systems in the UK , France , Russia , Japan , Australia , South Africa , Nigeria , and Egypt. Many books and websites can tell you how to get an ISBN. This handbook is the only resource that explains why the process is so different everywhere you look. It moves beyond a simple ""how-to"" and provides a true global analysis. It directly compares the privatized, for-profit models in the US and UK against the free, public-good systems in Canada and South Africa. You won't just learn the price; you will understand the cultural policies, market structures, and legal philosophies that shape that price. This book shows how the ISBN is a ""global mirror"". It reveals how a simple number can be a commercial product in one nation , a tool of cultural policy in another , and an instrument of state control in a third. This comparative insight is the missing piece for any author, publisher, or researcher trying to navigate the complex international publishing market. Disclaimer: This handbook is an independently produced resource for commentary and analysis. The author has no affiliation with the International ISBN Agency, R.R. Bowker, Library and Archives Canada, the National Press and Publication Administration, or any other national ISBN agency. This work is independently produced under the principle of nominative fair use.",US,,
32,32,13497,"A Feast for Crows (A Song of Ice and Fire, #4)",George R.R. Martin,"Martin, George R.R.",,0,0,5,4.17,Bantam Books,Mass Market Paperback,1060,2005,2022-03-21,2023-12-03,,,read,,,,1,0,2025-10-30,NOT_MATURE,"Have you ever wondered why that 13-digit number on the back of a book costs $125 in the United States but is completely free in Canada and India? This book, The Global ISBN Handbook, is your 2025 guide to the International Standard Book Number. It explains everything about this global ""fingerprint"" for books. The ISBN is the most important cornerstone of the publishing industry. It started as a simple warehouse tool in the 1960s. Now, it is a complex digital identifier used in over 200 countries. This handbook deconstructs the entire system. It uses 15 distinct national case studies to do this. You will learn how the old 10-digit system changed to the new 13-digit one. We break down the five parts of the ISBN, from the ""Bookland"" prefix to the final check digit. The book explores the global governance framework, starting with the International ISBN Agency. Then, it dives deep into how different countries run their systems. You'll see the privatized, high-cost model in the United States. You'll compare it to Canada's free, government-run system. We explore the industry-led models in Brazil and Germany. We look at government-run systems in Mexico and India. We even cover the unique case of China, where the ISBN is not a simple identifier but a state-controlled publication license. The book also examines the systems in the UK , France , Russia , Japan , Australia , South Africa , Nigeria , and Egypt. Many books and websites can tell you how to get an ISBN. This handbook is the only resource that explains why the process is so different everywhere you look. It moves beyond a simple ""how-to"" and provides a true global analysis. It directly compares the privatized, for-profit models in the US and UK against the free, public-good systems in Canada and South Africa. You won't just learn the price; you will understand the cultural policies, market structures, and legal philosophies that shape that price. This book shows how the ISBN is a ""global mirror"". It reveals how a simple number can be a commercial product in one nation , a tool of cultural policy in another , and an instrument of state control in a third. This comparative insight is the missing piece for any author, publisher, or researcher trying to navigate the complex international publishing market. Disclaimer: This handbook is an independently produced resource for commentary and analysis. The author has no affiliation with the International ISBN Agency, R.R. Bowker, Library and Archives Canada, the National Press and Publication Administration, or any other national ISBN agency. This work is independently produced under the principle of nominative fair use.",US,,
33,33,10664113,"A Dance with Dragons (A Song of Ice and Fire, #5)",George R.R. Martin,"Martin, George R.R.",,0,0,5,4.34,Random House Worlds,Kindle Edition,1125,2011,2022-04-05,2023-12-03,,,read,,,,1,0,2025-10-30,NOT_MATURE,"Have you ever wondered why that 13-digit number on the back of a book costs $125 in the United States but is completely free in Canada and India? This book, The Global ISBN Handbook, is your 2025 guide to the International Standard Book Number. It explains everything about this global ""fingerprint"" for books. The ISBN is the most important cornerstone of the publishing industry. It started as a simple warehouse tool in the 1960s. Now, it is a complex digital identifier used in over 200 countries. This handbook deconstructs the entire system. It uses 15 distinct national case studies to do this. You will learn how the old 10-digit system changed to the new 13-digit one. We break down the five parts of the ISBN, from the ""Bookland"" prefix to the final check digit. The book explores the global governance framework, starting with the International ISBN Agency. Then, it dives deep into how different countries run their systems. You'll see the privatized, high-cost model in the United States. You'll compare it to Canada's free, government-run system. We explore the industry-led models in Brazil and Germany. We look at government-run systems in Mexico and India. We even cover the unique case of China, where the ISBN is not a simple identifier but a state-controlled publication license. The book also examines the systems in the UK , France , Russia , Japan , Australia , South Africa , Nigeria , and Egypt. Many books and websites can tell you how to get an ISBN. This handbook is the only resource that explains why the process is so different everywhere you look. It moves beyond a simple ""how-to"" and provides a true global analysis. It directly compares the privatized, for-profit models in the US and UK against the free, public-good systems in Canada and South Africa. You won't just learn the price; you will understand the cultural policies, market structures, and legal philosophies that shape that price. This book shows how the ISBN is a ""global mirror"". It reveals how a simple number can be a commercial product in one nation , a tool of cultural policy in another , and an instrument of state control in a third. This comparative insight is the missing piece for any author, publisher, or researcher trying to navigate the complex international publishing market. Disclaimer: This handbook is an independently produced resource for commentary and analysis. The author has no affiliation with the International ISBN Agency, R.R. Bowker, Library and Archives Canada, the National Press and Publication Administration, or any other national ISBN agency. This work is independently produced under the principle of nominative fair use.",US,,
34,34,54120408,Klara and the Sun,Kazuo Ishiguro,"Ishiguro, Kazuo",,059331817X,9780593318171,4,3.74,Alfred A. Knopf,Hardcover,303,2021,2022-04-21,2023-12-03,,,read,,,,1,0,2021-03-02,NOT_MATURE,"NEW YORK TIMES BEST SELLER • Once in a great while, a book comes along that changes our view of the world. This magnificent novel from the Nobel laureate and author of Never Let Me Go is “an intriguing take on how artificial intelligence might play a role in our futures ... a poignant meditation on love and loneliness” (The Associated Press). • A GOOD MORNING AMERICA Book Club Pick! “What stays with you in ‘Klara and the Sun’ is the haunting narrative voice—a genuinely innocent, egoless perspective on the strange behavior of humans obsessed and wounded by power, status and fear.” —Booker Prize committee Here is the story of Klara, an Artificial Friend with outstanding observational qualities, who, from her place in the store, watches carefully the behavior of those who come in to browse, and of those who pass on the street outside. She remains hopeful that a customer will soon choose her. Klara and the Sun is a thrilling book that offers a look at our changing world through the eyes of an unforgettable narrator, and one that explores the fundamental question: what does it mean to love?",US,,
35,35,54511226,"Dawnshard (The Stormlight Archive, #3.5)",Brandon Sanderson,"Sanderson, Brandon",,193857026X,0,4,4.35,Dragonsteel Entertainment,Kindle Edition,171,2020,2022-05-07,2023-12-03,,,read,,,,1,0,2025-10-30,NOT_MATURE,"Have you ever wondered why that 13-digit number on the back of a book costs $125 in the United States but is completely free in Canada and India? This book, The Global ISBN Handbook, is your 2025 guide to the International Standard Book Number. It explains everything about this global ""fingerprint"" for books. The ISBN is the most important cornerstone of the publishing industry. It started as a simple warehouse tool in the 1960s. Now, it is a complex digital identifier used in over 200 countries. This handbook deconstructs the entire system. It uses 15 distinct national case studies to do this. You will learn how the old 10-digit system changed to the new 13-digit one. We break down the five parts of the ISBN, from the ""Bookland"" prefix to the final check digit. The book explores the global governance framework, starting with the International ISBN Agency. Then, it dives deep into how different countries run their systems. You'll see the privatized, high-cost model in the United States. You'll compare it to Canada's free, government-run system. We explore the industry-led models in Brazil and Germany. We look at government-run systems in Mexico and India. We even cover the unique case of China, where the ISBN is not a simple identifier but a state-controlled publication license. The book also examines the systems in the UK , France , Russia , Japan , Australia , South Africa , Nigeria , and Egypt. Many books and websites can tell you how to get an ISBN. This handbook is the only resource that explains why the process is so different everywhere you look. It moves beyond a simple ""how-to"" and provides a true global analysis. It directly compares the privatized, for-profit models in the US and UK against the free, public-good systems in Canada and South Africa. You won't just learn the price; you will understand the cultural policies, market structures, and legal philosophies that shape that price. This book shows how the ISBN is a ""global mirror"". It reveals how a simple number can be a commercial product in one nation , a tool of cultural policy in another , and an instrument of state control in a third. This comparative insight is the missing piece for any author, publisher, or researcher trying to navigate the complex international publishing market. Disclaimer: This handbook is an independently produced resource for commentary and analysis. The author has no affiliation with the International ISBN Agency, R.R. Bowker, Library and Archives Canada, the National Press and Publication Administration, or any other national ISBN agency. This work is independently produced under the principle of nominative fair use.",US,,
36,36,34703445,"Edgedancer (The Stormlight Archive, #2.5)",Brandon Sanderson,"Sanderson, Brandon",,1250166543,9781250166548,4,4.13,Tor Books,Hardcover,272,2016,2022-05-23,2023-12-03,,,read,,,,1,0,2017-10-17,NOT_MATURE,"From #1 New York Times bestselling author Brandon Sanderson, a special gift edition of Edgedancer, a short novel of the Stormlight Archive (previously published in Arcanum Unbounded). Three years ago, Lift asked a goddess to stop her from growing older--a wish she believed was granted. Now, in Edgedancer, the barely teenage nascent Knight Radiant finds that time stands still for no one. Although the young Azish emperor granted her safe haven from an executioner she knows only as Darkness, court life is suffocating the free-spirited Lift, who can't help heading to Yeddaw when she hears the relentless Darkness is there hunting people like her with budding powers. The downtrodden in Yeddaw have no champion, and Lift knows she must seize this awesome responsibility. Other Tor books by Brandon Sanderson The Cosmere The Stormlight Archive The Way of Kings Words of Radiance Edgedancer (Novella) Oathbringer The Mistborn trilogy Mistborn: The Final Empire The Well of Ascension The Hero of Ages Mistborn: The Wax and Wayne series Alloy of Law Shadows of Self Bands of Mourning Collection Arcanum Unbounded Other Cosmere novels Elantris Warbreaker The Alcatraz vs. the Evil Librarians series Alcatraz vs. the Evil Librarians The Scrivener's Bones The Knights of Crystallia The Shattered Lens The Dark Talent The Rithmatist series The Rithmatist Other books by Brandon Sanderson The Reckoners Steelheart Firefight Calamity",US,,
37,37,49021976,"Rhythm of War (The Stormlight Archive, #4)",Brandon Sanderson,"Sanderson, Brandon",,0765326388,9780765326386,5,4.58,Tor Books,Hardcover,1232,2020,2022-06-08,2023-12-03,,,read,,,,1,0,2020-11-17,NOT_MATURE,"The Stormlight Archive saga continues in Rhythm of War, the eagerly awaited sequel to Brandon Sanderson's #1 New York Times bestselling Oathbringer, from an epic fantasy writer at the top of his game. After forming a coalition of human resistance against the enemy invasion, Dalinar Kholin and his Knights Radiant have spent a year fighting a protracted, brutal war. Neither side has gained an advantage, and the threat of a betrayal by Dalinar’s crafty ally Taravangian looms over every strategic move. Now, as new technological discoveries by Navani Kholin’s scholars begin to change the face of the war, the enemy prepares a bold and dangerous operation. The arms race that follows will challenge the very core of the Radiant ideals, and potentially reveal the secrets of the ancient tower that was once the heart of their strength. At the same time that Kaladin Stormblessed must come to grips with his changing role within the Knights Radiant, his Windrunners face their own problem: As more and more deadly enemy Fused awaken to wage war, no more honorspren are willing to bond with humans to increase the number of Radiants. Adolin and Shallan must lead the coalition’s envoy to the honorspren stronghold of Lasting Integrity and either convince the spren to join the cause against the evil god Odium, or personally face the storm of failure. Other Tor books by Brandon Sanderson The Cosmere The Stormlight Archive The Way of Kings Words of Radiance Edgedancer (Novella) Oathbringer Rhythm of War The Mistborn trilogy Mistborn: The Final Empire The Well of Ascension The Hero of Ages Mistborn: The Wax and Wayne series Alloy of Law Shadows of Self Bands of Mourning Collection Arcanum Unbounded Other Cosmere novels Elantris Warbreaker The Alcatraz vs. the Evil Librarians series Alcatraz vs. the Evil Librarians The Scrivener's Bones The Knights of Crystallia The Shattered Lens The Dark Talent The Rithmatist series The Rithmatist Other books by Brandon Sanderson The Reckoners Steelheart Firefight Calamity",US,,
38,38,58446227,Sea of Tranquility,Emily St. John Mandel,"Mandel, Emily St. John",,0593321448,9780593321447,4,4.05,Knopf,Hardcover,259,2022,2023-01-01,2023-12-03,,,read,,,,1,0,2022-04-05,NOT_MATURE,"NEW YORK TIMES BESTSELLER • The award-winning, best-selling author of Station Eleven and The Glass Hotel returns with a novel of art, time travel, love, and plague that takes the reader from Vancouver Island in 1912 to a dark colony on the moon five hundred years later, unfurling a story of humanity across centuries and space. One of the Best Books of the Year: The New York Times, NPR, GoodReads “One of [Mandel’s] finest novels and one of her most satisfying forays into the arena of speculative fiction yet.” —The New York Times Edwin St. Andrew is eighteen years old when he crosses the Atlantic by steamship, exiled from polite society following an ill-conceived diatribe at a dinner party. He enters the forest, spellbound by the beauty of the Canadian wilderness, and suddenly hears the notes of a violin echoing in an airship terminal—an experience that shocks him to his core. Two centuries later a famous writer named Olive Llewellyn is on a book tour. She’s traveling all over Earth, but her home is the second moon colony, a place of white stone, spired towers, and artificial beauty. Within the text of Olive’s best-selling pandemic novel lies a strange passage: a man plays his violin for change in the echoing corridor of an airship terminal as the trees of a forest rise around him. When Gaspery-Jacques Roberts, a detective in the black-skied Night City, is hired to investigate an anomaly in the North American wilderness, he uncovers a series of lives upended: The exiled son of an earl driven to madness, a writer trapped far from home as a pandemic ravages Earth, and a childhood friend from the Night City who, like Gaspery himself, has glimpsed the chance to do something extraordinary that will disrupt the timeline of the universe. A virtuoso performance that is as human and tender as it is intellectually playful, Sea of Tranquility is a novel of time travel and metaphysics that precisely captures the reality of our current moment.",US,,
39,39,20518872,"The Three-Body Problem (Remembrance of Earth’s Past, #1)",Liu Cixin,"Cixin, Liu",Ken Liu,0,0,5,4.08,Tor Books,Hardcover,472,2006,2023-01-20,2023-12-03,,,read,,,,1,0,2025-10-30,NOT_MATURE,"Have you ever wondered why that 13-digit number on the back of a book costs $125 in the United States but is completely free in Canada and India? This book, The Global ISBN Handbook, is your 2025 guide to the International Standard Book Number. It explains everything about this global ""fingerprint"" for books. The ISBN is the most important cornerstone of the publishing industry. It started as a simple warehouse tool in the 1960s. Now, it is a complex digital identifier used in over 200 countries. This handbook deconstructs the entire system. It uses 15 distinct national case studies to do this. You will learn how the old 10-digit system changed to the new 13-digit one. We break down the five parts of the ISBN, from the ""Bookland"" prefix to the final check digit. The book explores the global governance framework, starting with the International ISBN Agency. Then, it dives deep into how different countries run their systems. You'll see the privatized, high-cost model in the United States. You'll compare it to Canada's free, government-run system. We explore the industry-led models in Brazil and Germany. We look at government-run systems in Mexico and India. We even cover the unique case of China, where the ISBN is not a simple identifier but a state-controlled publication license. The book also examines the systems in the UK , France , Russia , Japan , Australia , South Africa , Nigeria , and Egypt. Many books and websites can tell you how to get an ISBN. This handbook is the only resource that explains why the process is so different everywhere you look. It moves beyond a simple ""how-to"" and provides a true global analysis. It directly compares the privatized, for-profit models in the US and UK against the free, public-good systems in Canada and South Africa. You won't just learn the price; you will understand the cultural policies, market structures, and legal philosophies that shape that price. This book shows how the ISBN is a ""global mirror"". It reveals how a simple number can be a commercial product in one nation , a tool of cultural policy in another , and an instrument of state control in a third. This comparative insight is the missing piece for any author, publisher, or researcher trying to navigate the complex international publishing market. Disclaimer: This handbook is an independently produced resource for commentary and analysis. The author has no affiliation with the International ISBN Agency, R.R. Bowker, Library and Archives Canada, the National Press and Publication Administration, or any other national ISBN agency. This work is independently produced under the principle of nominative fair use.",US,,
40,40,45300567,The Maidens,Alex Michaelides,"Michaelides, Alex",,1250304458,9781250304452,4,3.62,Celadon Books,Hardcover,337,2021,2023-02-08,2023-12-03,,,read,,,,1,0,2021-06-01,NOT_MATURE,*DELETE*,US,,
41,41,18162954,Galatea,Madeline Miller,"Miller, Madeline",,1408848147,0,4,3.93,Bloomsbury Paperbacks,Kindle Edition,27,2013,2023-02-27,2023-12-03,,,read,,,,1,0,2025-10-30,NOT_MATURE,"Have you ever wondered why that 13-digit number on the back of a book costs $125 in the United States but is completely free in Canada and India? This book, The Global ISBN Handbook, is your 2025 guide to the International Standard Book Number. It explains everything about this global ""fingerprint"" for books. The ISBN is the most important cornerstone of the publishing industry. It started as a simple warehouse tool in the 1960s. Now, it is a complex digital identifier used in over 200 countries. This handbook deconstructs the entire system. It uses 15 distinct national case studies to do this. You will learn how the old 10-digit system changed to the new 13-digit one. We break down the five parts of the ISBN, from the ""Bookland"" prefix to the final check digit. The book explores the global governance framework, starting with the International ISBN Agency. Then, it dives deep into how different countries run their systems. You'll see the privatized, high-cost model in the United States. You'll compare it to Canada's free, government-run system. We explore the industry-led models in Brazil and Germany. We look at government-run systems in Mexico and India. We even cover the unique case of China, where the ISBN is not a simple identifier but a state-controlled publication license. The book also examines the systems in the UK , France , Russia , Japan , Australia , South Africa , Nigeria , and Egypt. Many books and websites can tell you how to get an ISBN. This handbook is the only resource that explains why the process is so different everywhere you look. It moves beyond a simple ""how-to"" and provides a true global analysis. It directly compares the privatized, for-profit models in the US and UK against the free, public-good systems in Canada and South Africa. You won't just learn the price; you will understand the cultural policies, market structures, and legal philosophies that shape that price. This book shows how the ISBN is a ""global mirror"". It reveals how a simple number can be a commercial product in one nation , a tool of cultural policy in another , and an instrument of state control in a third. This comparative insight is the missing piece for any author, publisher, or researcher trying to navigate the complex international publishing market. Disclaimer: This handbook is an independently produced resource for commentary and analysis. The author has no affiliation with the International ISBN Agency, R.R. Bowker, Library and Archives Canada, the National Press and Publication Administration, or any other national ISBN agency. This work is independently produced under the principle of nominative fair use.",US,,
42,42,23168817,"The Dark Forest (Remembrance of Earth’s Past, #2)",Liu Cixin,"Cixin, Liu",Joel Martinsen,0,0,5,4.4,Tor Books,Hardcover,512,2008,2023-03-18,2023-12-03,,,read,,,,1,0,2025-10-30,NOT_MATURE,"Have you ever wondered why that 13-digit number on the back of a book costs $125 in the United States but is completely free in Canada and India? This book, The Global ISBN Handbook, is your 2025 guide to the International Standard Book Number. It explains everything about this global ""fingerprint"" for books. The ISBN is the most important cornerstone of the publishing industry. It started as a simple warehouse tool in the 1960s. Now, it is a complex digital identifier used in over 200 countries. This handbook deconstructs the entire system. It uses 15 distinct national case studies to do this. You will learn how the old 10-digit system changed to the new 13-digit one. We break down the five parts of the ISBN, from the ""Bookland"" prefix to the final check digit. The book explores the global governance framework, starting with the International ISBN Agency. Then, it dives deep into how different countries run their systems. You'll see the privatized, high-cost model in the United States. You'll compare it to Canada's free, government-run system. We explore the industry-led models in Brazil and Germany. We look at government-run systems in Mexico and India. We even cover the unique case of China, where the ISBN is not a simple identifier but a state-controlled publication license. The book also examines the systems in the UK , France , Russia , Japan , Australia , South Africa , Nigeria , and Egypt. Many books and websites can tell you how to get an ISBN. This handbook is the only resource that explains why the process is so different everywhere you look. It moves beyond a simple ""how-to"" and provides a true global analysis. It directly compares the privatized, for-profit models in the US and UK against the free, public-good systems in Canada and South Africa. You won't just learn the price; you will understand the cultural policies, market structures, and legal philosophies that shape that price. This book shows how the ISBN is a ""global mirror"". It reveals how a simple number can be a commercial product in one nation , a tool of cultural policy in another , and an instrument of state control in a third. This comparative insight is the missing piece for any author, publisher, or researcher trying to navigate the complex international publishing market. Disclaimer: This handbook is an independently produced resource for commentary and analysis. The author has no affiliation with the International ISBN Agency, R.R. Bowker, Library and Archives Canada, the National Press and Publication Administration, or any other national ISBN agency. This work is independently produced under the principle of nominative fair use.",US,,
43,43,52578297,The Midnight Library,Matt Haig,"Haig, Matt",,0525559477,9780525559474,4,3.98,Viking,Hardcover,288,2020,2023-04-06,2023-12-03,,,read,,,,1,0,2020-09-29,NOT_MATURE,"The #1 New York Times bestselling WORLDWIDE phenomenon Winner of the Goodreads Choice Award for Fiction | A Good Morning America Book Club Pick | Independent (London) Ten Best Books of the Year ""A feel-good book guaranteed to lift your spirits.""—The Washington Post The dazzling reader-favorite about the choices that go into a life well lived, from the acclaimed author of How To Stop Time and The Comfort Book. Somewhere out beyond the edge of the universe there is a library that contains an infinite number of books, each one the story of another reality. One tells the story of your life as it is, along with another book for the other life you could have lived if you had made a different choice at any point in your life. While we all wonder how our lives might have been, what if you had the chance to go to the library and see for yourself? Would any of these other lives truly be better? In The Midnight Library, Matt Haig's enchanting blockbuster novel, Nora Seed finds herself faced with this decision. Faced with the possibility of changing her life for a new one, following a different career, undoing old breakups, realizing her dreams of becoming a glaciologist; she must search within herself as she travels through the Midnight Library to decide what is truly fulfilling in life, and what makes it worth living in the first place.",US,,
44,44,25451264,"Death's End (Remembrance of Earth’s Past, #3)",Liu Cixin,"Cixin, Liu",Ken Liu,0765377101,9780765377104,5,4.41,TOR,Hardcover,604,2010,2023-04-25,2023-12-03,,,read,,,,1,0,2016-09-20,NOT_MATURE,"Mutually assured destruction has led to decades of peace between humanity and the Trisolarans, but a new force is awakening and this delicate balance can no longer hold... Half a century after the Doomsday Battle, the uneasy balance of Dark Forest Deterrence keeps the Trisolaran invaders at bay. Earth enjoys unprecedented prosperity due to the infusion of Trisolaran knowledge. With human science advancing daily and the Trisolarans adopting Earth culture, it seems that the two civilizations will soon be able to co-exist peacefully as equals without the terrible threat of mutually assured annihilation. But the peace has also made humanity complacent. Cheng Xin, an aerospace engineer from the early twenty-first century, awakens from hibernation in this new age. She brings with her knowledge of a long-forgotten program dating from the beginning of the Trisolar Crisis, and her very presence may upset the delicate balance between two worlds. Will humanity reach for the stars or die in its cradle? Death's End is the New York Times bestselling conclusion to Cixin Liu's tour-de-force series that began with The Three-Body Problem. ""The War of the Worlds for the twenty-first century . . . Packed with a sense of wonder."" --The Wall Street Journal ""A meditation on technology, progress, morality, extinction, and knowledge that doubles as a cosmos- in-the-balance thriller."" --NPR The Remembrance of Earth's Past Trilogy The Three-Body Problem The Dark Forest Death's End Other Books Ball Lightning (forthcoming)",US,,
45,45,68428,"Mistborn: The Final Empire (Mistborn, #1)",Brandon Sanderson,"Sanderson, Brandon",,0,9780765311788,5,4.49,Tor Books,Hardcover,541,2006,2023-05-15,2023-12-03,,,read,,,,2,0,2006-07-25,NOT_MATURE,"""What if the prophesied hero failed to defeat the Dark Lord?""--Jacket.",US,,
46,46,58784475,"Tomorrow, and Tomorrow, and Tomorrow",Gabrielle Zevin,"Zevin, Gabrielle",,0735243344,9780735243347,5,4.12,Knopf,Hardcover,416,2022,2023-06-03,2023-12-03,,,read,,,,1,0,2022-07-05,NOT_MATURE,"A NEW YORK TIMES BESTSELLER A JIMMY FALLON BOOK CLUB PICK In this exhilarating novel by the best-selling author of The Storied Life of A. J. Fikry two friends—often in love, but never lovers—come together as creative partners in the world of video game design, where success brings them fame, joy, tragedy, duplicity, and, ultimately, a kind of immortality. ""Utterly brilliant. In this sweeping, gorgeously written novel, Gabrielle Zevin charts the beauty, tenacity, and fragility of human love and creativity. Tomorrow, and Tomorrow, and Tomorrow is one of the best books I've ever read."" —John Green On a bitter cold day, in the December of his Junior Year at Harvard, Sam Masur exits a subway car and sees, amid the hordes of people waiting on the platform, Sadie Green. He calls her name. For a moment, she pretends she hasn’t heard him, but then, she turns, and a game begins: a legendary collaboration that will launch them to stardom. They borrow money, beg favors, and, before even graduating college, they have created their first blockbuster, Ichigo: a game where players can escape the confines of a body and the betrayals of a heart, and where death means nothing more than a chance to restart and play again. This is the story of the perfect worlds Sam and Sadie build, the imperfect world they live in, and of everything that comes after success: Money. Fame. Duplicity. Tragedy. Spanning over thirty years, from Cambridge, Massachusetts, to Venice Beach, California, and lands in between and far beyond, Gabrielle Zevin’s Tomorrow, and Tomorrow, and Tomorrow is a dazzling and intricately imagined novel that examines the multifarious nature of identity, games as artform, technology and the human experience, disability, failure, the redemptive possibilities in play, and above all, our need to connect: to be loved and to love. Yes, it is a love story, but it is not one you have read before.",US,,
47,47,68429,"The Well of Ascension (Mistborn, #2)",Brandon Sanderson,"Sanderson, Brandon",,0765316889,9780765316882,5,4.38,Tor Books,Hardcover,590,2007,2023-06-22,2023-12-03,,,read,,,,1,0,2007-08-21,NOT_MATURE,"""All of these troubles whisper a single, chilling fact. Killing the Lord Ruler was the easy part. Surviving the aftermath of his fall is going to be the real challenge.""--BOOK JACKET.",US,,
48,48,2767793,"The Hero of Ages (Mistborn, #3)",Brandon Sanderson,"Sanderson, Brandon",,0765316897,9780765316899,5,4.56,Tor Books,Hardcover,572,2008,2023-07-11,2023-12-03,,,read,,,,1,0,2008-10-14,NOT_MATURE,"Emperor Elend Venture, having survived only to become a Mistborn himself, struggles to find clues by the Lord Ruler that will save his world, while a guilt-consumed Vin takes on a task of ending the cosmic power of the Ruin mystic force.",US,,
49,49,56783258,Cloud Cuckoo Land,Anthony Doerr,"Doerr, Anthony",,1982168439,9781982168438,5,4.25,Scribner,Hardcover,626,2021,2023-07-30,2023-12-03,,,read,,,,1,0,2021-09-28,NOT_MATURE,"A ""novel about children on the cusp of adulthood in a broken world who find resilience, hope, and story ... [They] are trying to figure out the world around them, and to survive. In the besieged city of Constantinople in 1453, in a public library in Lakeport, Idaho, today, and on a spaceship bound for a distant exoplanet decades from now, an ancient text provides solace and the most profound human connection to characters in peril""--",US,,
50,50,60652997,"Hell Bent (Alex Stern, #2)",Leigh Bardugo,"Bardugo, Leigh",,1250313104,9781250313102,4,4.11,Flatiron Books,Hardcover,481,2023,2023-08-18,2023-12-03,,,read,,,,1,0,2023-01-10,NOT_MATURE,"""Alex Stern returns in #1 New York Times bestselling author Leigh Bardugo's Hell Bent, another tale of murder and dark magic set among the Ivy League elite. Galaxy ""Alex"" Stern is determined to break Darlington out of hell-even if it costs her a future at Lethe and at Yale. But Alex is playing with forces far beyond her control, and when faculty members begin to die off, she knows these aren't just accidents. Something deadly is at work in New Haven, and if Alex is going to survive, she'll have to reckon with the monsters of her past and a darkness built into the university's very walls""--",US,,
51,51,35133922,Educated,Tara Westover,"Westover, Tara",,0399590501,9780399590504,5,4.47,Random House,Hardcover,352,2018,2021-01-18,2023-12-04,,,read,,,,1,0,2018-02-20,NOT_MATURE,"#1 NEW YORK TIMES, WALL STREET JOURNAL, AND BOSTON GLOBE BESTSELLER • One of the most acclaimed books of our time: an unforgettable memoir about a young woman who, kept out of school, leaves her survivalist family and goes on to earn a PhD from Cambridge University “Extraordinary . . . an act of courage and self-invention.”—The New York Times NAMED ONE OF THE TEN BEST BOOKS OF THE YEAR BY THE NEW YORK TIMES BOOK REVIEW • ONE OF PRESIDENT BARACK OBAMA’S FAVORITE BOOKS OF THE YEAR • BILL GATES’S HOLIDAY READING LIST • FINALIST: National Book Critics Circle’s Award In Autobiography and John Leonard Prize For Best First Book • PEN/Jean Stein Book Award • Los Angeles Times Book Prize Born to survivalists in the mountains of Idaho, Tara Westover was seventeen the first time she set foot in a classroom. Her family was so isolated from mainstream society that there was no one to ensure the children received an education, and no one to intervene when one of Tara’s older brothers became violent. When another brother got himself into college, Tara decided to try a new kind of life. Her quest for knowledge transformed her, taking her over oceans and across continents, to Harvard and to Cambridge University. Only then would she wonder if she’d traveled too far, if there was still a way home. “Beautiful and propulsive . . . Despite the singularity of [Westover’s] childhood, the questions her book poses are universal: How much of ourselves should we give to those we love? And how much must we betray them to grow up?”—Vogue ONE OF THE BEST BOOKS OF THE YEAR: The Washington Post, O: The Oprah Magazine, Time, NPR, Good Morning America, San Francisco Chronicle, The Guardian, The Economist, Financial Times, Newsday, New York Post, theSkimm, Refinery29, Bloomberg, Self, Real Simple, Town & Country, Bustle, Paste, Publishers Weekly, Library Journal, LibraryReads, Book Riot, Pamela Paul, KQED, New York Public Library",US,,
52,52,17333223,The Goldfinch,Donna Tartt,"Tartt, Donna",,0316055433,9780316055437,5,3.96,"Little, Brown",Hardcover,771,2013,2021-01-27,2023-12-04,,,read,,,,1,0,,,,,,
53,53,54493401,Project Hail Mary,Andy Weir,"Weir, Andy",,0593135202,9780593135204,5,4.5,Ballantine Books,Hardcover,476,2021,2023-09-07,2023-12-04,,,read,,,,1,0,2021-05-04,NOT_MATURE,"THE #1 NEW YORK TIMES BESTSELLER FROM THE AUTHOR OF THE MARTIAN • Soon to be a major motion picture starring Ryan Gosling, directed by Phil Lord and Christopher Miller, with a screenplay by Drew Goddard From the author of The Martian, a lone astronaut must save the earth from disaster in this “propulsive” (Entertainment Weekly), cinematic thriller full of suspense, humor, and fascinating science. HUGO AWARD FINALIST • ONE OF THE YEAR’S BEST BOOKS: Bill Gates, GatesNotes, New York Public Library, Parade, Newsweek, Polygon, Shelf Awareness, She Reads, Kirkus Reviews, Library Journal • New York Times Readers Pick: 100 Best Books of the 21st Century “An epic story of redemption, discovery and cool speculative sci-fi.”—USA Today “If you loved The Martian, you’ll go crazy for Weir’s latest.”—The Washington Post Ryland Grace is the sole survivor on a desperate, last-chance mission—and if he fails, humanity and the earth itself will perish. Except that right now, he doesn’t know that. He can’t even remember his own name, let alone the nature of his assignment or how to complete it. All he knows is that he’s been asleep for a very, very long time. And he’s just been awakened to find himself millions of miles from home, with nothing but two corpses for company. His crewmates dead, his memories fuzzily returning, Ryland realizes that an impossible task now confronts him. Hurtling through space on this tiny ship, it’s up to him to puzzle out an impossible scientific mystery—and conquer an extinction-level threat to our species. And with the clock ticking down and the nearest human being light-years away, he’s got to do it all alone. Or does he? An irresistible interstellar adventure as only Andy Weir could deliver, Project Hail Mary is a tale of discovery, speculation, and survival to rival The Martian—while taking us to places it never dreamed of going.",US,,
54,54,61242426,"Legends & Lattes (Legends & Lattes, #1)",Travis Baldree,"Baldree, Travis",,0,0,4,4.04,Tor,Kindle Edition,296,2022,2025-06-28,2023-12-10,,,read,,,,1,0,2025-10-30,NOT_MATURE,"Have you ever wondered why that 13-digit number on the back of a book costs $125 in the United States but is completely free in Canada and India? This book, The Global ISBN Handbook, is your 2025 guide to the International Standard Book Number. It explains everything about this global ""fingerprint"" for books. The ISBN is the most important cornerstone of the publishing industry. It started as a simple warehouse tool in the 1960s. Now, it is a complex digital identifier used in over 200 countries. This handbook deconstructs the entire system. It uses 15 distinct national case studies to do this. You will learn how the old 10-digit system changed to the new 13-digit one. We break down the five parts of the ISBN, from the ""Bookland"" prefix to the final check digit. The book explores the global governance framework, starting with the International ISBN Agency. Then, it dives deep into how different countries run their systems. You'll see the privatized, high-cost model in the United States. You'll compare it to Canada's free, government-run system. We explore the industry-led models in Brazil and Germany. We look at government-run systems in Mexico and India. We even cover the unique case of China, where the ISBN is not a simple identifier but a state-controlled publication license. The book also examines the systems in the UK , France , Russia , Japan , Australia , South Africa , Nigeria , and Egypt. Many books and websites can tell you how to get an ISBN. This handbook is the only resource that explains why the process is so different everywhere you look. It moves beyond a simple ""how-to"" and provides a true global analysis. It directly compares the privatized, for-profit models in the US and UK against the free, public-good systems in Canada and South Africa. You won't just learn the price; you will understand the cultural policies, market structures, and legal philosophies that shape that price. This book shows how the ISBN is a ""global mirror"". It reveals how a simple number can be a commercial product in one nation , a tool of cultural policy in another , and an instrument of state control in a third. This comparative insight is the missing piece for any author, publisher, or researcher trying to navigate the complex international publishing market. Disclaimer: This handbook is an independently produced resource for commentary and analysis. The author has no affiliation with the International ISBN Agency, R.R. Bowker, Library and Archives Canada, the National Press and Publication Administration, or any other national ISBN agency. This work is independently produced under the principle of nominative fair use.",US,,
55,55,61474080,"A Taste of Poison (Entangled with Fae, #4)",Tessonja Odette,"Odette, Tessonja",,0,0,4,3.91,Crystal Moon Press,Hardcover,412,2022,2025-08-21,2025-08-21,,,read,,,,1,0,2025-10-30,NOT_MATURE,"Have you ever wondered why that 13-digit number on the back of a book costs $125 in the United States but is completely free in Canada and India? This book, The Global ISBN Handbook, is your 2025 guide to the International Standard Book Number. It explains everything about this global ""fingerprint"" for books. The ISBN is the most important cornerstone of the publishing industry. It started as a simple warehouse tool in the 1960s. Now, it is a complex digital identifier used in over 200 countries. This handbook deconstructs the entire system. It uses 15 distinct national case studies to do this. You will learn how the old 10-digit system changed to the new 13-digit one. We break down the five parts of the ISBN, from the ""Bookland"" prefix to the final check digit. The book explores the global governance framework, starting with the International ISBN Agency. Then, it dives deep into how different countries run their systems. You'll see the privatized, high-cost model in the United States. You'll compare it to Canada's free, government-run system. We explore the industry-led models in Brazil and Germany. We look at government-run systems in Mexico and India. We even cover the unique case of China, where the ISBN is not a simple identifier but a state-controlled publication license. The book also examines the systems in the UK , France , Russia , Japan , Australia , South Africa , Nigeria , and Egypt. Many books and websites can tell you how to get an ISBN. This handbook is the only resource that explains why the process is so different everywhere you look. It moves beyond a simple ""how-to"" and provides a true global analysis. It directly compares the privatized, for-profit models in the US and UK against the free, public-good systems in Canada and South Africa. You won't just learn the price; you will understand the cultural policies, market structures, and legal philosophies that shape that price. This book shows how the ISBN is a ""global mirror"". It reveals how a simple number can be a commercial product in one nation , a tool of cultural policy in another , and an instrument of state control in a third. This comparative insight is the missing piece for any author, publisher, or researcher trying to navigate the complex international publishing market. Disclaimer: This handbook is an independently produced resource for commentary and analysis. The author has no affiliation with the International ISBN Agency, R.R. Bowker, Library and Archives Canada, the National Press and Publication Administration, or any other national ISBN agency. This work is independently produced under the principle of nominative fair use.",US,,
56,56,221733722,The Tenant,Freida McFadden,"McFadden, Freida",,1464227314,9781464227318,4,3.83,Poisoned Pen Press,Paperback,368,2025,,2025-09-06,,,read,,,,1,0,2025-01-01,NOT_MATURE,New from Poisoned Pen Press in 2025!,US,,
57,57,61126612,Alone With You in the Ether,Olivie Blake,"Blake, Olivie",,1250888166,9781250888167,4,3.78,Tor Books,Hardcover,288,2020,2025-09-06,2025-08-23,,,read,,,,1,0,2022-11-29,NOT_MATURE,"""From the New York Times bestselling author of The Atlas Six comes an intimate and contemporary study of time, space, and the nature of love. Alone with You in the Ether explores what it means to be unwell, and how to face the fractures of yourself and still love as if you're not broken. CHICAGO, SOMETIME-- Two people meet in the armory of the Art Institute by chance. Prior to their encounter, he is a doctoral student who manages his destructive thoughts with compulsive calculations about time travel; she is a bipolar counterfeit artist undergoing court-ordered psychotherapy. By the end of the story, these things will still be true. But this is not a story about endings. For Regan, life is a finish line of mutually assured disappointment. Her method of coping with the dreariness of existence is to project herself into imagined multipotency, spinning new threads of destiny with every impulsive decision she makes. For Aldo, life is a plague of constancy--a structure of rules and formulas that keep him going, without which the entire frame of his existence would collapse. For both of them, life is a matter of resigning themselves to the blueprints of inevitability, until six conversations with a stranger form the variable that glitches the entire simulation""--",US,,
58,58,54386622,"A Court of Thorns and Roses (A Court of Thorns and Roses, #1)",Sarah J. Maas,"Maas, Sarah J.",,0,0,4,4.16,Bloomsbury Publishing,Kindle Edition,433,2015,2025-10-10,2025-09-11,,,read,,,,1,0,2025-10-30,NOT_MATURE,"Have you ever wondered why that 13-digit number on the back of a book costs $125 in the United States but is completely free in Canada and India? This book, The Global ISBN Handbook, is your 2025 guide to the International Standard Book Number. It explains everything about this global ""fingerprint"" for books. The ISBN is the most important cornerstone of the publishing industry. It started as a simple warehouse tool in the 1960s. Now, it is a complex digital identifier used in over 200 countries. This handbook deconstructs the entire system. It uses 15 distinct national case studies to do this. You will learn how the old 10-digit system changed to the new 13-digit one. We break down the five parts of the ISBN, from the ""Bookland"" prefix to the final check digit. The book explores the global governance framework, starting with the International ISBN Agency. Then, it dives deep into how different countries run their systems. You'll see the privatized, high-cost model in the United States. You'll compare it to Canada's free, government-run system. We explore the industry-led models in Brazil and Germany. We look at government-run systems in Mexico and India. We even cover the unique case of China, where the ISBN is not a simple identifier but a state-controlled publication license. The book also examines the systems in the UK , France , Russia , Japan , Australia , South Africa , Nigeria , and Egypt. Many books and websites can tell you how to get an ISBN. This handbook is the only resource that explains why the process is so different everywhere you look. It moves beyond a simple ""how-to"" and provides a true global analysis. It directly compares the privatized, for-profit models in the US and UK against the free, public-good systems in Canada and South Africa. You won't just learn the price; you will understand the cultural policies, market structures, and legal philosophies that shape that price. This book shows how the ISBN is a ""global mirror"". It reveals how a simple number can be a commercial product in one nation , a tool of cultural policy in another , and an instrument of state control in a third. This comparative insight is the missing piece for any author, publisher, or researcher trying to navigate the complex international publishing market. Disclaimer: This handbook is an independently produced resource for commentary and analysis. The author has no affiliation with the International ISBN Agency, R.R. Bowker, Library and Archives Canada, the National Press and Publication Administration, or any other national ISBN agency. This work is independently produced under the principle of nominative fair use.",US,,
59,59,34051011,Pachinko,Min Jin Lee,"Lee, Min Jin",,0,0,5,4.34,Grand Central Publishing,Kindle Edition,496,2017,2024-05-17,2023-12-03,,,read,,,,1,0,2025-10-30,NOT_MATURE,"Have you ever wondered why that 13-digit number on the back of a book costs $125 in the United States but is completely free in Canada and India? This book, The Global ISBN Handbook, is your 2025 guide to the International Standard Book Number. It explains everything about this global ""fingerprint"" for books. The ISBN is the most important cornerstone of the publishing industry. It started as a simple warehouse tool in the 1960s. Now, it is a complex digital identifier used in over 200 countries. This handbook deconstructs the entire system. It uses 15 distinct national case studies to do this. You will learn how the old 10-digit system changed to the new 13-digit one. We break down the five parts of the ISBN, from the ""Bookland"" prefix to the final check digit. The book explores the global governance framework, starting with the International ISBN Agency. Then, it dives deep into how different countries run their systems. You'll see the privatized, high-cost model in the United States. You'll compare it to Canada's free, government-run system. We explore the industry-led models in Brazil and Germany. We look at government-run systems in Mexico and India. We even cover the unique case of China, where the ISBN is not a simple identifier but a state-controlled publication license. The book also examines the systems in the UK , France , Russia , Japan , Australia , South Africa , Nigeria , and Egypt. Many books and websites can tell you how to get an ISBN. This handbook is the only resource that explains why the process is so different everywhere you look. It moves beyond a simple ""how-to"" and provides a true global analysis. It directly compares the privatized, for-profit models in the US and UK against the free, public-good systems in Canada and South Africa. You won't just learn the price; you will understand the cultural policies, market structures, and legal philosophies that shape that price. This book shows how the ISBN is a ""global mirror"". It reveals how a simple number can be a commercial product in one nation , a tool of cultural policy in another , and an instrument of state control in a third. This comparative insight is the missing piece for any author, publisher, or researcher trying to navigate the complex international publishing market. Disclaimer: This handbook is an independently produced resource for commentary and analysis. The author has no affiliation with the International ISBN Agency, R.R. Bowker, Library and Archives Canada, the National Press and Publication Administration, or any other national ISBN agency. This work is independently produced under the principle of nominative fair use.",US,,
60,60,41886271,The Sword of Kaigen,M.L. Wang,"Wang, M.L.",,0,0,0,4.44,Amazon Digital Services,Kindle Edition,651,2019,,2025-08-30,to-read,to-read (#44),to-read,,,,0,0,2025-10-30,NOT_MATURE,"Have you ever wondered why that 13-digit number on the back of a book costs $125 in the United States but is completely free in Canada and India? This book, The Global ISBN Handbook, is your 2025 guide to the International Standard Book Number. It explains everything about this global ""fingerprint"" for books. The ISBN is the most important cornerstone of the publishing industry. It started as a simple warehouse tool in the 1960s. Now, it is a complex digital identifier used in over 200 countries. This handbook deconstructs the entire system. It uses 15 distinct national case studies to do this. You will learn how the old 10-digit system changed to the new 13-digit one. We break down the five parts of the ISBN, from the ""Bookland"" prefix to the final check digit. The book explores the global governance framework, starting with the International ISBN Agency. Then, it dives deep into how different countries run their systems. You'll see the privatized, high-cost model in the United States. You'll compare it to Canada's free, government-run system. We explore the industry-led models in Brazil and Germany. We look at government-run systems in Mexico and India. We even cover the unique case of China, where the ISBN is not a simple identifier but a state-controlled publication license. The book also examines the systems in the UK , France , Russia , Japan , Australia , South Africa , Nigeria , and Egypt. Many books and websites can tell you how to get an ISBN. This handbook is the only resource that explains why the process is so different everywhere you look. It moves beyond a simple ""how-to"" and provides a true global analysis. It directly compares the privatized, for-profit models in the US and UK against the free, public-good systems in Canada and South Africa. You won't just learn the price; you will understand the cultural policies, market structures, and legal philosophies that shape that price. This book shows how the ISBN is a ""global mirror"". It reveals how a simple number can be a commercial product in one nation , a tool of cultural policy in another , and an instrument of state control in a third. This comparative insight is the missing piece for any author, publisher, or researcher trying to navigate the complex international publishing market. Disclaimer: This handbook is an independently produced resource for commentary and analysis. The author has no affiliation with the International ISBN Agency, R.R. Bowker, Library and Archives Canada, the National Press and Publication Administration, or any other national ISBN agency. This work is independently produced under the principle of nominative fair use.",US,,
61,61,56791389,"Dungeon Crawler Carl (Dungeon Crawler Carl, #1)",Matt Dinniman,"Dinniman, Matt",,0,0,0,4.49,Dandy House,Kindle Edition,446,2020,,2025-08-23,to-read,to-read (#43),to-read,,,,0,0,2025-10-30,NOT_MATURE,"Have you ever wondered why that 13-digit number on the back of a book costs $125 in the United States but is completely free in Canada and India? This book, The Global ISBN Handbook, is your 2025 guide to the International Standard Book Number. It explains everything about this global ""fingerprint"" for books. The ISBN is the most important cornerstone of the publishing industry. It started as a simple warehouse tool in the 1960s. Now, it is a complex digital identifier used in over 200 countries. This handbook deconstructs the entire system. It uses 15 distinct national case studies to do this. You will learn how the old 10-digit system changed to the new 13-digit one. We break down the five parts of the ISBN, from the ""Bookland"" prefix to the final check digit. The book explores the global governance framework, starting with the International ISBN Agency. Then, it dives deep into how different countries run their systems. You'll see the privatized, high-cost model in the United States. You'll compare it to Canada's free, government-run system. We explore the industry-led models in Brazil and Germany. We look at government-run systems in Mexico and India. We even cover the unique case of China, where the ISBN is not a simple identifier but a state-controlled publication license. The book also examines the systems in the UK , France , Russia , Japan , Australia , South Africa , Nigeria , and Egypt. Many books and websites can tell you how to get an ISBN. This handbook is the only resource that explains why the process is so different everywhere you look. It moves beyond a simple ""how-to"" and provides a true global analysis. It directly compares the privatized, for-profit models in the US and UK against the free, public-good systems in Canada and South Africa. You won't just learn the price; you will understand the cultural policies, market structures, and legal philosophies that shape that price. This book shows how the ISBN is a ""global mirror"". It reveals how a simple number can be a commercial product in one nation , a tool of cultural policy in another , and an instrument of state control in a third. This comparative insight is the missing piece for any author, publisher, or researcher trying to navigate the complex international publishing market. Disclaimer: This handbook is an independently produced resource for commentary and analysis. The author has no affiliation with the International ISBN Agency, R.R. Bowker, Library and Archives Canada, the National Press and Publication Administration, or any other national ISBN agency. This work is independently produced under the principle of nominative fair use.",US,,
62,62,41881472,The Psychology of Money,Morgan Housel,"Housel, Morgan",,0857197681,9780857197689,0,4.29,Harriman House,Paperback,242,2020,,2025-08-22,to-read,to-read (#42),to-read,,,,0,0,2020-09-08,NOT_MATURE,"Doing well with money isn’t necessarily about what you know. It’s about how you behave. And behavior is hard to teach, even to really smart people. Money—investing, personal finance, and business decisions—is typically taught as a math-based field, where data and formulas tell us exactly what to do. But in the real world people don’t make financial decisions on a spreadsheet. They make them at the dinner table, or in a meeting room, where personal history, your own unique view of the world, ego, pride, marketing, and odd incentives are scrambled together. In The Psychology of Money, award-winning author Morgan Housel shares 19 short stories exploring the strange ways people think about money and teaches you how to make better sense of one of life’s most important topics.",US,,
63,63,30646587,"The Simple Path to Wealth: Your Road Map to Financial Independence and a Rich, Free Life",J.L. Collins,"Collins, J.L.",Mr. Money Mustache,0,0,0,4.42,jlcollinsnh.com,Kindle Edition,286,2016,,2025-08-22,to-read,to-read (#41),to-read,,,,0,0,2025-10-30,NOT_MATURE,"Have you ever wondered why that 13-digit number on the back of a book costs $125 in the United States but is completely free in Canada and India? This book, The Global ISBN Handbook, is your 2025 guide to the International Standard Book Number. It explains everything about this global ""fingerprint"" for books. The ISBN is the most important cornerstone of the publishing industry. It started as a simple warehouse tool in the 1960s. Now, it is a complex digital identifier used in over 200 countries. This handbook deconstructs the entire system. It uses 15 distinct national case studies to do this. You will learn how the old 10-digit system changed to the new 13-digit one. We break down the five parts of the ISBN, from the ""Bookland"" prefix to the final check digit. The book explores the global governance framework, starting with the International ISBN Agency. Then, it dives deep into how different countries run their systems. You'll see the privatized, high-cost model in the United States. You'll compare it to Canada's free, government-run system. We explore the industry-led models in Brazil and Germany. We look at government-run systems in Mexico and India. We even cover the unique case of China, where the ISBN is not a simple identifier but a state-controlled publication license. The book also examines the systems in the UK , France , Russia , Japan , Australia , South Africa , Nigeria , and Egypt. Many books and websites can tell you how to get an ISBN. This handbook is the only resource that explains why the process is so different everywhere you look. It moves beyond a simple ""how-to"" and provides a true global analysis. It directly compares the privatized, for-profit models in the US and UK against the free, public-good systems in Canada and South Africa. You won't just learn the price; you will understand the cultural policies, market structures, and legal philosophies that shape that price. This book shows how the ISBN is a ""global mirror"". It reveals how a simple number can be a commercial product in one nation , a tool of cultural policy in another , and an instrument of state control in a third. This comparative insight is the missing piece for any author, publisher, or researcher trying to navigate the complex international publishing market. Disclaimer: This handbook is an independently produced resource for commentary and analysis. The author has no affiliation with the International ISBN Agency, R.R. Bowker, Library and Archives Canada, the National Press and Publication Administration, or any other national ISBN agency. This work is independently produced under the principle of nominative fair use.",US,,
64,64,203578847,"Wind and Truth (The Stormlight Archive, #5)",Brandon Sanderson,"Sanderson, Brandon",,1250319188,9781250319180,0,4.38,Tor Books,Hardcover,1344,2024,,2025-08-18,to-read,to-read (#40),to-read,,,,0,0,2024-12-06,NOT_MATURE,"The long-awaited explosive climax to the first arc of the #1 New York Times bestselling Stormlight Archive—the iconic epic fantasy masterpiece that has sold more than 10 million copies, from acclaimed bestselling author Brandon Sanderson. Dalinar Kholin challenged the evil god Odium to a contest of champions with the future of Roshar on the line. The Knights Radiant have only ten days to prepare—and the sudden ascension of the crafty and ruthless Taravangian to take Odium’s place has thrown everything into disarray. Desperate fighting continues simultaneously worldwide—Adolin in Azir, Sigzil and Venli at the Shattered Plains, and Jasnah in Thaylenah. The former assassin, Szeth, must cleanse his homeland of Shinovar from the dark influence of the Unmade. He is accompanied by Kaladin, who faces a new battle helping Szeth fight his own demons . . . and who must do the same for the insane Herald of the Almighty, Ishar. At the same time, Shallan, Renarin, and Rlain work to unravel the mystery behind the Unmade Ba-Ado-Mishram and her involvement in the enslavement of the singer race and in the ancient Knights Radiant killing their spren. And Dalinar and Navani seek an edge against Odium’s champion that can be found only in the Spiritual Realm, where memory and possibility combine in chaos. The fate of the entire Cosmere hangs in the balance. Other Tor books by Brandon Sanderson The Cosmere The Stormlight Archive ● The Way of Kings ● Words of Radiance ● Edgedancer (novella) ● Oathbringer ● Dawnshard (novella) ● Rhythm of War The Mistborn Saga The Original Trilogy ● Mistborn ● The Well of Ascension ● The Hero of Ages Wax & Wayne ● The Alloy of Law ● Shadows of Self ● The Bands of Mourning ● The Lost Metal Other Cosmere novels ● Elantris ● Warbreaker ● Tress of the Emerald Sea ● Yumi and the Nightmare Painter ● The Sunlit Man Collection ● Arcanum Unbounded: The Cosmere Collection Alcatraz vs. the Evil Librarians ● Alcatraz vs. the Evil Librarians ● The Scrivener's Bones ● The Knights of Crystallia ● The Shattered Lens ● The Dark Talent ● Bastille vs. the Evil Librarians (with Janci Patterson) Other novels ● The Rithmatist ● Legion: The Many Lives of Stephen Leeds ● The Frugal Wizard’s Handbook for Surviving Medieval England Other books by Brandon Sanderson The Reckoners ● Steelheart ● Firefight ● Calamity ● Lux (with Steven Michael Bohls) Skyward ● Skyward ● Starsight ● Cytonic ● Skyward Flight (with Janci Patterson) ● Defiant",US,,
65,65,157608295,Wool (Silo #1),Hugh Howey,"Howey, Hugh",,0,0,0,4.23,William Morrow,Kindle Edition,594,2012,2025-08-09,2023-12-03,to-read,to-read (#39),to-read,,,,1,0,2025-10-30,NOT_MATURE,"Have you ever wondered why that 13-digit number on the back of a book costs $125 in the United States but is completely free in Canada and India? This book, The Global ISBN Handbook, is your 2025 guide to the International Standard Book Number. It explains everything about this global ""fingerprint"" for books. The ISBN is the most important cornerstone of the publishing industry. It started as a simple warehouse tool in the 1960s. Now, it is a complex digital identifier used in over 200 countries. This handbook deconstructs the entire system. It uses 15 distinct national case studies to do this. You will learn how the old 10-digit system changed to the new 13-digit one. We break down the five parts of the ISBN, from the ""Bookland"" prefix to the final check digit. The book explores the global governance framework, starting with the International ISBN Agency. Then, it dives deep into how different countries run their systems. You'll see the privatized, high-cost model in the United States. You'll compare it to Canada's free, government-run system. We explore the industry-led models in Brazil and Germany. We look at government-run systems in Mexico and India. We even cover the unique case of China, where the ISBN is not a simple identifier but a state-controlled publication license. The book also examines the systems in the UK , France , Russia , Japan , Australia , South Africa , Nigeria , and Egypt. Many books and websites can tell you how to get an ISBN. This handbook is the only resource that explains why the process is so different everywhere you look. It moves beyond a simple ""how-to"" and provides a true global analysis. It directly compares the privatized, for-profit models in the US and UK against the free, public-good systems in Canada and South Africa. You won't just learn the price; you will understand the cultural policies, market structures, and legal philosophies that shape that price. This book shows how the ISBN is a ""global mirror"". It reveals how a simple number can be a commercial product in one nation , a tool of cultural policy in another , and an instrument of state control in a third. This comparative insight is the missing piece for any author, publisher, or researcher trying to navigate the complex international publishing market. Disclaimer: This handbook is an independently produced resource for commentary and analysis. The author has no affiliation with the International ISBN Agency, R.R. Bowker, Library and Archives Canada, the National Press and Publication Administration, or any other national ISBN agency. This work is independently produced under the principle of nominative fair use.",US,,
66,66,15839976,"Red Rising (Red Rising Saga, #1)",Pierce Brown,"Brown, Pierce",,0345539788,9780345539786,0,4.27,Del Rey,Hardcover,382,2014,,2025-08-09,to-read,to-read (#38),to-read,,,,0,0,2014-01-28,NOT_MATURE,"NEW YORK TIMES BESTSELLER • Pierce Brown’s relentlessly entertaining debut channels the excitement of The Hunger Games by Suzanne Collins and Ender’s Game by Orson Scott Card. “Red Rising ascends above a crowded dys­topian field.”—USA Today ONE OF THE BEST BOOKS OF THE YEAR—Entertainment Weekly, BuzzFeed, Shelf Awareness “I live for the dream that my children will be born free,” she says. “That they will be what they like. That they will own the land their father gave them.” “I live for you,” I say sadly. Eo kisses my cheek. “Then you must live for more.” Darrow is a Red, a member of the lowest caste in the color-coded society of the future. Like his fellow Reds, he works all day, believing that he and his people are making the surface of Mars livable for future generations. Yet he toils willingly, trusting that his blood and sweat will one day result in a better world for his children. But Darrow and his kind have been betrayed. Soon he discovers that humanity reached the surface generations ago. Vast cities and lush wilds spread across the planet. Darrow—and Reds like him—are nothing more than slaves to a decadent ruling class. Inspired by a longing for justice, and driven by the memory of lost love, Darrow sacrifices everything to infiltrate the legendary Institute, a proving ground for the dominant Gold caste, where the next generation of humanity’s overlords struggle for power. He will be forced to compete for his life and the very future of civilization against the best and most brutal of Society’s ruling class. There, he will stop at nothing to bring down his enemies . . . even if it means he has to become one of them to do so. Praise for Red Rising “[A] spectacular adventure . . . one heart-pounding ride . . . Pierce Brown’s dizzyingly good debut novel evokes The Hunger Games, Lord of the Flies, and Ender’s Game. . . . [Red Rising] has everything it needs to become meteoric.”—Entertainment Weekly “Ender, Katniss, and now Darrow.”—Scott Sigler “Red Rising is a sophisticated vision. . . . Brown will find a devoted audience.”—Richmond Times-Dispatch Don’t miss any of Pierce Brown’s Red Rising Saga: RED RISING • GOLDEN SON • MORNING STAR • IRON GOLD • DARK AGE • LIGHT BRINGER",US,,
67,67,68320207,Tress of the Emerald Sea,Brandon Sanderson,"Sanderson, Brandon",Howard Lyon,0,0,5,4.32,Dragonsteel Entertainment,Kindle Edition,486,2023,2025-08-05,2023-12-10,,,read,,,,1,0,2025-10-30,NOT_MATURE,"Have you ever wondered why that 13-digit number on the back of a book costs $125 in the United States but is completely free in Canada and India? This book, The Global ISBN Handbook, is your 2025 guide to the International Standard Book Number. It explains everything about this global ""fingerprint"" for books. The ISBN is the most important cornerstone of the publishing industry. It started as a simple warehouse tool in the 1960s. Now, it is a complex digital identifier used in over 200 countries. This handbook deconstructs the entire system. It uses 15 distinct national case studies to do this. You will learn how the old 10-digit system changed to the new 13-digit one. We break down the five parts of the ISBN, from the ""Bookland"" prefix to the final check digit. The book explores the global governance framework, starting with the International ISBN Agency. Then, it dives deep into how different countries run their systems. You'll see the privatized, high-cost model in the United States. You'll compare it to Canada's free, government-run system. We explore the industry-led models in Brazil and Germany. We look at government-run systems in Mexico and India. We even cover the unique case of China, where the ISBN is not a simple identifier but a state-controlled publication license. The book also examines the systems in the UK , France , Russia , Japan , Australia , South Africa , Nigeria , and Egypt. Many books and websites can tell you how to get an ISBN. This handbook is the only resource that explains why the process is so different everywhere you look. It moves beyond a simple ""how-to"" and provides a true global analysis. It directly compares the privatized, for-profit models in the US and UK against the free, public-good systems in Canada and South Africa. You won't just learn the price; you will understand the cultural policies, market structures, and legal philosophies that shape that price. This book shows how the ISBN is a ""global mirror"". It reveals how a simple number can be a commercial product in one nation , a tool of cultural policy in another , and an instrument of state control in a third. This comparative insight is the missing piece for any author, publisher, or researcher trying to navigate the complex international publishing market. Disclaimer: This handbook is an independently produced resource for commentary and analysis. The author has no affiliation with the International ISBN Agency, R.R. Bowker, Library and Archives Canada, the National Press and Publication Administration, or any other national ISBN agency. This work is independently produced under the principle of nominative fair use.",US,,
68,68,25076674,The Alchemist: A Fable About Following Your Dream,Paulo Coelho,"Coelho, Paulo",Alan R. Clarke,0,0,0,3.92,HarperOne,Kindle Edition,84,1988,2025-07-04,2023-12-03,,,read,,,,1,0,2025-10-30,NOT_MATURE,"Have you ever wondered why that 13-digit number on the back of a book costs $125 in the United States but is completely free in Canada and India? This book, The Global ISBN Handbook, is your 2025 guide to the International Standard Book Number. It explains everything about this global ""fingerprint"" for books. The ISBN is the most important cornerstone of the publishing industry. It started as a simple warehouse tool in the 1960s. Now, it is a complex digital identifier used in over 200 countries. This handbook deconstructs the entire system. It uses 15 distinct national case studies to do this. You will learn how the old 10-digit system changed to the new 13-digit one. We break down the five parts of the ISBN, from the ""Bookland"" prefix to the final check digit. The book explores the global governance framework, starting with the International ISBN Agency. Then, it dives deep into how different countries run their systems. You'll see the privatized, high-cost model in the United States. You'll compare it to Canada's free, government-run system. We explore the industry-led models in Brazil and Germany. We look at government-run systems in Mexico and India. We even cover the unique case of China, where the ISBN is not a simple identifier but a state-controlled publication license. The book also examines the systems in the UK , France , Russia , Japan , Australia , South Africa , Nigeria , and Egypt. Many books and websites can tell you how to get an ISBN. This handbook is the only resource that explains why the process is so different everywhere you look. It moves beyond a simple ""how-to"" and provides a true global analysis. It directly compares the privatized, for-profit models in the US and UK against the free, public-good systems in Canada and South Africa. You won't just learn the price; you will understand the cultural policies, market structures, and legal philosophies that shape that price. This book shows how the ISBN is a ""global mirror"". It reveals how a simple number can be a commercial product in one nation , a tool of cultural policy in another , and an instrument of state control in a third. This comparative insight is the missing piece for any author, publisher, or researcher trying to navigate the complex international publishing market. Disclaimer: This handbook is an independently produced resource for commentary and analysis. The author has no affiliation with the International ISBN Agency, R.R. Bowker, Library and Archives Canada, the National Press and Publication Administration, or any other national ISBN agency. This work is independently produced under the principle of nominative fair use.",US,,
69,69,18693771,"The Body Keeps the Score: Brain, Mind, and Body in the Healing of Trauma",Bessel van der Kolk,"Kolk, Bessel van der",,0670785938,9780670785933,4,4.35,Viking,Hardcover,464,2014,2025-06-20,2023-12-03,,,read,,,,1,0,2014-09-25,NOT_MATURE,"A pioneering researcher and one of the world’s foremost experts on traumatic stress offers a bold new paradigm for healing Trauma is a fact of life. Veterans and their families deal with the painful aftermath of combat; one in five Americans has been molested; one in four grew up with alcoholics; one in three couples have engaged in physical violence. Such experiences inevitably leave traces on minds, emotions, and even on biology. Sadly, trauma sufferers frequently pass on their stress to their partners and children. Renowned trauma expert Bessel van der Kolk has spent over three decades working with survivors. In The Body Keeps the Score, he transforms our understanding of traumatic stress, revealing how it literally rearranges the brain’s wiring—specifically areas dedicated to pleasure, engagement, control, and trust. He shows how these areas can be reactivated through innovative treatments including neurofeedback, mindfulness techniques, play, yoga, and other therapies. Based on Dr. van der Kolk’s own research and that of other leading specialists, The Body Keeps the Score offers proven alternatives to drugs and talk therapy—and a way to reclaim lives.",US,,
70,70,1268479,Warbreaker,Brandon Sanderson,"Sanderson, Brandon",,0,0,0,4.3,Self-published,ebook,688,2009,,2025-07-02,to-read,to-read (#37),to-read,,,,0,0,2025-10-30,NOT_MATURE,"Have you ever wondered why that 13-digit number on the back of a book costs $125 in the United States but is completely free in Canada and India? This book, The Global ISBN Handbook, is your 2025 guide to the International Standard Book Number. It explains everything about this global ""fingerprint"" for books. The ISBN is the most important cornerstone of the publishing industry. It started as a simple warehouse tool in the 1960s. Now, it is a complex digital identifier used in over 200 countries. This handbook deconstructs the entire system. It uses 15 distinct national case studies to do this. You will learn how the old 10-digit system changed to the new 13-digit one. We break down the five parts of the ISBN, from the ""Bookland"" prefix to the final check digit. The book explores the global governance framework, starting with the International ISBN Agency. Then, it dives deep into how different countries run their systems. You'll see the privatized, high-cost model in the United States. You'll compare it to Canada's free, government-run system. We explore the industry-led models in Brazil and Germany. We look at government-run systems in Mexico and India. We even cover the unique case of China, where the ISBN is not a simple identifier but a state-controlled publication license. The book also examines the systems in the UK , France , Russia , Japan , Australia , South Africa , Nigeria , and Egypt. Many books and websites can tell you how to get an ISBN. This handbook is the only resource that explains why the process is so different everywhere you look. It moves beyond a simple ""how-to"" and provides a true global analysis. It directly compares the privatized, for-profit models in the US and UK against the free, public-good systems in Canada and South Africa. You won't just learn the price; you will understand the cultural policies, market structures, and legal philosophies that shape that price. This book shows how the ISBN is a ""global mirror"". It reveals how a simple number can be a commercial product in one nation , a tool of cultural policy in another , and an instrument of state control in a third. This comparative insight is the missing piece for any author, publisher, or researcher trying to navigate the complex international publishing market. Disclaimer: This handbook is an independently produced resource for commentary and analysis. The author has no affiliation with the International ISBN Agency, R.R. Bowker, Library and Archives Canada, the National Press and Publication Administration, or any other national ISBN agency. This work is independently produced under the principle of nominative fair use.",US,,
71,71,68427,"Elantris (Elantris, #1)",Brandon Sanderson,"Sanderson, Brandon",,0765350378,9780765350374,0,4.17,Tor Fantasy,Mass Market Paperback,638,2005,,2025-07-02,to-read,to-read (#36),to-read,,,,0,0,2006-05-30,NOT_MATURE,"In 2005, Brandon Sanderson debuted with Elantris, an epic fantasy unlike any other then on the market. To celebrate its tenth anniversary, Tor is reissuing Elantris in a special edition, a fresh chance to introduce it to the myriad readers who have since become Sanderson fans. This new edition begins with a preface by author Dan Wells, the first person to read the completed novel, and a new afterword by Sanderson explaining how he came to write the book and its place in the Cosmere, the unified universe of all his Tor novels. Also included is an expanded version of the ""Ars Arcanum"" appendix, with more of the technical details of the book's magic that fans can never get enough of. Elantris was truly a milestone both for Sanderson and for the genre of epic fantasy. It deserves this special treatment, something Tor has done only once before, with Orson Scott Card's Ender's Game. Sanderson fans old and new will be excited to discover it. Other Tor books by Brandon Sanderson The Cosmere The Stormlight Archive The Way of Kings Words of Radiance Edgedancer (Novella) Oathbringer (forthcoming) The Mistborn trilogy Mistborn: The Final Empire The Well of Ascension The Hero of Ages Mistborn: The Wax and Wayne series Alloy of Law Shadows of Self Bands of Mourning Collection Arcanum Unbounded Other Cosmere novels Elantris Warbreaker The Alcatraz vs. the Evil Librarians series Alcatraz vs. the Evil Librarians The Scrivener's Bones The Knights of Crystallia The Shattered Lens The Dark Talent The Rithmatist series The Rithmatist Other books by Brandon Sanderson The Reckoners Steelheart Firefight Calamity",US,,
72,72,57850265,How High We Go in the Dark,Sequoia Nagamatsu,"Nagamatsu, Sequoia",,0063072645,9780063072640,0,3.81,William Morrow,Hardcover,293,2022,,2025-07-02,to-read,to-read (#35),to-read,,,,0,0,2022-01-01,NOT_MATURE,"For fans of Cloud Atlas and Station Eleven, a spellbinding and profoundly prescient debut that follows a cast of intricately linked characters over hundreds of years as humanity struggles to rebuild itself in the aftermath of a climate plague--a daring and deeply heartfelt work of mind-bending imagination from a singular new voice. Beginning in 2030, a grieving archeologist arrives in the Arctic Circle to continue the work of his recently deceased daughter at the Batagaika crater, where researchers are studying long-buried secrets now revealed in melting permafrost, including the perfectly preserved remains of a girl who appears to have died of an ancient virus. Once unleashed, the Arctic Plague will reshape life on earth for generations to come, quickly traversing the globe, forcing humanity to devise a myriad of moving and inventive ways to embrace possibility in the face of tragedy. In a theme park designed for terminally ill children, a cynical employee falls in love with a mother desperate to hold on to her infected son. A heartbroken scientist searching for a cure finds a second chance at fatherhood when one of his test subjects--a pig--develops the capacity for human speech. A widowed painter and her teenaged granddaughter embark on a cosmic quest to locate a new home planet. From funerary skyscrapers to hotels for the dead to interstellar starships, Sequoia Nagamatsu takes readers on a wildly original and compassionate journey, spanning continents, centuries, and even celestial bodies to tell a story about the resiliency of the human spirit, our infinite capacity to dream, and the connective threads that tie us all together in the universe.",US,,
73,73,52397,"Parable of the Sower (Earthseed, #1)",Octavia E. Butler,"Butler, Octavia E.",,0446675504,9780446675505,4,4.2,Grand Central Publishing,Paperback,345,1993,2025-04-07,2025-04-04,,,read,,,,1,0,2000-01-01,NOT_MATURE,"In a futuristic society filled with chaos, young Lauren Olamina begins a journey that will test her will and ultimately start a new faith. Includes questions for discussion.",US,,
74,74,50252588,Speech Sounds,Octavia E. Butler,"Butler, Octavia E.",,0,0,0,4.12,Asimov's Science Fiction,Unknown Binding,0,0,2020-01-01,2023-12-03,,,read,,,,1,0,2025-10-30,NOT_MATURE,"Have you ever wondered why that 13-digit number on the back of a book costs $125 in the United States but is completely free in Canada and India? This book, The Global ISBN Handbook, is your 2025 guide to the International Standard Book Number. It explains everything about this global ""fingerprint"" for books. The ISBN is the most important cornerstone of the publishing industry. It started as a simple warehouse tool in the 1960s. Now, it is a complex digital identifier used in over 200 countries. This handbook deconstructs the entire system. It uses 15 distinct national case studies to do this. You will learn how the old 10-digit system changed to the new 13-digit one. We break down the five parts of the ISBN, from the ""Bookland"" prefix to the final check digit. The book explores the global governance framework, starting with the International ISBN Agency. Then, it dives deep into how different countries run their systems. You'll see the privatized, high-cost model in the United States. You'll compare it to Canada's free, government-run system. We explore the industry-led models in Brazil and Germany. We look at government-run systems in Mexico and India. We even cover the unique case of China, where the ISBN is not a simple identifier but a state-controlled publication license. The book also examines the systems in the UK , France , Russia , Japan , Australia , South Africa , Nigeria , and Egypt. Many books and websites can tell you how to get an ISBN. This handbook is the only resource that explains why the process is so different everywhere you look. It moves beyond a simple ""how-to"" and provides a true global analysis. It directly compares the privatized, for-profit models in the US and UK against the free, public-good systems in Canada and South Africa. You won't just learn the price; you will understand the cultural policies, market structures, and legal philosophies that shape that price. This book shows how the ISBN is a ""global mirror"". It reveals how a simple number can be a commercial product in one nation , a tool of cultural policy in another , and an instrument of state control in a third. This comparative insight is the missing piece for any author, publisher, or researcher trying to navigate the complex international publishing market. Disclaimer: This handbook is an independently produced resource for commentary and analysis. The author has no affiliation with the International ISBN Agency, R.R. Bowker, Library and Archives Canada, the National Press and Publication Administration, or any other national ISBN agency. This work is independently produced under the principle of nominative fair use.",US,,
75,75,49682914,The Subtle Art of Not Giving a Fuck,Mark Manson,"Manson, Mark",,0,0,4,3.87,HarperCollins,Hardcover,206,2016,2025-02-24,2025-02-16,,,read,,,"Choose what is important in your life and focus on that. Forget about everything else.<br/>What do you choose to suffer for? This defines you.<br/>Happiness comes from solving problems you enjoy having & solving & growth from that<br/>How do you measure failure/success<br/>Healthy Values: Responsibility (honesty), uncertainty (vulnerability, progress, growth), failure, rejection (self-respect, boundaries, “no”), mortality (charity, humanity, legacy)",1,1,2025-10-30,NOT_MATURE,"Have you ever wondered why that 13-digit number on the back of a book costs $125 in the United States but is completely free in Canada and India? This book, The Global ISBN Handbook, is your 2025 guide to the International Standard Book Number. It explains everything about this global ""fingerprint"" for books. The ISBN is the most important cornerstone of the publishing industry. It started as a simple warehouse tool in the 1960s. Now, it is a complex digital identifier used in over 200 countries. This handbook deconstructs the entire system. It uses 15 distinct national case studies to do this. You will learn how the old 10-digit system changed to the new 13-digit one. We break down the five parts of the ISBN, from the ""Bookland"" prefix to the final check digit. The book explores the global governance framework, starting with the International ISBN Agency. Then, it dives deep into how different countries run their systems. You'll see the privatized, high-cost model in the United States. You'll compare it to Canada's free, government-run system. We explore the industry-led models in Brazil and Germany. We look at government-run systems in Mexico and India. We even cover the unique case of China, where the ISBN is not a simple identifier but a state-controlled publication license. The book also examines the systems in the UK , France , Russia , Japan , Australia , South Africa , Nigeria , and Egypt. Many books and websites can tell you how to get an ISBN. This handbook is the only resource that explains why the process is so different everywhere you look. It moves beyond a simple ""how-to"" and provides a true global analysis. It directly compares the privatized, for-profit models in the US and UK against the free, public-good systems in Canada and South Africa. You won't just learn the price; you will understand the cultural policies, market structures, and legal philosophies that shape that price. This book shows how the ISBN is a ""global mirror"". It reveals how a simple number can be a commercial product in one nation , a tool of cultural policy in another , and an instrument of state control in a third. This comparative insight is the missing piece for any author, publisher, or researcher trying to navigate the complex international publishing market. Disclaimer: This handbook is an independently produced resource for commentary and analysis. The author has no affiliation with the International ISBN Agency, R.R. Bowker, Library and Archives Canada, the National Press and Publication Administration, or any other national ISBN agency. This work is independently produced under the principle of nominative fair use.",US,,
76,76,112974860,How to Know a Person: The Art of Seeing Others Deeply and Being Deeply Seen,David  Brooks,"Brooks, David",,059323006X,9780593230084,4,4.04,Random House,Kindle Edition,306,2023,2025-03-14,2025-01-28,,,read,,,,1,0,2023-10-24,NOT_MATURE,"NEW YORK TIMES BESTSELLER • A practical, heartfelt guide to the art of truly knowing another person and fostering deeper connections at home, at work, and throughout our lives—from the author of The Road to Character and The Second Mountain “More than a guide to better conversations, it’s a blueprint for a more connected and humane way of living. It’s a must-read for anyone looking to deepen their relationships and broaden their perspectives.”—Bill Gates, GatesNotes (Summer Reading Pick) As David Brooks observes, “There is one skill that lies at the heart of any healthy person, family, school, community organization, or society: the ability to see someone else deeply and make them feel seen—to accurately know another person, to let them feel valued, heard, and understood.” And yet all around are people who feel invisible, unseen, misunderstood. In How to Know a Person, Brooks sets out to help us do better, posing essential questions: If you want to know a person, what kind of attention should you cast on them? What kind of conversations should you have? What parts of a person’s story should you pay attention to? Driven by his trademark sense of curiosity and determination to grow as a person, Brooks draws from the fields of psychology and neuroscience and the worlds of theater, philosophy, history, and education to present a welcoming, hopeful, integrated approach to human connection. How to Know a Person helps readers become more understanding and considerate toward others, and to find the joy that comes from being seen. Along the way it offers a possible remedy for a society that is riven by fragmentation, hostility, and misperception. The act of seeing another person, Brooks argues, is profoundly creative: How can we look somebody in the eye and see something large in them and, in turn, see something larger in ourselves? How to Know a Person is for anyone searching for connection, and yearning to be understood.",US,11.99,USD
77,77,18952381,"The Wall of Storms (The Dandelion Dynasty, #2)",Ken Liu,"Liu, Ken",,1784973254,9781784973254,5,4.35,Head of Zeus,Hardcover,880,2016,,2024-08-28,,,read,,,,2,0,2016-10-06,NOT_MATURE,"The second book in The Dandelion Dynasty, the epic fantasy trilogy by Ken Liu. Dara is united under the Emperor Ragin, once known as Kuni Garu, the bandit king. There has been peace for six years, but the Dandelion Throne rests on bloody foundations – Kuni’s betrayal of his friend, Mata Zyndu, the Hegemon. The Hegemon's rule was brutal and unbending – but he died well, creating a legend that haunts the new emperor, no matter what good he strives to do. Where war once forged unbreakable bonds between Kuni's inner circle, peace now gnaws at their loyalties. Where ancient wisdoms once held sway, a brilliant scholar promises a philosophical revolution. And from the far north, over the horizon, comes a terrible new threat ... The scent of blood is in the water.",US,,
78,78,57684325,Lessons in Chemistry,Bonnie Garmus,"Garmus, Bonnie",,0,0,5,4.28,Doubleday,ebook,386,2022,2024-08-28,2023-12-04,,,read,,,,1,0,2025-10-30,NOT_MATURE,"Have you ever wondered why that 13-digit number on the back of a book costs $125 in the United States but is completely free in Canada and India? This book, The Global ISBN Handbook, is your 2025 guide to the International Standard Book Number. It explains everything about this global ""fingerprint"" for books. The ISBN is the most important cornerstone of the publishing industry. It started as a simple warehouse tool in the 1960s. Now, it is a complex digital identifier used in over 200 countries. This handbook deconstructs the entire system. It uses 15 distinct national case studies to do this. You will learn how the old 10-digit system changed to the new 13-digit one. We break down the five parts of the ISBN, from the ""Bookland"" prefix to the final check digit. The book explores the global governance framework, starting with the International ISBN Agency. Then, it dives deep into how different countries run their systems. You'll see the privatized, high-cost model in the United States. You'll compare it to Canada's free, government-run system. We explore the industry-led models in Brazil and Germany. We look at government-run systems in Mexico and India. We even cover the unique case of China, where the ISBN is not a simple identifier but a state-controlled publication license. The book also examines the systems in the UK , France , Russia , Japan , Australia , South Africa , Nigeria , and Egypt. Many books and websites can tell you how to get an ISBN. This handbook is the only resource that explains why the process is so different everywhere you look. It moves beyond a simple ""how-to"" and provides a true global analysis. It directly compares the privatized, for-profit models in the US and UK against the free, public-good systems in Canada and South Africa. You won't just learn the price; you will understand the cultural policies, market structures, and legal philosophies that shape that price. This book shows how the ISBN is a ""global mirror"". It reveals how a simple number can be a commercial product in one nation , a tool of cultural policy in another , and an instrument of state control in a third. This comparative insight is the missing piece for any author, publisher, or researcher trying to navigate the complex international publishing market. Disclaimer: This handbook is an independently produced resource for commentary and analysis. The author has no affiliation with the International ISBN Agency, R.R. Bowker, Library and Archives Canada, the National Press and Publication Administration, or any other national ISBN agency. This work is independently produced under the principle of nominative fair use.",US,,
79,79,51942513,Think Like a Monk: Train Your Mind for Peace and Purpose Every Day,Jay Shetty,"Shetty, Jay",,1982134488,9781982134488,0,4.18,Simon & Schuster,Hardcover,328,2020,,2025-03-01,to-read,to-read (#34),to-read,,,,0,0,2020-09-08,NOT_MATURE,"Jay Shetty, social media superstar and host of the #1 podcast On Purpose, distills the timeless wisdom he learned as a monk into practical steps anyone can take every day to live a less anxious, more meaningful life. When you think like a monk, you’ll understand: -How to overcome negativity -How to stop overthinking -Why comparison kills love -How to use your fear -Why you can’t find happiness by looking for it -How to learn from everyone you meet -Why you are not your thoughts -How to find your purpose -Why kindness is crucial to success -And much more... Shetty grew up in a family where you could become one of three things—a doctor, a lawyer, or a failure. His family was convinced he had chosen option three: instead of attending his college graduation ceremony, he headed to India to become a monk, to meditate every day for four to eight hours, and devote his life to helping others. After three years, one of his teachers told him that he would have more impact on the world if he left the monk’s path to share his experience and wisdom with others. Heavily in debt, and with no recognizable skills on his résumé, he moved back home in north London with his parents. Shetty reconnected with old school friends—many working for some of the world’s largest corporations—who were experiencing tremendous stress, pressure, and unhappiness, and they invited Shetty to coach them on well-being, purpose, and mindfulness. Since then, Shetty has become one of the world’s most popular influencers. In 2017, he was named in the Forbes magazine 30-under-30 for being a game-changer in the world of media. In 2018, he had the #1 video on Facebook with over 360 million views. His social media following totals over 38 million, he has produced over 400 viral videos which have amassed more than 8 billion views, and his podcast, On Purpose, is consistently ranked the world’s #1 Health and Wellness podcast. In this inspiring, empowering book, Shetty draws on his time as a monk to show us how we can clear the roadblocks to our potential and power. Combining ancient wisdom and his own rich experiences in the ashram, Think Like a Monk reveals how to overcome negative thoughts and habits, and access the calm and purpose that lie within all of us. He transforms abstract lessons into advice and exercises we can all apply to reduce stress, improve relationships, and give the gifts we find in ourselves to the world. Shetty proves that everyone can—and should—think like a monk.",US,,
80,80,124950497,Ikigai: The Japanese Secret to a Long and Happy Life,Héctor  García,"García, Héctor",Francesc Miralles,0,0,0,3.7,,Unknown Binding,208,2016,,2025-02-16,to-read,to-read (#33),to-read,,,,0,0,2025-10-30,NOT_MATURE,"Have you ever wondered why that 13-digit number on the back of a book costs $125 in the United States but is completely free in Canada and India? This book, The Global ISBN Handbook, is your 2025 guide to the International Standard Book Number. It explains everything about this global ""fingerprint"" for books. The ISBN is the most important cornerstone of the publishing industry. It started as a simple warehouse tool in the 1960s. Now, it is a complex digital identifier used in over 200 countries. This handbook deconstructs the entire system. It uses 15 distinct national case studies to do this. You will learn how the old 10-digit system changed to the new 13-digit one. We break down the five parts of the ISBN, from the ""Bookland"" prefix to the final check digit. The book explores the global governance framework, starting with the International ISBN Agency. Then, it dives deep into how different countries run their systems. You'll see the privatized, high-cost model in the United States. You'll compare it to Canada's free, government-run system. We explore the industry-led models in Brazil and Germany. We look at government-run systems in Mexico and India. We even cover the unique case of China, where the ISBN is not a simple identifier but a state-controlled publication license. The book also examines the systems in the UK , France , Russia , Japan , Australia , South Africa , Nigeria , and Egypt. Many books and websites can tell you how to get an ISBN. This handbook is the only resource that explains why the process is so different everywhere you look. It moves beyond a simple ""how-to"" and provides a true global analysis. It directly compares the privatized, for-profit models in the US and UK against the free, public-good systems in Canada and South Africa. You won't just learn the price; you will understand the cultural policies, market structures, and legal philosophies that shape that price. This book shows how the ISBN is a ""global mirror"". It reveals how a simple number can be a commercial product in one nation , a tool of cultural policy in another , and an instrument of state control in a third. This comparative insight is the missing piece for any author, publisher, or researcher trying to navigate the complex international publishing market. Disclaimer: This handbook is an independently produced resource for commentary and analysis. The author has no affiliation with the International ISBN Agency, R.R. Bowker, Library and Archives Canada, the National Press and Publication Administration, or any other national ISBN agency. This work is independently produced under the principle of nominative fair use.",US,,
81,81,1303,The 48 Laws of Power,Robert Greene,"Greene, Robert",,0140280197,9780140280197,0,4.09,Penguin Books,Paperback,452,1999,,2025-02-16,to-read,to-read (#32),to-read,,,,0,0,2000-09-01,NOT_MATURE,"Amoral, cunning, ruthless, and instructive, this multi-million-copy New York Times bestseller is the definitive manual for anyone interested in gaining, observing, or defending against ultimate control – from the author of The Laws of Human Nature. This is the only authorized paperback edition in the US. In the book that People magazine proclaimed “beguiling” and “fascinating,” Robert Greene and Joost Elffers have distilled three thousand years of the history of power into 48 essential laws by drawing from the philosophies of Machiavelli, Sun Tzu, and Carl Von Clausewitz and also from the lives of figures ranging from Henry Kissinger to P.T. Barnum. Some laws teach the need for prudence (“Law 1: Never Outshine the Master”), others teach the value of confidence (“Law 28: Enter Action with Boldness”), and many recommend absolute self-preservation (“Law 15: Crush Your Enemy Totally”). Every law, though, has one thing in common: an interest in total domination. In a bold and arresting two-color package, The 48 Laws of Power is ideal whether your aim is conquest, self-defense, or simply to understand the rules of the game.",US,,
82,82,83337,Silman's Complete Endgame Course: From Beginner to Master,Jeremy Silman,"Silman, Jeremy",,1890085103,9781890085100,5,4.39,Siles Press,Paperback,530,2006,2025-02-04,2024-09-21,,,read,,,,1,0,2006-02-01,NOT_MATURE,"A famed writer, speaker, player and international master has created the one and only endgame book chess enthusiasts need as they move up the ladder from beginner to tournament player to possession of the coveted master title.",US,,
83,83,9547888,Attached: The New Science of Adult Attachment and How It Can Help You Find—and Keep—Love,Amir Levine,"Levine, Amir",Rachel Heller,1585428485,9781585428489,0,4.13,Tarcher,Hardcover,304,2010,,2025-02-03,to-read,to-read (#31),to-read,,,,0,0,2010-01-01,NOT_MATURE,"Introduces the theory of adult attachment as an advanced relationship science that can enable individuals to find and sustain love, offering insight into the roles of genetics and early family life in how people approach relationships.",US,,
84,84,12343111,The Art of Attack in Chess,Vladimir  Vuković,"Vuković, Vladimir",V. Vukovic,1857440536,9781857440539,0,4.27,Cadogan Books,Paperback,400,1963,,2024-09-29,to-read,to-read (#30),to-read,,,,0,0,1993-01-01,NOT_MATURE,,US,,
85,85,44421460,"Before the Coffee Gets Cold (Before the Coffee Gets Cold, #1)",Toshikazu Kawaguchi,"Kawaguchi, Toshikazu",Geoffrey Trousselot,1529029589,9781529029581,5,3.66,Picador,Paperback,213,2015,2024-09-15,2024-08-30,,,read,,,,1,0,2019-01-01,NOT_MATURE,"In a small back alley in Tokyo, there is a café which has been serving carefully brewed coffee for more than one hundred years. But this coffee shop offers its customers a unique experience: the chance to travel back in time. But the journey into the past does not come without risks: customers must sit in a particular seat, they cannot leave the café, and finally, they must return to the present before the coffee gets cold . . .",US,,
86,86,22875323,How to Reassess Your Chess: Chess Mastery Through Imbalances,Jeremy Silman,"Silman, Jeremy",,1890085537,9781890085537,0,4.35,Siles Press,Kindle Edition,1263,0,2024-09-10,2024-02-02,,,read,,,,1,0,,,,,,
87,87,23168277,"The Sympathizer (The Sympathizer, #1)",Viet Thanh Nguyen,"Nguyen, Viet Thanh",,0802123457,9780802123459,0,4.01,Grove Press,Hardcover,384,2015,,2024-09-07,to-read,to-read (#29),to-read,,,,0,0,2015-01-01,NOT_MATURE,Follows a Viet Cong agent as he spies on a South Vietnamese army general and his compatriots as they start a new life in 1975 Los Angeles.,US,,
88,88,6334,Never Let Me Go,Kazuo Ishiguro,"Ishiguro, Kazuo",,1400078776,9781400078776,0,3.85,Vintage Books,Paperback,288,2005,,2024-09-07,to-read,to-read (#28),to-read,,,,0,0,2006-03-14,NOT_MATURE,"NOBEL PRIZE WINNER • From the acclaimed, bestselling author of The Remains of the Day comes “a Gothic tour de force"" (The New York Times) with an extraordinary twist—a moving, suspenseful, beautifully atmospheric modern classic. One of The New York Times’s 10 Best Books of the 21st Century • A Kirkus Reviews Best Fiction Book of the Century • A Los Angeles Times Best Fiction Book of the Last 30 Years As children, Kathy, Ruth, and Tommy were students at Hailsham, an exclusive boarding school secluded in the English countryside. It was a place of mercurial cliques and mysterious rules where teachers were constantly reminding their charges of how special they were. Now, years later, Kathy is a young woman. Ruth and Tommy have reentered her life. And for the first time she is beginning to look back at their shared past and understand just what it is that makes them special—and how that gift will shape the rest of their time together.",US,,
89,89,10846336,Salvage the Bones,Jesmyn Ward,"Ward, Jesmyn",,1608195228,9781608195220,0,3.96,Bloomsbury,Hardcover,261,2011,,2024-09-07,to-read,to-read (#27),to-read,,,,0,0,2011-09-06,NOT_MATURE,"Enduring a hardscrabble existence as the children of alcoholic and absent parents, four siblings from a coastal Mississippi town prepare their meager stores for the arrival of Hurricane Katrina while struggling with such challenges as a teen pregnancy and a dying litter of prize pups. 25,000 first printing.",US,,
90,90,30558257,"Unsouled (Cradle, #1)",Will Wight,"Wight, Will",,0,0,0,4.14,Hidden Gnome Publishing,Kindle Edition,294,2016,,2024-08-13,to-read,to-read (#26),to-read,,,,0,0,2025-10-30,NOT_MATURE,"Have you ever wondered why that 13-digit number on the back of a book costs $125 in the United States but is completely free in Canada and India? This book, The Global ISBN Handbook, is your 2025 guide to the International Standard Book Number. It explains everything about this global ""fingerprint"" for books. The ISBN is the most important cornerstone of the publishing industry. It started as a simple warehouse tool in the 1960s. Now, it is a complex digital identifier used in over 200 countries. This handbook deconstructs the entire system. It uses 15 distinct national case studies to do this. You will learn how the old 10-digit system changed to the new 13-digit one. We break down the five parts of the ISBN, from the ""Bookland"" prefix to the final check digit. The book explores the global governance framework, starting with the International ISBN Agency. Then, it dives deep into how different countries run their systems. You'll see the privatized, high-cost model in the United States. You'll compare it to Canada's free, government-run system. We explore the industry-led models in Brazil and Germany. We look at government-run systems in Mexico and India. We even cover the unique case of China, where the ISBN is not a simple identifier but a state-controlled publication license. The book also examines the systems in the UK , France , Russia , Japan , Australia , South Africa , Nigeria , and Egypt. Many books and websites can tell you how to get an ISBN. This handbook is the only resource that explains why the process is so different everywhere you look. It moves beyond a simple ""how-to"" and provides a true global analysis. It directly compares the privatized, for-profit models in the US and UK against the free, public-good systems in Canada and South Africa. You won't just learn the price; you will understand the cultural policies, market structures, and legal philosophies that shape that price. This book shows how the ISBN is a ""global mirror"". It reveals how a simple number can be a commercial product in one nation , a tool of cultural policy in another , and an instrument of state control in a third. This comparative insight is the missing piece for any author, publisher, or researcher trying to navigate the complex international publishing market. Disclaimer: This handbook is an independently produced resource for commentary and analysis. The author has no affiliation with the International ISBN Agency, R.R. Bowker, Library and Archives Canada, the National Press and Publication Administration, or any other national ISBN agency. This work is independently produced under the principle of nominative fair use.",US,,
91,91,63219094,"Fourth Wing (The Empyrean, #1)",Rebecca Yarros,"Yarros, Rebecca",,0,0,0,4.57,Entangled: Red Tower Books,Kindle Edition,665,2023,,2023-12-10,to-read,to-read (#25),to-read,,,,1,0,2025-10-30,NOT_MATURE,"Have you ever wondered why that 13-digit number on the back of a book costs $125 in the United States but is completely free in Canada and India? This book, The Global ISBN Handbook, is your 2025 guide to the International Standard Book Number. It explains everything about this global ""fingerprint"" for books. The ISBN is the most important cornerstone of the publishing industry. It started as a simple warehouse tool in the 1960s. Now, it is a complex digital identifier used in over 200 countries. This handbook deconstructs the entire system. It uses 15 distinct national case studies to do this. You will learn how the old 10-digit system changed to the new 13-digit one. We break down the five parts of the ISBN, from the ""Bookland"" prefix to the final check digit. The book explores the global governance framework, starting with the International ISBN Agency. Then, it dives deep into how different countries run their systems. You'll see the privatized, high-cost model in the United States. You'll compare it to Canada's free, government-run system. We explore the industry-led models in Brazil and Germany. We look at government-run systems in Mexico and India. We even cover the unique case of China, where the ISBN is not a simple identifier but a state-controlled publication license. The book also examines the systems in the UK , France , Russia , Japan , Australia , South Africa , Nigeria , and Egypt. Many books and websites can tell you how to get an ISBN. This handbook is the only resource that explains why the process is so different everywhere you look. It moves beyond a simple ""how-to"" and provides a true global analysis. It directly compares the privatized, for-profit models in the US and UK against the free, public-good systems in Canada and South Africa. You won't just learn the price; you will understand the cultural policies, market structures, and legal philosophies that shape that price. This book shows how the ISBN is a ""global mirror"". It reveals how a simple number can be a commercial product in one nation , a tool of cultural policy in another , and an instrument of state control in a third. This comparative insight is the missing piece for any author, publisher, or researcher trying to navigate the complex international publishing market. Disclaimer: This handbook is an independently produced resource for commentary and analysis. The author has no affiliation with the International ISBN Agency, R.R. Bowker, Library and Archives Canada, the National Press and Publication Administration, or any other national ISBN agency. This work is independently produced under the principle of nominative fair use.",US,,
92,92,54774986,Sharp Objects,Gillian Flynn,"Flynn, Gillian",,0,0,4,4.01,Broadway Books,Kindle Edition,272,2006,2024-06-24,2024-05-30,,,read,,,,1,0,2025-10-30,NOT_MATURE,"Have you ever wondered why that 13-digit number on the back of a book costs $125 in the United States but is completely free in Canada and India? This book, The Global ISBN Handbook, is your 2025 guide to the International Standard Book Number. It explains everything about this global ""fingerprint"" for books. The ISBN is the most important cornerstone of the publishing industry. It started as a simple warehouse tool in the 1960s. Now, it is a complex digital identifier used in over 200 countries. This handbook deconstructs the entire system. It uses 15 distinct national case studies to do this. You will learn how the old 10-digit system changed to the new 13-digit one. We break down the five parts of the ISBN, from the ""Bookland"" prefix to the final check digit. The book explores the global governance framework, starting with the International ISBN Agency. Then, it dives deep into how different countries run their systems. You'll see the privatized, high-cost model in the United States. You'll compare it to Canada's free, government-run system. We explore the industry-led models in Brazil and Germany. We look at government-run systems in Mexico and India. We even cover the unique case of China, where the ISBN is not a simple identifier but a state-controlled publication license. The book also examines the systems in the UK , France , Russia , Japan , Australia , South Africa , Nigeria , and Egypt. Many books and websites can tell you how to get an ISBN. This handbook is the only resource that explains why the process is so different everywhere you look. It moves beyond a simple ""how-to"" and provides a true global analysis. It directly compares the privatized, for-profit models in the US and UK against the free, public-good systems in Canada and South Africa. You won't just learn the price; you will understand the cultural policies, market structures, and legal philosophies that shape that price. This book shows how the ISBN is a ""global mirror"". It reveals how a simple number can be a commercial product in one nation , a tool of cultural policy in another , and an instrument of state control in a third. This comparative insight is the missing piece for any author, publisher, or researcher trying to navigate the complex international publishing market. Disclaimer: This handbook is an independently produced resource for commentary and analysis. The author has no affiliation with the International ISBN Agency, R.R. Bowker, Library and Archives Canada, the National Press and Publication Administration, or any other national ISBN agency. This work is independently produced under the principle of nominative fair use.",US,,
93,93,23515727,No Country for Old Men,Cormac McCarthy,"McCarthy, Cormac",,0375706674,9780375706677,0,4.17,Vintage International,Paperback,309,2005,,2024-05-10,to-read,to-read (#24),to-read,,,,0,0,2006-07-11,NOT_MATURE,"From the bestselling, Pulitzer Prize–winning author of The Road comes a ""profoundly disturbing and gorgeously rendered"" novel (The Washington Post) that returns to the Texas-Mexico border, setting of the famed Border Trilogy. The time is our own, when rustlers have given way to drug-runners and small towns have become free-fire zones. One day, a good old boy named Llewellyn Moss finds a pickup truck surrounded by a bodyguard of dead men. A load of heroin and two million dollars in cash are still in the back. When Moss takes the money, he sets off a chain reaction of catastrophic violence that not even the law—in the person of aging, disillusioned Sheriff Bell—can contain. As Moss tries to evade his pursuers—in particular a mysterious mastermind who flips coins for human lives—McCarthy simultaneously strips down the American crime novel and broadens its concerns to encompass themes as ancient as the Bible and as bloodily contemporary as this morning’s headlines. No Country for Old Men is a triumph. Look for Cormac McCarthy's new novel, The Passenger, coming October '22.",US,,
94,94,42933,"Tai-Pan (Asian Saga, #2)",James Clavell,"Clavell, James",,0,0,0,4.31,Dell,Mass Market Paperback,732,1966,,2024-03-30,to-read,to-read (#23),to-read,,,,0,0,2025-10-30,NOT_MATURE,"Have you ever wondered why that 13-digit number on the back of a book costs $125 in the United States but is completely free in Canada and India? This book, The Global ISBN Handbook, is your 2025 guide to the International Standard Book Number. It explains everything about this global ""fingerprint"" for books. The ISBN is the most important cornerstone of the publishing industry. It started as a simple warehouse tool in the 1960s. Now, it is a complex digital identifier used in over 200 countries. This handbook deconstructs the entire system. It uses 15 distinct national case studies to do this. You will learn how the old 10-digit system changed to the new 13-digit one. We break down the five parts of the ISBN, from the ""Bookland"" prefix to the final check digit. The book explores the global governance framework, starting with the International ISBN Agency. Then, it dives deep into how different countries run their systems. You'll see the privatized, high-cost model in the United States. You'll compare it to Canada's free, government-run system. We explore the industry-led models in Brazil and Germany. We look at government-run systems in Mexico and India. We even cover the unique case of China, where the ISBN is not a simple identifier but a state-controlled publication license. The book also examines the systems in the UK , France , Russia , Japan , Australia , South Africa , Nigeria , and Egypt. Many books and websites can tell you how to get an ISBN. This handbook is the only resource that explains why the process is so different everywhere you look. It moves beyond a simple ""how-to"" and provides a true global analysis. It directly compares the privatized, for-profit models in the US and UK against the free, public-good systems in Canada and South Africa. You won't just learn the price; you will understand the cultural policies, market structures, and legal philosophies that shape that price. This book shows how the ISBN is a ""global mirror"". It reveals how a simple number can be a commercial product in one nation , a tool of cultural policy in another , and an instrument of state control in a third. This comparative insight is the missing piece for any author, publisher, or researcher trying to navigate the complex international publishing market. Disclaimer: This handbook is an independently produced resource for commentary and analysis. The author has no affiliation with the International ISBN Agency, R.R. Bowker, Library and Archives Canada, the National Press and Publication Administration, or any other national ISBN agency. This work is independently produced under the principle of nominative fair use.",US,,
95,95,36315,The Best of H.P. Lovecraft: Bloodcurdling Tales of Horror and the Macabre,H.P. Lovecraft,"Lovecraft, H.P.","August Derleth, Robert Bloch",0,0,0,4.3,Ballantine Books,Paperback,406,1963,,2024-03-30,to-read,to-read (#22),to-read,,,,0,0,2025-10-30,NOT_MATURE,"Have you ever wondered why that 13-digit number on the back of a book costs $125 in the United States but is completely free in Canada and India? This book, The Global ISBN Handbook, is your 2025 guide to the International Standard Book Number. It explains everything about this global ""fingerprint"" for books. The ISBN is the most important cornerstone of the publishing industry. It started as a simple warehouse tool in the 1960s. Now, it is a complex digital identifier used in over 200 countries. This handbook deconstructs the entire system. It uses 15 distinct national case studies to do this. You will learn how the old 10-digit system changed to the new 13-digit one. We break down the five parts of the ISBN, from the ""Bookland"" prefix to the final check digit. The book explores the global governance framework, starting with the International ISBN Agency. Then, it dives deep into how different countries run their systems. You'll see the privatized, high-cost model in the United States. You'll compare it to Canada's free, government-run system. We explore the industry-led models in Brazil and Germany. We look at government-run systems in Mexico and India. We even cover the unique case of China, where the ISBN is not a simple identifier but a state-controlled publication license. The book also examines the systems in the UK , France , Russia , Japan , Australia , South Africa , Nigeria , and Egypt. Many books and websites can tell you how to get an ISBN. This handbook is the only resource that explains why the process is so different everywhere you look. It moves beyond a simple ""how-to"" and provides a true global analysis. It directly compares the privatized, for-profit models in the US and UK against the free, public-good systems in Canada and South Africa. You won't just learn the price; you will understand the cultural policies, market structures, and legal philosophies that shape that price. This book shows how the ISBN is a ""global mirror"". It reveals how a simple number can be a commercial product in one nation , a tool of cultural policy in another , and an instrument of state control in a third. This comparative insight is the missing piece for any author, publisher, or researcher trying to navigate the complex international publishing market. Disclaimer: This handbook is an independently produced resource for commentary and analysis. The author has no affiliation with the International ISBN Agency, R.R. Bowker, Library and Archives Canada, the National Press and Publication Administration, or any other national ISBN agency. This work is independently produced under the principle of nominative fair use.",US,,
96,96,77203,The Kite Runner,Khaled Hosseini,"Hosseini, Khaled",,159463193X,9781594631931,0,4.36,Riverhead Books,Paperback,371,2003,,2024-03-30,to-read,to-read (#21),to-read,,,,0,0,2013-03-05,NOT_MATURE,"Soon to be a major Broadway stage production. Coming July 2022! The #1 New York Times bestselling novel beloved by millions of readers the world over. “A vivid and engaging story that reminds us how long his people [of Afghanistan] have been struggling to triumph over the forces of violence—forces that continue to threaten them even today."" –New York Times Book Review The unforgettable, heartbreaking story of the unlikely friendship between a wealthy boy and the son of his father’s servant, caught in the tragic sweep of history, The Kite Runner transports readers to Afghanistan at a tense and crucial moment of change and destruction. A powerful story of friendship, it is also about the power of reading, the price of betrayal, and the possibility of redemption; and an exploration of the power of fathers over sons—their love, their sacrifices, their lies. Since its publication in 2003 Kite Runner has become a beloved, one-of-a-kind classic of contemporary literature, touching millions of readers, and launching the career of one of America's most treasured writers.",US,,
97,97,18774964,A Man Called Ove,Fredrik Backman,"Backman, Fredrik",Henning Koch,1476738017,9781476738017,0,4.38,Atria Books,Hardcover,337,2012,,2024-03-19,to-read,to-read (#20),to-read,,,,0,0,2014-07-15,NOT_MATURE,"""A grumpy yet loveable man finds his solitary world turned on its head when a boisterous young family moves in next door""--Amazon.com.",US,,
98,98,36642458,"Skyward (Skyward, #1)",Brandon Sanderson,"Sanderson, Brandon",,1473217857,9781473217850,0,4.46,Gollancz,Hardcover,513,2018,,2024-02-11,to-read,to-read (#19),to-read,,,,0,0,2018-11-06,NOT_MATURE,"Spensa's world has been under attack for hundreds of years. An alien race called the Krell leads onslaught after onslaught from the sky in a never-ending campaign to destroy humankind. Humanity's only defense is to take to their ships and fight the enemy in the skies. Pilots have become the heroes of what's left of the human race. Spensa has always dreamed of being one of them; of soaring above Earth and proving her bravery. But her fate is intertwined with her father's - a pilot who was killed years ago when he abruptly deserted his team, placing Spensa's chances of attending flight school somewhere between slim and none.No one will let Spensa forget what her father did, but she is still determined to fly. And the Krell just made that a possibility. They've doubled their fleet, making Spensa's world twice as dangerous . . . but their desperation to survive might just take her skyward . . .Praise for Brandon Sanderson's #1 New York Times Bestselling Reckoners series:'Another win for Sanderson . . . he's simply a brilliant writer' Patrick Rothfuss'Action-packed' EW.com'Compelling . . . Sanderson uses plot twists that he teases enough for readers to pick up on to distract from the more dramatic reveals he has in store' AV Club",US,,
99,99,18952341,"The Grace of Kings (The Dandelion Dynasty, #1)",Ken Liu,"Liu, Ken",,1481424270,9781481424271,5,3.8,Saga Press,Hardcover,640,2015,2024-02-07,2023-12-03,,,read,,,,1,0,2015-04-07,NOT_MATURE,"""Wily, charming Kuni Garu--a bandit--and stern, fearless Mata Zyndu--the son of a deposed duke--seem like polar opposites. Yet, in the uprising against the emperor, the two quickly become the best of friends after a series of adventures fighting against vast conscripted armies, silk-draped airships, soaring battle kites, underwater boats, magical books, shapeshifting gods, and scaled whales who seem to prophesy the future. Once the emperor has been overthrown, however, the two find themselves the leaders of two sides with very different ideas about how the world should be run and the meaning of justice""--",US,,
100,100,12505,The Idiot,Fyodor Dostoevsky,"Dostoevsky, Fyodor","Joseph Frank, Anna Brailovsky, Constance Garnett",0679642420,9780679642428,0,4.21,Modern Library,Paperback,667,1869,,2024-01-05,to-read,to-read (#18),to-read,,,,0,0,2003-04-08,NOT_MATURE,"Returning to Russia from a sanitarium in Switzerland, the Christ-like epileptic Prince Myshkin finds himself enmeshed in a tangle of love, torn between two women—the notorious kept woman Nastasya and the pure Aglaia—both involved, in turn, with the corrupt, money-hungry Ganya. In the end, Myshkin’s honesty, goodness, and integrity are shown to be unequal to the moral emptiness of those around him. In her revision of the Garnett translation, Anna Brailovsky has corrected inaccuracies wrought by Garnett’s drastic anglicization of the novel, restoring as much as possible the syntactical structure of the original.",US,,
101,101,50898126,Flowers on the Moon,Billy Chapata,"Chapata, Billy",,1524860417,9781524860417,0,4.11,Andrews McMeel Publishing,Paperback,304,2020,,2024-01-01,to-read,to-read (#17),to-read,,,,0,0,2020-01-01,NOT_MATURE,"""Social media sensation Billy Chapata shares insight and advice into the powerful world of love, heartbreak, and what comes next. This collection of poetry and prose will justify heartache and inspire the fortitude to survive and prosper. His second major poetry collection, Chapata presents his signature blend of experience and advice through a chaptered series of prose and poetry. Filled with the familiar themes of love, loss, resilience, and growth, Chapata's touching narrative celebrates humanity for its undeniable worth, and this collection will leave readers warm with hope for growth, rebirth, and, most prominently, self-acceptance""--From Publisher's website.",US,,
102,102,17563539,The Egg,Andy Weir,"Weir, Andy",,0,0,0,4.21,Andy Weir / Galactanet,ebook,3,2009,,2023-12-31,to-read,to-read (#16),to-read,,,,0,0,2025-10-30,NOT_MATURE,"Have you ever wondered why that 13-digit number on the back of a book costs $125 in the United States but is completely free in Canada and India? This book, The Global ISBN Handbook, is your 2025 guide to the International Standard Book Number. It explains everything about this global ""fingerprint"" for books. The ISBN is the most important cornerstone of the publishing industry. It started as a simple warehouse tool in the 1960s. Now, it is a complex digital identifier used in over 200 countries. This handbook deconstructs the entire system. It uses 15 distinct national case studies to do this. You will learn how the old 10-digit system changed to the new 13-digit one. We break down the five parts of the ISBN, from the ""Bookland"" prefix to the final check digit. The book explores the global governance framework, starting with the International ISBN Agency. Then, it dives deep into how different countries run their systems. You'll see the privatized, high-cost model in the United States. You'll compare it to Canada's free, government-run system. We explore the industry-led models in Brazil and Germany. We look at government-run systems in Mexico and India. We even cover the unique case of China, where the ISBN is not a simple identifier but a state-controlled publication license. The book also examines the systems in the UK , France , Russia , Japan , Australia , South Africa , Nigeria , and Egypt. Many books and websites can tell you how to get an ISBN. This handbook is the only resource that explains why the process is so different everywhere you look. It moves beyond a simple ""how-to"" and provides a true global analysis. It directly compares the privatized, for-profit models in the US and UK against the free, public-good systems in Canada and South Africa. You won't just learn the price; you will understand the cultural policies, market structures, and legal philosophies that shape that price. This book shows how the ISBN is a ""global mirror"". It reveals how a simple number can be a commercial product in one nation , a tool of cultural policy in another , and an instrument of state control in a third. This comparative insight is the missing piece for any author, publisher, or researcher trying to navigate the complex international publishing market. Disclaimer: This handbook is an independently produced resource for commentary and analysis. The author has no affiliation with the International ISBN Agency, R.R. Bowker, Library and Archives Canada, the National Press and Publication Administration, or any other national ISBN agency. This work is independently produced under the principle of nominative fair use.",US,,
103,103,687278,When Things Fall Apart: Heart Advice for Difficult Times,Pema Chödrön,"Chödrön, Pema",,1570623449,9781570623448,5,4.27,Shambhala,Paperback,148,1996,2023-09-26,2023-12-03,,,read,,,,1,0,2000-01-01,NOT_MATURE,A collection of essays by the American Buddhist nun in which she offers advice on how to find happiness by moving toward painful situations and learning to remain peaceful in the midst of chaos.,US,,
104,104,49552,The Stranger,Albert Camus,"Camus, Albert",Matthew  Ward,0,0,0,4.03,Vintage International,Paperback,123,1942,,2023-12-30,to-read,to-read (#15),to-read,,,,0,0,2025-10-30,NOT_MATURE,"Have you ever wondered why that 13-digit number on the back of a book costs $125 in the United States but is completely free in Canada and India? This book, The Global ISBN Handbook, is your 2025 guide to the International Standard Book Number. It explains everything about this global ""fingerprint"" for books. The ISBN is the most important cornerstone of the publishing industry. It started as a simple warehouse tool in the 1960s. Now, it is a complex digital identifier used in over 200 countries. This handbook deconstructs the entire system. It uses 15 distinct national case studies to do this. You will learn how the old 10-digit system changed to the new 13-digit one. We break down the five parts of the ISBN, from the ""Bookland"" prefix to the final check digit. The book explores the global governance framework, starting with the International ISBN Agency. Then, it dives deep into how different countries run their systems. You'll see the privatized, high-cost model in the United States. You'll compare it to Canada's free, government-run system. We explore the industry-led models in Brazil and Germany. We look at government-run systems in Mexico and India. We even cover the unique case of China, where the ISBN is not a simple identifier but a state-controlled publication license. The book also examines the systems in the UK , France , Russia , Japan , Australia , South Africa , Nigeria , and Egypt. Many books and websites can tell you how to get an ISBN. This handbook is the only resource that explains why the process is so different everywhere you look. It moves beyond a simple ""how-to"" and provides a true global analysis. It directly compares the privatized, for-profit models in the US and UK against the free, public-good systems in Canada and South Africa. You won't just learn the price; you will understand the cultural policies, market structures, and legal philosophies that shape that price. This book shows how the ISBN is a ""global mirror"". It reveals how a simple number can be a commercial product in one nation , a tool of cultural policy in another , and an instrument of state control in a third. This comparative insight is the missing piece for any author, publisher, or researcher trying to navigate the complex international publishing market. Disclaimer: This handbook is an independently produced resource for commentary and analysis. The author has no affiliation with the International ISBN Agency, R.R. Bowker, Library and Archives Canada, the National Press and Publication Administration, or any other national ISBN agency. This work is independently produced under the principle of nominative fair use.",US,,
105,105,22294935,"Six of Crows (Six of Crows, #1)",Leigh Bardugo,"Bardugo, Leigh",,0,0,5,4.46,Henry Holt and Co. (BYR),ebook,479,2015,2023-10-15,2023-12-10,,,read,,,,1,0,2025-10-30,NOT_MATURE,"Have you ever wondered why that 13-digit number on the back of a book costs $125 in the United States but is completely free in Canada and India? This book, The Global ISBN Handbook, is your 2025 guide to the International Standard Book Number. It explains everything about this global ""fingerprint"" for books. The ISBN is the most important cornerstone of the publishing industry. It started as a simple warehouse tool in the 1960s. Now, it is a complex digital identifier used in over 200 countries. This handbook deconstructs the entire system. It uses 15 distinct national case studies to do this. You will learn how the old 10-digit system changed to the new 13-digit one. We break down the five parts of the ISBN, from the ""Bookland"" prefix to the final check digit. The book explores the global governance framework, starting with the International ISBN Agency. Then, it dives deep into how different countries run their systems. You'll see the privatized, high-cost model in the United States. You'll compare it to Canada's free, government-run system. We explore the industry-led models in Brazil and Germany. We look at government-run systems in Mexico and India. We even cover the unique case of China, where the ISBN is not a simple identifier but a state-controlled publication license. The book also examines the systems in the UK , France , Russia , Japan , Australia , South Africa , Nigeria , and Egypt. Many books and websites can tell you how to get an ISBN. This handbook is the only resource that explains why the process is so different everywhere you look. It moves beyond a simple ""how-to"" and provides a true global analysis. It directly compares the privatized, for-profit models in the US and UK against the free, public-good systems in Canada and South Africa. You won't just learn the price; you will understand the cultural policies, market structures, and legal philosophies that shape that price. This book shows how the ISBN is a ""global mirror"". It reveals how a simple number can be a commercial product in one nation , a tool of cultural policy in another , and an instrument of state control in a third. This comparative insight is the missing piece for any author, publisher, or researcher trying to navigate the complex international publishing market. Disclaimer: This handbook is an independently produced resource for commentary and analysis. The author has no affiliation with the International ISBN Agency, R.R. Bowker, Library and Archives Canada, the National Press and Publication Administration, or any other national ISBN agency. This work is independently produced under the principle of nominative fair use.",US,,
106,106,22299763,"Crooked Kingdom (Six of Crows, #2)",Leigh Bardugo,"Bardugo, Leigh",,0,0,0,4.57,Orion Children's Books,Kindle Edition,561,2016,,2023-12-29,to-read,to-read (#14),to-read,,,,0,0,2025-10-30,NOT_MATURE,"Have you ever wondered why that 13-digit number on the back of a book costs $125 in the United States but is completely free in Canada and India? This book, The Global ISBN Handbook, is your 2025 guide to the International Standard Book Number. It explains everything about this global ""fingerprint"" for books. The ISBN is the most important cornerstone of the publishing industry. It started as a simple warehouse tool in the 1960s. Now, it is a complex digital identifier used in over 200 countries. This handbook deconstructs the entire system. It uses 15 distinct national case studies to do this. You will learn how the old 10-digit system changed to the new 13-digit one. We break down the five parts of the ISBN, from the ""Bookland"" prefix to the final check digit. The book explores the global governance framework, starting with the International ISBN Agency. Then, it dives deep into how different countries run their systems. You'll see the privatized, high-cost model in the United States. You'll compare it to Canada's free, government-run system. We explore the industry-led models in Brazil and Germany. We look at government-run systems in Mexico and India. We even cover the unique case of China, where the ISBN is not a simple identifier but a state-controlled publication license. The book also examines the systems in the UK , France , Russia , Japan , Australia , South Africa , Nigeria , and Egypt. Many books and websites can tell you how to get an ISBN. This handbook is the only resource that explains why the process is so different everywhere you look. It moves beyond a simple ""how-to"" and provides a true global analysis. It directly compares the privatized, for-profit models in the US and UK against the free, public-good systems in Canada and South Africa. You won't just learn the price; you will understand the cultural policies, market structures, and legal philosophies that shape that price. This book shows how the ISBN is a ""global mirror"". It reveals how a simple number can be a commercial product in one nation , a tool of cultural policy in another , and an instrument of state control in a third. This comparative insight is the missing piece for any author, publisher, or researcher trying to navigate the complex international publishing market. Disclaimer: This handbook is an independently produced resource for commentary and analysis. The author has no affiliation with the International ISBN Agency, R.R. Bowker, Library and Archives Canada, the National Press and Publication Administration, or any other national ISBN agency. This work is independently produced under the principle of nominative fair use.",US,,
107,107,30753841,"Salt, Fat, Acid, Heat: Mastering the Elements of Good Cooking",Samin Nosrat,"Nosrat, Samin","Wendy MacNaughton, Michael Pollan",1476753830,9781476753836,5,4.39,Simon and Schuster,Hardcover,480,2017,2023-11-03,2023-12-03,,,read,,,,1,0,2017-04-25,NOT_MATURE,"Whether you've never picked up a knife or you're an accomplished chef, there are only four basic factors that determine how good your food will taste. Salt, Fat, Acid, and Heat are the four cardinal directions of cooking, and they will guide you as you choose which ingredients to use and how to cook them, and they will tell you why last minute adjustments will ensure that food tastes exactly as it should. This book will change the way you think about cooking and eating, and help you find your bearings in any kitchen, with any ingredients, while cooking any meal. --",US,,
108,108,65213543,"Bookshops & Bonedust (Legends & Lattes, #0)",Travis Baldree,"Baldree, Travis",,1250886104,9781250886101,0,4.12,Tor Trade,Paperback,336,2023,,2023-12-10,to-read,to-read (#13),to-read,,,,0,0,2023-11-07,MATURE,"""Viv's career with the notorious mercenary company Rackam's Ravens isn't going as planned. Wounded during the hunt for a powerful necromancer, she's packed off against her will to recuperate in the sleepy beach town of Murk--so far from the action that she worries she'll never be able to return to it. What's a thwarted soldier of fortune to do? Spending her hours at a beleaguered bookshop in the company of its foul-mouthed proprietor is the last thing Viv would have predicted, but it may be both exactly what she needs and the seed of changes she couldn't possibly imagine. Still, adventure isn't all that far away. A suspicious traveler in gray, a gnome with a chip on her shoulder, a summer fling, and an improbable number of skeletons prove Murk to be more eventful than Viv could have ever expected. ""Take a break from epic battles and saving the world.""--",US,,
109,109,180357146,The Covenant of Water,Abraham   Verghese,"Verghese, Abraham",,0802162177,9780802162175,0,4.41,Grove Press,Paperback,715,2023,,2023-12-10,to-read,to-read (#12),to-read,,,,0,0,2023-01-01,NOT_MATURE,"OPRAH'S BOOK CLUB PICK - INSTANT NEW YORK TIMES BESTSELLER - SUBJECT OF A SIX-PART SUPER SOUL PODCAST SERIES HOSTED BY OPRAH WINFREY From the New York Times-bestselling author of Cutting for Stone comes a stunning and magisterial epic of love, faith, and medicine, set in Kerala, South India, following three generations of a family seeking the answers to a strange secret ""One of the best books I've read in my entire life. It's epic. It's transportive . . . It was unputdownable!""--Oprah Winfrey, OprahDaily.com The Covenant of Water is the long-awaited new novel by Abraham Verghese, the author of the major word-of-mouth bestseller Cutting for Stone, which has sold over 1.5 million copies in the United States alone and remained on the New York Times bestseller list for over two years. Spanning the years 1900 to 1977, The Covenant of Water is set in Kerala, on South India's Malabar Coast, and follows three generations of a family that suffers a peculiar affliction: in every generation, at least one person dies by drowning--and in Kerala, water is everywhere. At the turn of the century, a twelve-year-old girl from Kerala's long-existing Christian community, grieving the death of her father, is sent by boat to her wedding, where she will meet her forty-year-old husband for the first time. From this unforgettable new beginning, the young girl--and future matriarch, known as Big Ammachi--will witness unthinkable changes over the span of her extraordinary life, full of joy and triumph as well as hardship and loss, her faith and love the only constants. A shimmering evocation of a bygone India and of the passage of time itself, The Covenant of Water is a hymn to progress in medicine and to human understanding, and a humbling testament to the difficulties undergone by past generations for the sake of those alive today. It is one of the most masterful literary novels published in recent years.",US,,
110,110,61771675,Hello Beautiful,Ann Napolitano,"Napolitano, Ann",,0,0,0,4.13,The Dial Press,Kindle Edition,416,2023,,2023-12-10,to-read,to-read (#11),to-read,,,,0,0,2025-10-30,NOT_MATURE,"Have you ever wondered why that 13-digit number on the back of a book costs $125 in the United States but is completely free in Canada and India? This book, The Global ISBN Handbook, is your 2025 guide to the International Standard Book Number. It explains everything about this global ""fingerprint"" for books. The ISBN is the most important cornerstone of the publishing industry. It started as a simple warehouse tool in the 1960s. Now, it is a complex digital identifier used in over 200 countries. This handbook deconstructs the entire system. It uses 15 distinct national case studies to do this. You will learn how the old 10-digit system changed to the new 13-digit one. We break down the five parts of the ISBN, from the ""Bookland"" prefix to the final check digit. The book explores the global governance framework, starting with the International ISBN Agency. Then, it dives deep into how different countries run their systems. You'll see the privatized, high-cost model in the United States. You'll compare it to Canada's free, government-run system. We explore the industry-led models in Brazil and Germany. We look at government-run systems in Mexico and India. We even cover the unique case of China, where the ISBN is not a simple identifier but a state-controlled publication license. The book also examines the systems in the UK , France , Russia , Japan , Australia , South Africa , Nigeria , and Egypt. Many books and websites can tell you how to get an ISBN. This handbook is the only resource that explains why the process is so different everywhere you look. It moves beyond a simple ""how-to"" and provides a true global analysis. It directly compares the privatized, for-profit models in the US and UK against the free, public-good systems in Canada and South Africa. You won't just learn the price; you will understand the cultural policies, market structures, and legal philosophies that shape that price. This book shows how the ISBN is a ""global mirror"". It reveals how a simple number can be a commercial product in one nation , a tool of cultural policy in another , and an instrument of state control in a third. This comparative insight is the missing piece for any author, publisher, or researcher trying to navigate the complex international publishing market. Disclaimer: This handbook is an independently produced resource for commentary and analysis. The author has no affiliation with the International ISBN Agency, R.R. Bowker, Library and Archives Canada, the National Press and Publication Administration, or any other national ISBN agency. This work is independently produced under the principle of nominative fair use.",US,,
111,111,33574273,"A Wrinkle in Time (Time Quintet, #1)",Madeleine L'Engle,"L'Engle, Madeleine",,1250153271,9781250153272,5,3.97,Square Fish,Paperback,218,1962,2023-11-22,2023-12-02,,,read,,,,1,0,2017-11-07,NOT_MATURE,"A movie tie-in edition to the upcoming major motion picture, now including an introduction by director Ava DuVernay. In 1962, Madeleine L’Engle debuted her novel A Wrinkle in Time, which would go on to win the 1963 Newbery Medal. Bridging science and fantasy, darkness and light, fear and friendship, the story became a classic of children’s literature and is beloved around the world. Now Disney is taking it to the silver screen! With an all-star cast that includes Oprah Winfrey, Reese Witherspoon, Mindy Kaling, Chris Pine, and newcomer Storm Reid, the major motion picture bring the world of Wrinkle to life for a new generation of fans. This movie tie-in edition of the timeless novel features the complete, unabridged original text; an introduction by the film’s director, Ava DuVernay (Selma); and eight pages of photos from the movie. This title has Common Core connections. Praise for A Wrinkle in Time: ""One of America’s most beloved stories."" —Andrew Liptak in Kirkus “A coming of age fantasy story that sympathizes with typical teen girl awkwardness and insecurity, highlighting courage, resourcefulness and the importance of family ties as key to overcoming them.” —Carol Platt Liebau, author, in the New York Post “An exhilarating experience.” —Kirkus Reviews “This imaginative book will be read for a long time into the future.” —Children's Literature “A Wrinkle in Time is one of my favorite books of all time. I've read it so often, I know it by heart. Meg Murry was my hero growing up. I wanted glasses and braces and my parents to stick me in an attic bedroom. And I so wanted to save Charles Wallace from IT.” —Meg Cabot “A book that every young person should read, a book that provides a road map for seeking knowledge and compassion even at the worst of times, a book to make the world a better place.” —Cory Doctorow “[L'Engle's] work is one of the things that made me a writer, a science fiction and fantasy fan, an avid reader. Hers were the first books I read that mixed math and magic, the quest and the quantum.” —Scott Westerfeld “A Wrinkle in Time taught me that you can tackle even the deepest and most slippery concepts of physics and philosophy in fiction for young readers. It's a great lesson for all writers, and a tough tesseract to follow.” —David Lubar",US,,
112,112,60194162,Demon Copperhead,Barbara Kingsolver,"Kingsolver, Barbara",,0,0,0,4.47,Harper,Hardcover,560,2022,,2023-12-04,to-read,to-read (#10),to-read,,,,0,0,2025-10-30,NOT_MATURE,"Have you ever wondered why that 13-digit number on the back of a book costs $125 in the United States but is completely free in Canada and India? This book, The Global ISBN Handbook, is your 2025 guide to the International Standard Book Number. It explains everything about this global ""fingerprint"" for books. The ISBN is the most important cornerstone of the publishing industry. It started as a simple warehouse tool in the 1960s. Now, it is a complex digital identifier used in over 200 countries. This handbook deconstructs the entire system. It uses 15 distinct national case studies to do this. You will learn how the old 10-digit system changed to the new 13-digit one. We break down the five parts of the ISBN, from the ""Bookland"" prefix to the final check digit. The book explores the global governance framework, starting with the International ISBN Agency. Then, it dives deep into how different countries run their systems. You'll see the privatized, high-cost model in the United States. You'll compare it to Canada's free, government-run system. We explore the industry-led models in Brazil and Germany. We look at government-run systems in Mexico and India. We even cover the unique case of China, where the ISBN is not a simple identifier but a state-controlled publication license. The book also examines the systems in the UK , France , Russia , Japan , Australia , South Africa , Nigeria , and Egypt. Many books and websites can tell you how to get an ISBN. This handbook is the only resource that explains why the process is so different everywhere you look. It moves beyond a simple ""how-to"" and provides a true global analysis. It directly compares the privatized, for-profit models in the US and UK against the free, public-good systems in Canada and South Africa. You won't just learn the price; you will understand the cultural policies, market structures, and legal philosophies that shape that price. This book shows how the ISBN is a ""global mirror"". It reveals how a simple number can be a commercial product in one nation , a tool of cultural policy in another , and an instrument of state control in a third. This comparative insight is the missing piece for any author, publisher, or researcher trying to navigate the complex international publishing market. Disclaimer: This handbook is an independently produced resource for commentary and analysis. The author has no affiliation with the International ISBN Agency, R.R. Bowker, Library and Archives Canada, the National Press and Publication Administration, or any other national ISBN agency. This work is independently produced under the principle of nominative fair use.",US,,
113,113,54814676,Crying in H Mart,Michelle Zauner,"Zauner, Michelle",,0525657746,9780525657743,0,4.23,Knopf,Hardcover,256,2021,,2023-12-04,to-read,to-read (#9),to-read,,,,0,0,2021-04-20,NOT_MATURE,"#1 NEW YORK TIMES BESTSELLER • From the indie rock sensation known as Japanese Breakfast, an unforgettable memoir about family, food, grief, love, and growing up Korean American—“in losing her mother and cooking to bring her back to life, Zauner became herself” (NPR). • CELEBRATING OVER ONE YEAR ON THE NEW YORK TIMES BESTSELLER LIST In this exquisite story of family, food, grief, and endurance, Michelle Zauner proves herself far more than a dazzling singer, songwriter, and guitarist. With humor and heart, she tells of growing up one of the few Asian American kids at her school in Eugene, Oregon; of struggling with her mother's particular, high expectations of her; of a painful adolescence; of treasured months spent in her grandmother's tiny apartment in Seoul, where she and her mother would bond, late at night, over heaping plates of food. As she grew up, moving to the East Coast for college, finding work in the restaurant industry, and performing gigs with her fledgling band--and meeting the man who would become her husband--her Koreanness began to feel ever more distant, even as she found the life she wanted to live. It was her mother's diagnosis of terminal cancer, when Michelle was twenty-five, that forced a reckoning with her identity and brought her to reclaim the gifts of taste, language, and history her mother had given her. Vivacious and plainspoken, lyrical and honest, Zauner's voice is as radiantly alive on the page as it is onstage. Rich with intimate anecdotes that will resonate widely, and complete with family photos, Crying in H Mart is a book to cherish, share, and reread.",US,,
114,114,30165203,"American Gods: Tenth Anniversary (American Gods, #1)",Neil Gaiman,"Gaiman, Neil",,0,0,0,4.1,William Morrow,Kindle Edition,635,2001,,2023-12-03,to-read,to-read (#8),to-read,,,,0,0,2025-10-30,NOT_MATURE,"Have you ever wondered why that 13-digit number on the back of a book costs $125 in the United States but is completely free in Canada and India? This book, The Global ISBN Handbook, is your 2025 guide to the International Standard Book Number. It explains everything about this global ""fingerprint"" for books. The ISBN is the most important cornerstone of the publishing industry. It started as a simple warehouse tool in the 1960s. Now, it is a complex digital identifier used in over 200 countries. This handbook deconstructs the entire system. It uses 15 distinct national case studies to do this. You will learn how the old 10-digit system changed to the new 13-digit one. We break down the five parts of the ISBN, from the ""Bookland"" prefix to the final check digit. The book explores the global governance framework, starting with the International ISBN Agency. Then, it dives deep into how different countries run their systems. You'll see the privatized, high-cost model in the United States. You'll compare it to Canada's free, government-run system. We explore the industry-led models in Brazil and Germany. We look at government-run systems in Mexico and India. We even cover the unique case of China, where the ISBN is not a simple identifier but a state-controlled publication license. The book also examines the systems in the UK , France , Russia , Japan , Australia , South Africa , Nigeria , and Egypt. Many books and websites can tell you how to get an ISBN. This handbook is the only resource that explains why the process is so different everywhere you look. It moves beyond a simple ""how-to"" and provides a true global analysis. It directly compares the privatized, for-profit models in the US and UK against the free, public-good systems in Canada and South Africa. You won't just learn the price; you will understand the cultural policies, market structures, and legal philosophies that shape that price. This book shows how the ISBN is a ""global mirror"". It reveals how a simple number can be a commercial product in one nation , a tool of cultural policy in another , and an instrument of state control in a third. This comparative insight is the missing piece for any author, publisher, or researcher trying to navigate the complex international publishing market. Disclaimer: This handbook is an independently produced resource for commentary and analysis. The author has no affiliation with the International ISBN Agency, R.R. Bowker, Library and Archives Canada, the National Press and Publication Administration, or any other national ISBN agency. This work is independently produced under the principle of nominative fair use.",US,,
115,115,41804,"I, Robot (Robot, #0.1)",Isaac Asimov,"Asimov, Isaac",,0553803700,9780553803709,0,4.21,Bantam Books,Hardcover,224,1950,,2023-12-03,to-read,to-read (#7),to-read,,,,0,0,2004-01-01,NOT_MATURE,The development of robot technology to a state of perfection by future civilizations is explored in nine science fiction stories.,US,,
116,116,29579,"Foundation (Foundation, #1)",Isaac Asimov,"Asimov, Isaac",,0553803719,9780553803716,0,4.17,Bantam,Hardcover,244,1951,,2023-12-03,to-read,to-read (#6),to-read,,,,0,0,2004-01-01,NOT_MATURE,"As the Galactic Empire declines, psychohistorian Hari Seldon and his band of psychobiologists form the Foundation, designed to be the nucleus of an eventual ideal universal ruling corporation.",US,,
117,117,39943621,"Fire & Blood (A Targaryen History, #1)",George R.R. Martin,"Martin, George R.R.",Doug Wheatley,152479628X,9781524796280,0,4.05,Random House Worlds,Hardcover,706,2018,,2023-12-03,to-read,to-read (#5),to-read,,,,0,0,2018-11-20,NOT_MATURE,"#1 NEW YORK TIMES BESTSELLER • The history of the Targaryens comes to life in this masterly work, the inspiration for HBO’s Game of Thrones prequel series House of the Dragon “The thrill of Fire & Blood is the thrill of all Martin’s fantasy work: familiar myths debunked, the whole trope table flipped.”—Entertainment Weekly Centuries before the events of A Game of Thrones, House Targaryen—the only family of dragonlords to survive the Doom of Valyria—took up residence on Dragonstone. Fire & Blood begins their tale with the legendary Aegon the Conqueror, creator of the Iron Throne, and goes on to recount the generations of Targaryens who fought to hold that iconic seat, all the way up to the civil war that nearly tore their dynasty apart. What really happened during the Dance of the Dragons? Why was it so deadly to visit Valyria after the Doom? What were Maegor the Cruel’s worst crimes? What was it like in Westeros when dragons ruled the skies? These are but a few of the questions answered in this essential chronicle, as related by a learned maester of the Citadel and featuring more than eighty black-and-white illustrations by artist Doug Wheatley. Readers have glimpsed small parts of this narrative in such volumes as The World of Ice & Fire, but now, for the first time, the full tapestry of Targaryen history is revealed. With all the scope and grandeur of Gibbon’s The History of the Decline and Fall of the Roman Empire, Fire & Blood is the first volume of the definitive two-part history of the Targaryens, giving readers a whole new appreciation for the dynamic, often bloody, and always fascinating history of Westeros. Praise for Fire & Blood “A masterpiece of popular historical fiction.” —The Sunday Times “The saga is a rich and dark one, full of both the title’s promised elements. . . . It’s hard not to thrill to the descriptions of dragons engaging in airborne combat, or the dilemma of whether defeated rulers should ‘bend the knee,’ ‘take the black’ and join the Night’s Watch, or simply meet an inventive and horrible end.”—The Guardian",US,,
118,118,3836,Don Quixote,Miguel de Cervantes Saavedra,"Saavedra, Miguel de Cervantes","John Rutherford, Roberto González Echevarría",0,0,0,3.91,Penguin Books,Paperback,1023,1615,,2023-12-03,to-read,to-read (#4),to-read,,,,0,0,2025-10-30,NOT_MATURE,"Have you ever wondered why that 13-digit number on the back of a book costs $125 in the United States but is completely free in Canada and India? This book, The Global ISBN Handbook, is your 2025 guide to the International Standard Book Number. It explains everything about this global ""fingerprint"" for books. The ISBN is the most important cornerstone of the publishing industry. It started as a simple warehouse tool in the 1960s. Now, it is a complex digital identifier used in over 200 countries. This handbook deconstructs the entire system. It uses 15 distinct national case studies to do this. You will learn how the old 10-digit system changed to the new 13-digit one. We break down the five parts of the ISBN, from the ""Bookland"" prefix to the final check digit. The book explores the global governance framework, starting with the International ISBN Agency. Then, it dives deep into how different countries run their systems. You'll see the privatized, high-cost model in the United States. You'll compare it to Canada's free, government-run system. We explore the industry-led models in Brazil and Germany. We look at government-run systems in Mexico and India. We even cover the unique case of China, where the ISBN is not a simple identifier but a state-controlled publication license. The book also examines the systems in the UK , France , Russia , Japan , Australia , South Africa , Nigeria , and Egypt. Many books and websites can tell you how to get an ISBN. This handbook is the only resource that explains why the process is so different everywhere you look. It moves beyond a simple ""how-to"" and provides a true global analysis. It directly compares the privatized, for-profit models in the US and UK against the free, public-good systems in Canada and South Africa. You won't just learn the price; you will understand the cultural policies, market structures, and legal philosophies that shape that price. This book shows how the ISBN is a ""global mirror"". It reveals how a simple number can be a commercial product in one nation , a tool of cultural policy in another , and an instrument of state control in a third. This comparative insight is the missing piece for any author, publisher, or researcher trying to navigate the complex international publishing market. Disclaimer: This handbook is an independently produced resource for commentary and analysis. The author has no affiliation with the International ISBN Agency, R.R. Bowker, Library and Archives Canada, the National Press and Publication Administration, or any other national ISBN agency. This work is independently produced under the principle of nominative fair use.",US,,
119,119,228665,"The Eye of the World (The Wheel of Time, #1)",Robert Jordan,"Jordan, Robert",,0812511816,9780812511819,0,4.19,Tor Books,Mass Market Paperback,800,1990,,2023-12-03,to-read,to-read (#3),to-read,,,,0,0,,,,,,
120,120,14817,A Scanner Darkly,Philip K. Dick,"Dick, Philip K.",,057507681X,9780575076815,0,4.03,Gollancz,Paperback,324,1977,,2023-12-03,to-read,to-read (#2),to-read,,,,0,0,2006-01-01,NOT_MATURE,"Substance D -- otherwise known as Death -- is the most dangerous drug ever to find its way on to the black market. It destroys the links between the brain's two hemispheres, leading first to disorentation and then to complete and irreversible brain damage. Bob Arctor, undercover narcotics agent, is trying to find a lead to the source of supply, but to pass as an addict he must become a user, and soon, without knowing what is happening to him, he is as dependent as any of the addicts he is monitoring.",US,,
121,121,49189494,We Are All the Same in the Dark,Julia Heaberlin,"Heaberlin, Julia",,0525621679,9780525621676,0,3.78,Ballantine Books,Hardcover,352,2020,2023-12-11,2023-12-03,,,read,,,,1,0,2020-01-01,NOT_MATURE,A new thriller from the internationally bestselling author of Black-Eyed Susans.,US,,
122,122,32186143,"The Lady of the Lake (The Witcher, #5)",Andrzej Sapkowski,"Sapkowski, Andrzej",David   French,0,0,0,4.09,Orbit,Kindle Edition,560,1999,2023-12-31,2023-12-03,,,read,,,,1,0,2025-10-30,NOT_MATURE,"Have you ever wondered why that 13-digit number on the back of a book costs $125 in the United States but is completely free in Canada and India? This book, The Global ISBN Handbook, is your 2025 guide to the International Standard Book Number. It explains everything about this global ""fingerprint"" for books. The ISBN is the most important cornerstone of the publishing industry. It started as a simple warehouse tool in the 1960s. Now, it is a complex digital identifier used in over 200 countries. This handbook deconstructs the entire system. It uses 15 distinct national case studies to do this. You will learn how the old 10-digit system changed to the new 13-digit one. We break down the five parts of the ISBN, from the ""Bookland"" prefix to the final check digit. The book explores the global governance framework, starting with the International ISBN Agency. Then, it dives deep into how different countries run their systems. You'll see the privatized, high-cost model in the United States. You'll compare it to Canada's free, government-run system. We explore the industry-led models in Brazil and Germany. We look at government-run systems in Mexico and India. We even cover the unique case of China, where the ISBN is not a simple identifier but a state-controlled publication license. The book also examines the systems in the UK , France , Russia , Japan , Australia , South Africa , Nigeria , and Egypt. Many books and websites can tell you how to get an ISBN. This handbook is the only resource that explains why the process is so different everywhere you look. It moves beyond a simple ""how-to"" and provides a true global analysis. It directly compares the privatized, for-profit models in the US and UK against the free, public-good systems in Canada and South Africa. You won't just learn the price; you will understand the cultural policies, market structures, and legal philosophies that shape that price. This book shows how the ISBN is a ""global mirror"". It reveals how a simple number can be a commercial product in one nation , a tool of cultural policy in another , and an instrument of state control in a third. This comparative insight is the missing piece for any author, publisher, or researcher trying to navigate the complex international publishing market. Disclaimer: This handbook is an independently produced resource for commentary and analysis. The author has no affiliation with the International ISBN Agency, R.R. Bowker, Library and Archives Canada, the National Press and Publication Administration, or any other national ISBN agency. This work is independently produced under the principle of nominative fair use.",US,,
123,123,20170404,Station Eleven,Emily St. John Mandel,"Mandel, Emily St. John",,0385353308,9780385353304,0,4.07,Knopf,Hardcover,333,2014,2022-06-24,2023-12-03,,,read,,,,1,0,2014-09-09,NOT_MATURE,"NATIONAL BESTSELLER • NATIONAL BOOK AWARD FINALIST • A PEN/FAULKNER AWARD FINALIST • Set in the eerie days of civilization’s collapse—the spellbinding story of a Hollywood star, his would-be savior, and a nomadic group of actors roaming the scattered outposts of the Great Lakes region, risking everything for art and humanity. • Now an original series on HBO Max. • Over one million copies sold! Kirsten Raymonde will never forget the night Arthur Leander, the famous Hollywood actor, had a heart attack on stage during a production of King Lear. That was the night when a devastating flu pandemic arrived in the city, and within weeks, civilization as we know it came to an end. Twenty years later, Kirsten moves between the settlements of the altered world with a small troupe of actors and musicians. They call themselves The Traveling Symphony, and they have dedicated themselves to keeping the remnants of art and humanity alive. But when they arrive in St. Deborah by the Water, they encounter a violent prophet who will threaten the tiny band’s existence. And as the story takes off, moving back and forth in time, and vividly depicting life before and after the pandemic, the strange twist of fate that connects them all will be revealed. Look for Emily St. John Mandel’s bestselling new novel, Sea of Tranquility!",US,,
124,124,45754981,The Glass Hotel,Emily St. John Mandel,"Mandel, Emily St. John",,0525521143,9780525521143,0,3.69,Alfred A. Knopf,Hardcover,307,2020,2022-07-09,2023-12-03,,,read,,,,1,0,2020-03-24,NOT_MATURE,"INTERNATIONAL BESTSELLER • From the bestselling author of Station Eleven and Sea of Tranquility, an exhilarating novel set at the glittering intersection of two seemingly disparate events—the exposure of a massive criminal enterprise and the mysterious disappearance of a woman from a ship at sea. “The perfect novel ... Freshly mysterious.” —The Washington Post Vincent is a bartender at the Hotel Caiette, a five-star lodging on the northernmost tip of Vancouver Island. On the night she meets Jonathan Alkaitis, a hooded figure scrawls a message on the lobby's glass wall: Why don’t you swallow broken glass. High above Manhattan, a greater crime is committed: Alkaitis's billion-dollar business is really nothing more than a game of smoke and mirrors. When his scheme collapses, it obliterates countless fortunes and devastates lives. Vincent, who had been posing as Jonathan’s wife, walks away into the night. Years later, a victim of the fraud is hired to investigate a strange occurrence: a woman has seemingly vanished from the deck of a container ship between ports of call. In this captivating story of crisis and survival, Emily St. John Mandel takes readers through often hidden landscapes: campgrounds for the near-homeless, underground electronica clubs, service in luxury hotels, and life in a federal prison. Rife with unexpected beauty, The Glass Hotel is a captivating portrait of greed and guilt, love and delusion, ghosts and unintended consequences, and the infinite ways we search for meaning in our lives. Look for Emily St. John Mandel’s bestselling new novel, Sea of Tranquility!",US,,
125,125,66797,Smith of Wootton Major & Farmer Giles of Ham,J.R.R. Tolkien,"Tolkien, J.R.R.",Pauline Baynes,0,0,0,3.95,Del Rey,Mass Market Paperback,156,1949,2022-07-25,2023-12-03,,,read,,,,1,0,2025-10-30,NOT_MATURE,"Have you ever wondered why that 13-digit number on the back of a book costs $125 in the United States but is completely free in Canada and India? This book, The Global ISBN Handbook, is your 2025 guide to the International Standard Book Number. It explains everything about this global ""fingerprint"" for books. The ISBN is the most important cornerstone of the publishing industry. It started as a simple warehouse tool in the 1960s. Now, it is a complex digital identifier used in over 200 countries. This handbook deconstructs the entire system. It uses 15 distinct national case studies to do this. You will learn how the old 10-digit system changed to the new 13-digit one. We break down the five parts of the ISBN, from the ""Bookland"" prefix to the final check digit. The book explores the global governance framework, starting with the International ISBN Agency. Then, it dives deep into how different countries run their systems. You'll see the privatized, high-cost model in the United States. You'll compare it to Canada's free, government-run system. We explore the industry-led models in Brazil and Germany. We look at government-run systems in Mexico and India. We even cover the unique case of China, where the ISBN is not a simple identifier but a state-controlled publication license. The book also examines the systems in the UK , France , Russia , Japan , Australia , South Africa , Nigeria , and Egypt. Many books and websites can tell you how to get an ISBN. This handbook is the only resource that explains why the process is so different everywhere you look. It moves beyond a simple ""how-to"" and provides a true global analysis. It directly compares the privatized, for-profit models in the US and UK against the free, public-good systems in Canada and South Africa. You won't just learn the price; you will understand the cultural policies, market structures, and legal philosophies that shape that price. This book shows how the ISBN is a ""global mirror"". It reveals how a simple number can be a commercial product in one nation , a tool of cultural policy in another , and an instrument of state control in a third. This comparative insight is the missing piece for any author, publisher, or researcher trying to navigate the complex international publishing market. Disclaimer: This handbook is an independently produced resource for commentary and analysis. The author has no affiliation with the International ISBN Agency, R.R. Bowker, Library and Archives Canada, the National Press and Publication Administration, or any other national ISBN agency. This work is independently produced under the principle of nominative fair use.",US,,
126,126,24400501,The Story of Kullervo,J.R.R. Tolkien,"Tolkien, J.R.R.","Verlyn Flieger, Luca Manini, Stefania Marinoni",0008131376,9780008131371,0,3.43,Harper Collins,ebook,192,2015,2022-08-10,2023-12-03,,,read,,,,1,0,2015-08-27,NOT_MATURE,"The world first publication of a previously unknown work of fantasy by J.R.R. Tolkien, which tells the powerful story of a doomed young man who is sold into slavery and who swears revenge on the magician who killed his father.",US,,
127,127,18247597,"The Tower of the Swallow (The Witcher, #4)",Andrzej Sapkowski,"Sapkowski, Andrzej",David   French,1473211565,9781473211568,0,4.22,Gollancz,Paperback,448,1997,2022-08-26,2023-12-03,,,read,,,,1,0,2016-01-01,NOT_MATURE,"The world has fallen into war. Ciri, the child of prophecy, has vanished. Hunted by friends and foes alike, she has taken on the guise of a petty bandit and lives free for the first time in her life. But the net around her is closing. Geralt, the Witcher, has assembled a group of allies determined to rescue her. Both sides of the war have sent brutal mercenaries to hunt her down. Her crimes have made her famous. There is only one place left to run. The tower of the swallow is waiting",US,,
128,128,32620332,The Seven Husbands of Evelyn Hugo,Taylor Jenkins Reid,"Reid, Taylor Jenkins",,1501139231,9781501139239,0,4.4,Atria Books,Hardcover,389,2017,2022-09-11,2023-12-03,,,read,,,,1,0,2017-06-13,NOT_MATURE,The epic adventures Evelyn creates over the course of a lifetime will leave every reader mesmerized. This wildly addictive journey of a reclusive Hollywood starlet and her tumultuous Tinseltown journey comes with unexpected twists and the most satisfying of drama.,US,,
129,129,52845775,Minor Feelings: An Asian American Reckoning,Cathy Park Hong,"Hong, Cathy Park",,1984820362,9781984820365,0,4.19,One World,Hardcover,209,2020,2022-09-27,2023-12-03,,,read,,,,1,0,2020-02-25,NOT_MATURE,"NEW YORK TIMES BESTSELLER • PULITZER PRIZE FINALIST • NATIONAL BOOK CRITICS CIRCLE AWARD WINNER • ONE OF TIME’S 100 MOST INFLUENTIAL PEOPLE • A ruthlessly honest, emotionally charged, and utterly original exploration of Asian American consciousness “Brilliant . . . To read this book is to become more human.”—Claudia Rankine, author of Citizen In development as a television series starring and adapted by Greta Lee • One of Time’s 10 Best Nonfiction Books of the Year • Named One of the Best Books of the Year by The New York Times, The Washington Post, NPR, New Statesman, BuzzFeed, Esquire, The New York Public Library, and Book Riot Poet and essayist Cathy Park Hong fearlessly and provocatively blends memoir, cultural criticism, and history to expose fresh truths about racialized consciousness in America. Part memoir and part cultural criticism, this collection is vulnerable, humorous, and provocative—and its relentless and riveting pursuit of vital questions around family and friendship, art and politics, identity and individuality, will change the way you think about our world. Binding these essays together is Hong’s theory of “minor feelings.” As the daughter of Korean immigrants, Cathy Park Hong grew up steeped in shame, suspicion, and melancholy. She would later understand that these “minor feelings” occur when American optimism contradicts your own reality—when you believe the lies you’re told about your own racial identity. Minor feelings are not small, they’re dissonant—and in their tension Hong finds the key to the questions that haunt her. With sly humor and a poet’s searching mind, Hong uses her own story as a portal into a deeper examination of racial consciousness in America today. This intimate and devastating book traces her relationship to the English language, to shame and depression, to poetry and female friendship. A radically honest work of art, Minor Feelings forms a portrait of one Asian American psyche—and of a writer’s search to both uncover and speak the truth. Praise for Minor Feelings “Hong begins her new book of essays with a bang. . . .The essays wander a variegated terrain of memoir, criticism and polemic, oscillating between smooth proclamations of certainty and twitches of self-doubt. . . . Minor Feelings is studded with moments [of] candor and dark humor shot through with glittering self-awareness.”—The New York Times “Hong uses her own experiences as a jumping off point to examine race and emotion in the United States.”—Newsweek “Powerful . . . [Hong] brings together memoiristic personal essay and reflection, historical accounts and modern reporting, and other works of art and writing, in order to amplify a multitude of voices and capture Asian America as a collection of contradictions. She does so with sharp wit and radical transparency.”—Salon",US,,
130,130,8694,"Life, the Universe and Everything (The Hitchhiker's Guide to the Galaxy, #3)",Douglas Adams,"Adams, Douglas",,0345418905,9780345418906,0,4.16,Random House Worlds,Paperback,224,1982,2022-10-12,2023-12-03,,,read,,,,1,0,1997-06-23,NOT_MATURE,"Now celebrating the 42nd anniversary of The Hitchhiker’s Guide to the Galaxy, soon to be a Hulu original series! “Wild satire . . . The feckless protagonist, Arthur Dent, is reminiscent of Vonnegut heroes.”—Chicago Tribune The unhappy inhabitants of planet Krikkit are sick of looking at the night sky above their heads—so they plan to destroy it. The universe, that is. Now only five individuals stand between the killer robots of Krikkit and their goal of total annihilation. They are Arthur Dent, a mild-mannered space and time traveler who tries to learn how to fly by throwing himself at the ground and missing; Ford Prefect, his best friend, who decides to go insane to see if he likes it; Slartibartfast, the indomitable vice president of the Campaign for Real Time, who travels in a ship powered by irrational behavior; Zaphod Beeblebrox, the two-headed, three-armed ex-president of the galaxy; and Trillian, the sexy space cadet who is torn between a persistent Thunder God and a very depressed Beeblebrox. How will it all end? Will it end? Only this stalwart crew knows as they try to avert “universal” Armageddon and save life as we know it—and don’t know it! “Adams is one of those rare treasures: an author who, one senses, has as much fun writing as one has reading.”—Arizona Daily Star",US,,
131,131,338691,"Still Life (Chief Inspector Armand Gamache, #1)",Louise Penny,"Penny, Louise",,0312948557,9780312948559,0,3.9,St. Martin's Paperbacks,Mass Market Paperback,293,2005,2022-10-28,2023-12-03,,,read,,,,1,0,2007-05-01,NOT_MATURE,"Chief Inspector Armand Gamache of Canada's Sûreté du Quebec is called to Three Pines, a tiny hamlet south of Montreal, to investigate the suspicious hunting ""accident"" that claimed the life of Jane Neal, a local fixture in the village.",US,,
132,132,8695,"The Restaurant at the End of the Universe (The Hitchhiker's Guide to the Galaxy, #2)",Douglas Adams,"Adams, Douglas",,0,0,0,4.2,Del Rey,Paperback,250,1980,2022-11-13,2023-12-03,,,read,,,,1,0,2025-10-30,NOT_MATURE,"Have you ever wondered why that 13-digit number on the back of a book costs $125 in the United States but is completely free in Canada and India? This book, The Global ISBN Handbook, is your 2025 guide to the International Standard Book Number. It explains everything about this global ""fingerprint"" for books. The ISBN is the most important cornerstone of the publishing industry. It started as a simple warehouse tool in the 1960s. Now, it is a complex digital identifier used in over 200 countries. This handbook deconstructs the entire system. It uses 15 distinct national case studies to do this. You will learn how the old 10-digit system changed to the new 13-digit one. We break down the five parts of the ISBN, from the ""Bookland"" prefix to the final check digit. The book explores the global governance framework, starting with the International ISBN Agency. Then, it dives deep into how different countries run their systems. You'll see the privatized, high-cost model in the United States. You'll compare it to Canada's free, government-run system. We explore the industry-led models in Brazil and Germany. We look at government-run systems in Mexico and India. We even cover the unique case of China, where the ISBN is not a simple identifier but a state-controlled publication license. The book also examines the systems in the UK , France , Russia , Japan , Australia , South Africa , Nigeria , and Egypt. Many books and websites can tell you how to get an ISBN. This handbook is the only resource that explains why the process is so different everywhere you look. It moves beyond a simple ""how-to"" and provides a true global analysis. It directly compares the privatized, for-profit models in the US and UK against the free, public-good systems in Canada and South Africa. You won't just learn the price; you will understand the cultural policies, market structures, and legal philosophies that shape that price. This book shows how the ISBN is a ""global mirror"". It reveals how a simple number can be a commercial product in one nation , a tool of cultural policy in another , and an instrument of state control in a third. This comparative insight is the missing piece for any author, publisher, or researcher trying to navigate the complex international publishing market. Disclaimer: This handbook is an independently produced resource for commentary and analysis. The author has no affiliation with the International ISBN Agency, R.R. Bowker, Library and Archives Canada, the National Press and Publication Administration, or any other national ISBN agency. This work is independently produced under the principle of nominative fair use.",US,,
133,133,11,"The Hitchhiker’s Guide to the Galaxy (Hitchhiker's Guide to the Galaxy, #1)",Douglas Adams,"Adams, Douglas",,0,0,0,4.22,Del Rey Books,Mass Market Paperback,216,1979,2022-11-29,2023-12-03,,,read,,,,1,0,2025-10-30,NOT_MATURE,"Have you ever wondered why that 13-digit number on the back of a book costs $125 in the United States but is completely free in Canada and India? This book, The Global ISBN Handbook, is your 2025 guide to the International Standard Book Number. It explains everything about this global ""fingerprint"" for books. The ISBN is the most important cornerstone of the publishing industry. It started as a simple warehouse tool in the 1960s. Now, it is a complex digital identifier used in over 200 countries. This handbook deconstructs the entire system. It uses 15 distinct national case studies to do this. You will learn how the old 10-digit system changed to the new 13-digit one. We break down the five parts of the ISBN, from the ""Bookland"" prefix to the final check digit. The book explores the global governance framework, starting with the International ISBN Agency. Then, it dives deep into how different countries run their systems. You'll see the privatized, high-cost model in the United States. You'll compare it to Canada's free, government-run system. We explore the industry-led models in Brazil and Germany. We look at government-run systems in Mexico and India. We even cover the unique case of China, where the ISBN is not a simple identifier but a state-controlled publication license. The book also examines the systems in the UK , France , Russia , Japan , Australia , South Africa , Nigeria , and Egypt. Many books and websites can tell you how to get an ISBN. This handbook is the only resource that explains why the process is so different everywhere you look. It moves beyond a simple ""how-to"" and provides a true global analysis. It directly compares the privatized, for-profit models in the US and UK against the free, public-good systems in Canada and South Africa. You won't just learn the price; you will understand the cultural policies, market structures, and legal philosophies that shape that price. This book shows how the ISBN is a ""global mirror"". It reveals how a simple number can be a commercial product in one nation , a tool of cultural policy in another , and an instrument of state control in a third. This comparative insight is the missing piece for any author, publisher, or researcher trying to navigate the complex international publishing market. Disclaimer: This handbook is an independently produced resource for commentary and analysis. The author has no affiliation with the International ISBN Agency, R.R. Bowker, Library and Archives Canada, the National Press and Publication Administration, or any other national ISBN agency. This work is independently produced under the principle of nominative fair use.",US,,
134,134,33385229,"They Both Die at the End (They Both Die at the End, #1)",Adam Silvera,"Silvera, Adam",,0062457799,9780062457790,0,3.75,Quill Tree Books,Hardcover,389,2017,2022-12-15,2023-12-03,,,read,,,,1,0,2017-09-05,NOT_MATURE,,US,,
135,135,33917107,On Tyranny: Twenty Lessons from the Twentieth Century,Timothy Snyder,"Snyder, Timothy",,0804190119,9780804190114,0,4.28,Tim Duggan Books,Paperback,127,2017,2022-12-31,2023-12-03,,,read,,,,1,0,2017-02-28,NOT_MATURE,"#1 NEW YORK TIMES BESTSELLER • A “bracing” (Vox) guide for surviving and resisting America’s turn towards authoritarianism, from “a rising public intellectual unafraid to make bold connections between past and present” (The New York Times) “Timothy Snyder reasons with unparalleled clarity, throwing the past and future into sharp relief. He has written the rare kind of book that can be read in one sitting but will keep you coming back to help regain your bearings.”—Masha Gessen The Founding Fathers tried to protect us from the threat they knew, the tyranny that overcame ancient democracy. Today, our political order faces new threats, not unlike the totalitarianism of the twentieth century. We are no wiser than the Europeans who saw democracy yield to fascism, Nazism, or communism. Our one advantage is that we might learn from their experience. On Tyranny is a call to arms and a guide to resistance, with invaluable ideas for how we can preserve our freedoms in the uncertain years to come.",US,,
136,136,100915,"The Lion, the Witch and the Wardrobe (Chronicles of Narnia, #1)",C.S. Lewis,"Lewis, C.S.","Per Svein Paulsen, Tormod Haugen",0,0,0,4.24,HarperCollins Publishers,Paperback,206,1950,,2023-12-03,to-read,to-read (#1),to-read,,,,0,0,2025-10-30,NOT_MATURE,"Have you ever wondered why that 13-digit number on the back of a book costs $125 in the United States but is completely free in Canada and India? This book, The Global ISBN Handbook, is your 2025 guide to the International Standard Book Number. It explains everything about this global ""fingerprint"" for books. The ISBN is the most important cornerstone of the publishing industry. It started as a simple warehouse tool in the 1960s. Now, it is a complex digital identifier used in over 200 countries. This handbook deconstructs the entire system. It uses 15 distinct national case studies to do this. You will learn how the old 10-digit system changed to the new 13-digit one. We break down the five parts of the ISBN, from the ""Bookland"" prefix to the final check digit. The book explores the global governance framework, starting with the International ISBN Agency. Then, it dives deep into how different countries run their systems. You'll see the privatized, high-cost model in the United States. You'll compare it to Canada's free, government-run system. We explore the industry-led models in Brazil and Germany. We look at government-run systems in Mexico and India. We even cover the unique case of China, where the ISBN is not a simple identifier but a state-controlled publication license. The book also examines the systems in the UK , France , Russia , Japan , Australia , South Africa , Nigeria , and Egypt. Many books and websites can tell you how to get an ISBN. This handbook is the only resource that explains why the process is so different everywhere you look. It moves beyond a simple ""how-to"" and provides a true global analysis. It directly compares the privatized, for-profit models in the US and UK against the free, public-good systems in Canada and South Africa. You won't just learn the price; you will understand the cultural policies, market structures, and legal philosophies that shape that price. This book shows how the ISBN is a ""global mirror"". It reveals how a simple number can be a commercial product in one nation , a tool of cultural policy in another , and an instrument of state control in a third. This comparative insight is the missing piece for any author, publisher, or researcher trying to navigate the complex international publishing market. Disclaimer: This handbook is an independently produced resource for commentary and analysis. The author has no affiliation with the International ISBN Agency, R.R. Bowker, Library and Archives Canada, the National Press and Publication Administration, or any other national ISBN agency. This work is independently produced under the principle of nominative fair use.",US,,
137,137,10534,The Art of War,Sun Tzu,"Tzu, Sun",Thomas Cleary,0,0,0,3.95,Harper Press,Paperback,170,-500,2021-02-05,2023-12-03,,,read,,,,1,0,2025-10-30,NOT_MATURE,"Have you ever wondered why that 13-digit number on the back of a book costs $125 in the United States but is completely free in Canada and India? This book, The Global ISBN Handbook, is your 2025 guide to the International Standard Book Number. It explains everything about this global ""fingerprint"" for books. The ISBN is the most important cornerstone of the publishing industry. It started as a simple warehouse tool in the 1960s. Now, it is a complex digital identifier used in over 200 countries. This handbook deconstructs the entire system. It uses 15 distinct national case studies to do this. You will learn how the old 10-digit system changed to the new 13-digit one. We break down the five parts of the ISBN, from the ""Bookland"" prefix to the final check digit. The book explores the global governance framework, starting with the International ISBN Agency. Then, it dives deep into how different countries run their systems. You'll see the privatized, high-cost model in the United States. You'll compare it to Canada's free, government-run system. We explore the industry-led models in Brazil and Germany. We look at government-run systems in Mexico and India. We even cover the unique case of China, where the ISBN is not a simple identifier but a state-controlled publication license. The book also examines the systems in the UK , France , Russia , Japan , Australia , South Africa , Nigeria , and Egypt. Many books and websites can tell you how to get an ISBN. This handbook is the only resource that explains why the process is so different everywhere you look. It moves beyond a simple ""how-to"" and provides a true global analysis. It directly compares the privatized, for-profit models in the US and UK against the free, public-good systems in Canada and South Africa. You won't just learn the price; you will understand the cultural policies, market structures, and legal philosophies that shape that price. This book shows how the ISBN is a ""global mirror"". It reveals how a simple number can be a commercial product in one nation , a tool of cultural policy in another , and an instrument of state control in a third. This comparative insight is the missing piece for any author, publisher, or researcher trying to navigate the complex international publishing market. Disclaimer: This handbook is an independently produced resource for commentary and analysis. The author has no affiliation with the International ISBN Agency, R.R. Bowker, Library and Archives Canada, the National Press and Publication Administration, or any other national ISBN agency. This work is independently produced under the principle of nominative fair use.",US,,
138,138,1371,The Iliad,Homer,"Homer, Homer","Bernard Knox, Robert Fagles",0140275363,9780140275360,0,3.93,Penguin Classics,Paperback,614,-800,2021-02-14,2023-12-03,,,read,,,,1,0,1998-11-01,NOT_MATURE,"The great war epic of Western literature, translated by acclaimed classicist Robert Fagles, and featured in the Netflix series The OA A Penguin Classic Dating to the ninth century B.C., Homer’s timeless poem still vividly conveys the horror and heroism of men and gods wrestling with towering emotions and battling amidst devastation and destruction, as it moves inexorably to the wrenching, tragic conclusion of the Trojan War. Renowned classicist Bernard Knox observes in his superb introduction that although the violence of the Iliad is grim and relentless, it coexists with both images of civilized life and a poignant yearning for peace. Combining the skills of a poet and scholar, Robert Fagles, winner of the PEN/Ralph Manheim Medal for Translation and a 1996 Academy Award in Literature from the American Academy of Arts and Letters, brings the energy of contemporary language to this enduring heroic epic. He maintains the drive and metric music of Homer’s poetry, and evokes the impact and nuance of the Iliad’s mesmerizing repeated phrases in what Peter Levi calls “an astonishing performance.” This Penguin Classics Deluxe edition also features French flaps and deckle-edged paper. For more than seventy years, Penguin has been the leading publisher of classic literature in the English-speaking world. With more than 1,700 titles, Penguin Classics represents a global bookshelf of the best works throughout history and across genres and disciplines. Readers trust the series to provide authoritative texts enhanced by introductions and notes by distinguished scholars and contemporary authors, as well as up-to-date translations by award-winning translators. 9780140275360",US,,
139,139,18656031,"Baptism of Fire (The Witcher, #3)",Andrzej Sapkowski,"Sapkowski, Andrzej",David   French,0316219185,9780316219181,0,4.26,Orbit,Paperback,400,1996,2021-02-23,2023-12-03,,,read,,,,1,0,2014-06-24,NOT_MATURE,"Soon to be a major Netflix original series! A deadly coup within the Wizard's Guild leaves the Witcher, Geralt of Rivia, gravely injured, and his ward Ciri missing in the third book of the NYT bestselling series that inspired the blockbuster video games. The Wizards Guild has been shattered by a coup and, in the uproar, Geralt was seriously injured. The Witcher is supposed to be a guardian of the innocent, a protector of those in need, a defender against powerful and dangerous monsters that prey on men in dark times. But now that dark times have fallen upon the world, Geralt is helpless until he has recovered from his injuries. While war rages across all of the lands, the future of magic is under threat and those sorcerers who survive are determined to protect it. It's an impossible situation in which to find one girl -- Ciri, the heiress to the throne of Cintra -- until a rumor places her in the Niflgaard court, preparing to marry the Emperor. Injured or not, Geralt has a rescue mission on his hands. Andrzej Sapkowski, winner of the World Fantasy Lifetime Achievement award, started an international phenomenon with his Witcher series: Witcher novelsBlood of Elves The Time of Contempt Baptism of Fire The Tower of SwallowsLady of the LakeSeason of Storms Witcher collectionsThe Last WishSword of Destiny The Malady and Other Stories: An Andrzej Sapkowski Sampler (e-only) Translated from original Polish by David French",US,,
140,140,14781491,"The Time of Contempt (The Witcher, #2)",Andrzej Sapkowski,"Sapkowski, Andrzej",David   French,0316219134,9780316219136,0,4.16,Orbit,Paperback,352,1995,2021-03-04,2023-12-03,,,read,,,,1,0,2013-08-27,NOT_MATURE,"Soon to be a major Netflix original series! To protect his ward, Ciri, Geralt of Rivia sends her away from the home of the Witchers to train with the sorceress Yennefer. But all is not well within the Wizard's Guild in the second book of the NYT bestselling series that inspired the blockbuster video games. Geralt is a witcher: guardian of the innocent; protector of those in need; a defender, in dark times, against some of the most frightening creatures of myth and legend. His task, now, is to protect Ciri. A child of prophecy, she will have the power to change the world for good or for ill -- but only if she lives to use it. Andrzej Sapkowski, winner of the World Fantasy Lifetime Achievement award, started an international phenomenon with his Witcher series: Witcher novelsBlood of Elves The Time of Contempt Baptism of Fire The Tower of SwallowsLady of the LakeSeason of Storms Witcher collectionsThe Last WishSword of Destiny The Malady and Other Stories: An Andrzej Sapkowski Sampler (e-only) Translated from original Polish by David French",US,,
141,141,6043781,"Blood of Elves (The Witcher, #1)",Andrzej Sapkowski,"Sapkowski, Andrzej",Danusia Stok,0,0,0,4.1,Hachette Book Group,Mass Market Paperback,398,1994,2021-03-13,2023-12-03,,,read,,,,1,0,2025-10-30,NOT_MATURE,"Have you ever wondered why that 13-digit number on the back of a book costs $125 in the United States but is completely free in Canada and India? This book, The Global ISBN Handbook, is your 2025 guide to the International Standard Book Number. It explains everything about this global ""fingerprint"" for books. The ISBN is the most important cornerstone of the publishing industry. It started as a simple warehouse tool in the 1960s. Now, it is a complex digital identifier used in over 200 countries. This handbook deconstructs the entire system. It uses 15 distinct national case studies to do this. You will learn how the old 10-digit system changed to the new 13-digit one. We break down the five parts of the ISBN, from the ""Bookland"" prefix to the final check digit. The book explores the global governance framework, starting with the International ISBN Agency. Then, it dives deep into how different countries run their systems. You'll see the privatized, high-cost model in the United States. You'll compare it to Canada's free, government-run system. We explore the industry-led models in Brazil and Germany. We look at government-run systems in Mexico and India. We even cover the unique case of China, where the ISBN is not a simple identifier but a state-controlled publication license. The book also examines the systems in the UK , France , Russia , Japan , Australia , South Africa , Nigeria , and Egypt. Many books and websites can tell you how to get an ISBN. This handbook is the only resource that explains why the process is so different everywhere you look. It moves beyond a simple ""how-to"" and provides a true global analysis. It directly compares the privatized, for-profit models in the US and UK against the free, public-good systems in Canada and South Africa. You won't just learn the price; you will understand the cultural policies, market structures, and legal philosophies that shape that price. This book shows how the ISBN is a ""global mirror"". It reveals how a simple number can be a commercial product in one nation , a tool of cultural policy in another , and an instrument of state control in a third. This comparative insight is the missing piece for any author, publisher, or researcher trying to navigate the complex international publishing market. Disclaimer: This handbook is an independently produced resource for commentary and analysis. The author has no affiliation with the International ISBN Agency, R.R. Bowker, Library and Archives Canada, the National Press and Publication Administration, or any other national ISBN agency. This work is independently produced under the principle of nominative fair use.",US,,
142,142,40603587,"The Last Wish (The Witcher, #0.5)",Andrzej Sapkowski,"Sapkowski, Andrzej",Danusia Stok,0,0,0,4.14,Orbit,ebook,400,1993,2021-03-21,2023-12-03,,,read,,,,1,0,2025-10-30,NOT_MATURE,"Have you ever wondered why that 13-digit number on the back of a book costs $125 in the United States but is completely free in Canada and India? This book, The Global ISBN Handbook, is your 2025 guide to the International Standard Book Number. It explains everything about this global ""fingerprint"" for books. The ISBN is the most important cornerstone of the publishing industry. It started as a simple warehouse tool in the 1960s. Now, it is a complex digital identifier used in over 200 countries. This handbook deconstructs the entire system. It uses 15 distinct national case studies to do this. You will learn how the old 10-digit system changed to the new 13-digit one. We break down the five parts of the ISBN, from the ""Bookland"" prefix to the final check digit. The book explores the global governance framework, starting with the International ISBN Agency. Then, it dives deep into how different countries run their systems. You'll see the privatized, high-cost model in the United States. You'll compare it to Canada's free, government-run system. We explore the industry-led models in Brazil and Germany. We look at government-run systems in Mexico and India. We even cover the unique case of China, where the ISBN is not a simple identifier but a state-controlled publication license. The book also examines the systems in the UK , France , Russia , Japan , Australia , South Africa , Nigeria , and Egypt. Many books and websites can tell you how to get an ISBN. This handbook is the only resource that explains why the process is so different everywhere you look. It moves beyond a simple ""how-to"" and provides a true global analysis. It directly compares the privatized, for-profit models in the US and UK against the free, public-good systems in Canada and South Africa. You won't just learn the price; you will understand the cultural policies, market structures, and legal philosophies that shape that price. This book shows how the ISBN is a ""global mirror"". It reveals how a simple number can be a commercial product in one nation , a tool of cultural policy in another , and an instrument of state control in a third. This comparative insight is the missing piece for any author, publisher, or researcher trying to navigate the complex international publishing market. Disclaimer: This handbook is an independently produced resource for commentary and analysis. The author has no affiliation with the International ISBN Agency, R.R. Bowker, Library and Archives Canada, the National Press and Publication Administration, or any other national ISBN agency. This work is independently produced under the principle of nominative fair use.",US,,
143,143,14061957,"Ruin and Rising (Shadow and Bone, #3)",Leigh Bardugo,"Bardugo, Leigh",,0,0,0,3.97,Henry Holt and Company,Hardcover,432,2014,2021-03-30,2023-12-03,,,read,,,,1,0,2025-10-30,NOT_MATURE,"Have you ever wondered why that 13-digit number on the back of a book costs $125 in the United States but is completely free in Canada and India? This book, The Global ISBN Handbook, is your 2025 guide to the International Standard Book Number. It explains everything about this global ""fingerprint"" for books. The ISBN is the most important cornerstone of the publishing industry. It started as a simple warehouse tool in the 1960s. Now, it is a complex digital identifier used in over 200 countries. This handbook deconstructs the entire system. It uses 15 distinct national case studies to do this. You will learn how the old 10-digit system changed to the new 13-digit one. We break down the five parts of the ISBN, from the ""Bookland"" prefix to the final check digit. The book explores the global governance framework, starting with the International ISBN Agency. Then, it dives deep into how different countries run their systems. You'll see the privatized, high-cost model in the United States. You'll compare it to Canada's free, government-run system. We explore the industry-led models in Brazil and Germany. We look at government-run systems in Mexico and India. We even cover the unique case of China, where the ISBN is not a simple identifier but a state-controlled publication license. The book also examines the systems in the UK , France , Russia , Japan , Australia , South Africa , Nigeria , and Egypt. Many books and websites can tell you how to get an ISBN. This handbook is the only resource that explains why the process is so different everywhere you look. It moves beyond a simple ""how-to"" and provides a true global analysis. It directly compares the privatized, for-profit models in the US and UK against the free, public-good systems in Canada and South Africa. You won't just learn the price; you will understand the cultural policies, market structures, and legal philosophies that shape that price. This book shows how the ISBN is a ""global mirror"". It reveals how a simple number can be a commercial product in one nation , a tool of cultural policy in another , and an instrument of state control in a third. This comparative insight is the missing piece for any author, publisher, or researcher trying to navigate the complex international publishing market. Disclaimer: This handbook is an independently produced resource for commentary and analysis. The author has no affiliation with the International ISBN Agency, R.R. Bowker, Library and Archives Canada, the National Press and Publication Administration, or any other national ISBN agency. This work is independently produced under the principle of nominative fair use.",US,,
144,144,14061955,"Siege and Storm (The Shadow and Bone Trilogy, #2)",Leigh Bardugo,"Bardugo, Leigh",,0,0,0,3.8,Henry Holt and Company,Hardcover,435,2013,2021-04-08,2023-12-03,,,read,,,,1,0,2025-10-30,NOT_MATURE,"Have you ever wondered why that 13-digit number on the back of a book costs $125 in the United States but is completely free in Canada and India? This book, The Global ISBN Handbook, is your 2025 guide to the International Standard Book Number. It explains everything about this global ""fingerprint"" for books. The ISBN is the most important cornerstone of the publishing industry. It started as a simple warehouse tool in the 1960s. Now, it is a complex digital identifier used in over 200 countries. This handbook deconstructs the entire system. It uses 15 distinct national case studies to do this. You will learn how the old 10-digit system changed to the new 13-digit one. We break down the five parts of the ISBN, from the ""Bookland"" prefix to the final check digit. The book explores the global governance framework, starting with the International ISBN Agency. Then, it dives deep into how different countries run their systems. You'll see the privatized, high-cost model in the United States. You'll compare it to Canada's free, government-run system. We explore the industry-led models in Brazil and Germany. We look at government-run systems in Mexico and India. We even cover the unique case of China, where the ISBN is not a simple identifier but a state-controlled publication license. The book also examines the systems in the UK , France , Russia , Japan , Australia , South Africa , Nigeria , and Egypt. Many books and websites can tell you how to get an ISBN. This handbook is the only resource that explains why the process is so different everywhere you look. It moves beyond a simple ""how-to"" and provides a true global analysis. It directly compares the privatized, for-profit models in the US and UK against the free, public-good systems in Canada and South Africa. You won't just learn the price; you will understand the cultural policies, market structures, and legal philosophies that shape that price. This book shows how the ISBN is a ""global mirror"". It reveals how a simple number can be a commercial product in one nation , a tool of cultural policy in another , and an instrument of state control in a third. This comparative insight is the missing piece for any author, publisher, or researcher trying to navigate the complex international publishing market. Disclaimer: This handbook is an independently produced resource for commentary and analysis. The author has no affiliation with the International ISBN Agency, R.R. Bowker, Library and Archives Canada, the National Press and Publication Administration, or any other national ISBN agency. This work is independently produced under the principle of nominative fair use.",US,,
145,145,4865,How to Win Friends & Influence People,Dale Carnegie,"Carnegie, Dale",,0,0,0,4.22,Gallery Books,Paperback,288,1936,2021-04-17,2023-12-03,,,read,,,,1,0,2025-10-30,NOT_MATURE,"Have you ever wondered why that 13-digit number on the back of a book costs $125 in the United States but is completely free in Canada and India? This book, The Global ISBN Handbook, is your 2025 guide to the International Standard Book Number. It explains everything about this global ""fingerprint"" for books. The ISBN is the most important cornerstone of the publishing industry. It started as a simple warehouse tool in the 1960s. Now, it is a complex digital identifier used in over 200 countries. This handbook deconstructs the entire system. It uses 15 distinct national case studies to do this. You will learn how the old 10-digit system changed to the new 13-digit one. We break down the five parts of the ISBN, from the ""Bookland"" prefix to the final check digit. The book explores the global governance framework, starting with the International ISBN Agency. Then, it dives deep into how different countries run their systems. You'll see the privatized, high-cost model in the United States. You'll compare it to Canada's free, government-run system. We explore the industry-led models in Brazil and Germany. We look at government-run systems in Mexico and India. We even cover the unique case of China, where the ISBN is not a simple identifier but a state-controlled publication license. The book also examines the systems in the UK , France , Russia , Japan , Australia , South Africa , Nigeria , and Egypt. Many books and websites can tell you how to get an ISBN. This handbook is the only resource that explains why the process is so different everywhere you look. It moves beyond a simple ""how-to"" and provides a true global analysis. It directly compares the privatized, for-profit models in the US and UK against the free, public-good systems in Canada and South Africa. You won't just learn the price; you will understand the cultural policies, market structures, and legal philosophies that shape that price. This book shows how the ISBN is a ""global mirror"". It reveals how a simple number can be a commercial product in one nation , a tool of cultural policy in another , and an instrument of state control in a third. This comparative insight is the missing piece for any author, publisher, or researcher trying to navigate the complex international publishing market. Disclaimer: This handbook is an independently produced resource for commentary and analysis. The author has no affiliation with the International ISBN Agency, R.R. Bowker, Library and Archives Canada, the National Press and Publication Administration, or any other national ISBN agency. This work is independently produced under the principle of nominative fair use.",US,,
146,146,6900,"Tuesdays with Morrie: An Old Man, a Young Man, and Life's Greatest Lesson",Mitch Albom,"Albom, Mitch",,0,0,0,4.2,Warner,Paperback,210,1997,2021-04-26,2023-12-03,,,read,,,,1,0,2025-10-30,NOT_MATURE,"Have you ever wondered why that 13-digit number on the back of a book costs $125 in the United States but is completely free in Canada and India? This book, The Global ISBN Handbook, is your 2025 guide to the International Standard Book Number. It explains everything about this global ""fingerprint"" for books. The ISBN is the most important cornerstone of the publishing industry. It started as a simple warehouse tool in the 1960s. Now, it is a complex digital identifier used in over 200 countries. This handbook deconstructs the entire system. It uses 15 distinct national case studies to do this. You will learn how the old 10-digit system changed to the new 13-digit one. We break down the five parts of the ISBN, from the ""Bookland"" prefix to the final check digit. The book explores the global governance framework, starting with the International ISBN Agency. Then, it dives deep into how different countries run their systems. You'll see the privatized, high-cost model in the United States. You'll compare it to Canada's free, government-run system. We explore the industry-led models in Brazil and Germany. We look at government-run systems in Mexico and India. We even cover the unique case of China, where the ISBN is not a simple identifier but a state-controlled publication license. The book also examines the systems in the UK , France , Russia , Japan , Australia , South Africa , Nigeria , and Egypt. Many books and websites can tell you how to get an ISBN. This handbook is the only resource that explains why the process is so different everywhere you look. It moves beyond a simple ""how-to"" and provides a true global analysis. It directly compares the privatized, for-profit models in the US and UK against the free, public-good systems in Canada and South Africa. You won't just learn the price; you will understand the cultural policies, market structures, and legal philosophies that shape that price. This book shows how the ISBN is a ""global mirror"". It reveals how a simple number can be a commercial product in one nation , a tool of cultural policy in another , and an instrument of state control in a third. This comparative insight is the missing piece for any author, publisher, or researcher trying to navigate the complex international publishing market. Disclaimer: This handbook is an independently produced resource for commentary and analysis. The author has no affiliation with the International ISBN Agency, R.R. Bowker, Library and Archives Canada, the National Press and Publication Administration, or any other national ISBN agency. This work is independently produced under the principle of nominative fair use.",US,,
147,147,37781,"Things Fall Apart (The African Trilogy, #1)",Chinua Achebe,"Achebe, Chinua",,0,0,0,3.74,Anchor Books,Paperback,215,1958,2021-05-05,2023-12-03,,,read,,,,1,0,2025-10-30,NOT_MATURE,"Have you ever wondered why that 13-digit number on the back of a book costs $125 in the United States but is completely free in Canada and India? This book, The Global ISBN Handbook, is your 2025 guide to the International Standard Book Number. It explains everything about this global ""fingerprint"" for books. The ISBN is the most important cornerstone of the publishing industry. It started as a simple warehouse tool in the 1960s. Now, it is a complex digital identifier used in over 200 countries. This handbook deconstructs the entire system. It uses 15 distinct national case studies to do this. You will learn how the old 10-digit system changed to the new 13-digit one. We break down the five parts of the ISBN, from the ""Bookland"" prefix to the final check digit. The book explores the global governance framework, starting with the International ISBN Agency. Then, it dives deep into how different countries run their systems. You'll see the privatized, high-cost model in the United States. You'll compare it to Canada's free, government-run system. We explore the industry-led models in Brazil and Germany. We look at government-run systems in Mexico and India. We even cover the unique case of China, where the ISBN is not a simple identifier but a state-controlled publication license. The book also examines the systems in the UK , France , Russia , Japan , Australia , South Africa , Nigeria , and Egypt. Many books and websites can tell you how to get an ISBN. This handbook is the only resource that explains why the process is so different everywhere you look. It moves beyond a simple ""how-to"" and provides a true global analysis. It directly compares the privatized, for-profit models in the US and UK against the free, public-good systems in Canada and South Africa. You won't just learn the price; you will understand the cultural policies, market structures, and legal philosophies that shape that price. This book shows how the ISBN is a ""global mirror"". It reveals how a simple number can be a commercial product in one nation , a tool of cultural policy in another , and an instrument of state control in a third. This comparative insight is the missing piece for any author, publisher, or researcher trying to navigate the complex international publishing market. Disclaimer: This handbook is an independently produced resource for commentary and analysis. The author has no affiliation with the International ISBN Agency, R.R. Bowker, Library and Archives Canada, the National Press and Publication Administration, or any other national ISBN agency. This work is independently produced under the principle of nominative fair use.",US,,
148,148,19351,The Epic of Gilgamesh,Anonymous,"Anonymous, Anonymous","Morris Jastrow Jr., John H. Marks, Herbert Mason, John Maier, N.K. Sandars",0141026286,9780141026282,0,3.75,Penguin Books Limited,Paperback,72,-2000,2021-05-14,2023-12-03,,,read,,,,1,0,2006-12-26,NOT_MATURE,"A great king, strong as the stars in Heaven. Enkidu, a wild and mighty hero, is created by the gods to challenge the arrogant King Gilgamesh. But instead of killing each other, the two become friends. Travelling together to the Cedar Forest, they fight and slay the evil monster Humbaba. But when Enkidu is killed, his death haunts and breaks the mighty Gilgamesh. Terrified of mortality, he resolves to find the secret of eternal life...",US,,
149,149,35959740,Circe,Madeline Miller,"Miller, Madeline",,0316556343,9780316556347,0,4.22,"Little, Brown and Company",Hardcover,393,2018,2021-05-23,2023-12-03,,,read,,,,1,0,2018-04-10,NOT_MATURE,"""A bold and subversive retelling of the goddess's story,"" this #1 New York Times bestseller is ""both epic and intimate in its scope, recasting the most infamous female figure from the Odyssey as a hero in her own right"" (Alexandra Alter, The New York Times). In the house of Helios, god of the sun and mightiest of the Titans, a daughter is born. But Circe is a strange child -- not powerful like her father, nor viciously alluring like her mother. Turning to the world of mortals for companionship, she discovers that she does possess power -- the power of witchcraft, which can transform rivals into monsters and menace the gods themselves. Threatened, Zeus banishes her to a deserted island, where she hones her occult craft, tames wild beasts, and crosses paths with many of the most famous figures in all of mythology, including the Minotaur, Daedalus and his doomed son Icarus, the murderous Medea, and, of course, wily Odysseus. But there is danger, too, for a woman who stands alone and Circe unwittingly draws the wrath of both men and gods, ultimately finding herself pitted against one of the most terrifying and vengeful of the Olympians. To protect what she loves most, Circe must summon all her strength and choose, once and for all, whether she belongs with the gods she is born from, or the mortals she has come to love. With unforgettably vivid characters, mesmerizing language, and page-turning suspense, Circe is a triumph of storytelling, an intoxicating epic of family rivalry, palace intrigue, love and loss, as well as a celebration of indomitable female strength in a man's world. #1 New York Times bestseller -- named one of the best books of the year by NPR, the Washington Post, People, Time, Amazon, Entertainment Weekly, Bustle, Newsweek, the A.V. Club, Christian Science Monitor, Refinery 29, BuzzFeed, Paste, Audible, Kirkus, Publishers Weekly, Thrillist, NYPL, Self, Real Simple, Goodreads, Boston Globe, Electric Literature, BookPage, the Guardian, Book Riot, Seattle Times, and Business Insider",US,,
150,150,10194157,"Shadow and Bone (Shadow and Bone, #1)",Leigh Bardugo,"Bardugo, Leigh",,1250048117,9781250048110,0,3.92,Henry Holt & Company,Hardcover,358,2012,2021-05-31,2023-12-03,,,read,,,,1,0,2012-01-01,NOT_MATURE,"Orphaned by the Border Wars, Alina Starkov is taken from obscurity and her only friend, Mal, to become the protegé of the mysterious Darkling, who trains her to join the magical elite in the belief that she is the Sun Summoner, who can destroy the monsters of the Fold.",US,,
151,151,13623848,The Song of Achilles,Madeline Miller,"Miller, Madeline",,0,0,0,4.3,Ecco,Paperback,408,2011,2021-06-09,2023-12-03,,,read,,,,1,0,2025-10-30,NOT_MATURE,"Have you ever wondered why that 13-digit number on the back of a book costs $125 in the United States but is completely free in Canada and India? This book, The Global ISBN Handbook, is your 2025 guide to the International Standard Book Number. It explains everything about this global ""fingerprint"" for books. The ISBN is the most important cornerstone of the publishing industry. It started as a simple warehouse tool in the 1960s. Now, it is a complex digital identifier used in over 200 countries. This handbook deconstructs the entire system. It uses 15 distinct national case studies to do this. You will learn how the old 10-digit system changed to the new 13-digit one. We break down the five parts of the ISBN, from the ""Bookland"" prefix to the final check digit. The book explores the global governance framework, starting with the International ISBN Agency. Then, it dives deep into how different countries run their systems. You'll see the privatized, high-cost model in the United States. You'll compare it to Canada's free, government-run system. We explore the industry-led models in Brazil and Germany. We look at government-run systems in Mexico and India. We even cover the unique case of China, where the ISBN is not a simple identifier but a state-controlled publication license. The book also examines the systems in the UK , France , Russia , Japan , Australia , South Africa , Nigeria , and Egypt. Many books and websites can tell you how to get an ISBN. This handbook is the only resource that explains why the process is so different everywhere you look. It moves beyond a simple ""how-to"" and provides a true global analysis. It directly compares the privatized, for-profit models in the US and UK against the free, public-good systems in Canada and South Africa. You won't just learn the price; you will understand the cultural policies, market structures, and legal philosophies that shape that price. This book shows how the ISBN is a ""global mirror"". It reveals how a simple number can be a commercial product in one nation , a tool of cultural policy in another , and an instrument of state control in a third. This comparative insight is the missing piece for any author, publisher, or researcher trying to navigate the complex international publishing market. Disclaimer: This handbook is an independently produced resource for commentary and analysis. The author has no affiliation with the International ISBN Agency, R.R. Bowker, Library and Archives Canada, the National Press and Publication Administration, or any other national ISBN agency. This work is independently produced under the principle of nominative fair use.",US,,
152,152,597790,The Children of Húrin,J.R.R. Tolkien,"Tolkien, J.R.R.","Alan  Lee, Christopher Tolkien",0007246226,9780007246229,0,4.06,HarperCollins,Hardcover,315,2007,2021-06-18,2023-12-03,,,read,,,,1,0,2007-01-01,NOT_MATURE,"Morgoth, the first Dark Lord of Middle-Earth, sends a huge wingless dragon to attack the children of his enemy, Húrin.",US,,
153,153,7332,The Silmarillion,J.R.R. Tolkien,"Tolkien, J.R.R.","Christopher Tolkien, Ted Nasmith",0618391118,9780618391110,0,4.03,Houghton Mifflin Company,Hardcover,386,1977,2021-06-27,2023-12-03,,,read,,,,1,0,2004-01-01,NOT_MATURE,"Published posthumously in 1977 to international acclaim, Tolkien's oldest tale of Middle-earth is now available in this revised and expanded volume. This new illustrated edition of ""The Silmarillion,"" containing 48 stunning color paintings by Ted Nasmith, is the most sumptuous ever published.",US,,
154,154,17184,The Invisible Man,H.G. Wells,"Wells, H.G.",Scott Westerfeld,0451528522,9780451528520,0,3.63,New American Library/Penguin Books,Mass Market Paperback,192,1897,2021-07-06,2023-12-03,,,read,,,,1,0,2002-01-01,NOT_MATURE,"A scientist who has discovered a way to make himself invisible unleashes his growing madness and frustrations by terrorizing a small town, in a new edition of the science fiction classic. Reprint.",US,,
155,155,5129,Brave New World,Aldous Huxley,"Huxley, Aldous",,0060929871,9780060929879,0,3.99,HarperPerennial / Perennial Classics,Paperback,288,1932,2021-07-15,2023-12-03,,,read,,,,1,0,1998-09-01,NOT_MATURE,"Huxley's story shows a futuristic World State where all emotion, love, art, and human individuality have been replaced by social stability. An ominous warning to the world's population, this literary classic is a must-read.",US,,
156,156,8908,World War Z: An Oral History of the Zombie War,Max Brooks,"Brooks, Max",,0307346609,9780307346605,0,4.02,Crown,Hardcover,342,2006,2021-07-24,2023-12-03,,,read,,,,1,0,2006-09-12,NOT_MATURE,"#1 NEW YORK TIMES BESTSELLER • “Prepare to be entranced by this addictively readable oral history of the great war between humans and zombies.”—Entertainment Weekly We survived the zombie apocalypse, but how many of us are still haunted by that terrible time? We have (temporarily?) defeated the living dead, but at what cost? Told in the haunting and riveting voices of the men and women who witnessed the horror firsthand, World War Z is the only record of the pandemic. The Zombie War came unthinkably close to eradicating humanity. Max Brooks, driven by the urgency of preserving the acid-etched first-hand experiences of the survivors, traveled across the United States of America and throughout the world, from decimated cities that once teemed with upwards of thirty million souls to the most remote and inhospitable areas of the planet. He recorded the testimony of men, women, and sometimes children who came face-to-face with the living, or at least the undead, hell of that dreadful time. World War Z is the result. Never before have we had access to a document that so powerfully conveys the depth of fear and horror, and also the ineradicable spirit of resistance, that gripped human society through the plague years. THE INSPIRATION FOR THE MAJOR MOTION PICTURE “Will spook you for real.”—The New York Times Book Review “Possesses more creativity and zip than entire crates of other new fiction titles. Think Mad Max meets The Hot Zone. . . . It’s Apocalypse Now, pandemic-style. Creepy but fascinating.”—USA Today “Will grab you as tightly as a dead man’s fist. A.”—Entertainment Weekly, EW Pick “Probably the most topical and literate scare since Orson Welles’s War of the Worlds radio broadcast . . . This is action-packed social-political satire with a global view.”—Dallas Morning News",US,,
157,157,43263680,"Ninth House (Alex Stern, #1)",Leigh Bardugo,"Bardugo, Leigh",,1250313074,9781250313072,0,4.0,Flatiron Books,Hardcover,461,2019,2021-08-02,2023-12-03,,,read,,,,1,0,2019-10-08,NOT_MATURE,"The mesmerizing adult debut from Leigh Bardugo, a tale of power, privilege, dark magic, and murder set among the Ivy League elite Galaxy “Alex” Stern is the most unlikely member of Yale’s freshman class. Raised in the Los Angeles hinterlands by a hippie mom, Alex dropped out of school early and into a world of shady drug-dealer boyfriends, dead-end jobs, and much, much worse. In fact, by age twenty, she is the sole survivor of a horrific, unsolved multiple homicide. Some might say she’s thrown her life away. But at her hospital bed, Alex is offered a second chance: to attend one of the world’s most prestigious universities on a full ride. What’s the catch, and why her? Still searching for answers, Alex arrives in New Haven tasked by her mysterious benefactors with monitoring the activities of Yale’s secret societies. Their eight windowless “tombs” are the well-known haunts of the rich and powerful, from high-ranking politicos to Wall Street’s biggest players. But their occult activities are more sinister and more extraordinary than any paranoid imagination might conceive. They tamper with forbidden magic. They raise the dead. And, sometimes, they prey on the living.",US,,
158,158,2493,The Time Machine,H.G. Wells,"Wells, H.G.","Carlo Pagetti, Greg Bear",0,0,0,3.89,Signet Classics,Paperback,118,1895,2021-08-10,2023-12-03,,,read,,,,1,0,2025-10-30,NOT_MATURE,"Have you ever wondered why that 13-digit number on the back of a book costs $125 in the United States but is completely free in Canada and India? This book, The Global ISBN Handbook, is your 2025 guide to the International Standard Book Number. It explains everything about this global ""fingerprint"" for books. The ISBN is the most important cornerstone of the publishing industry. It started as a simple warehouse tool in the 1960s. Now, it is a complex digital identifier used in over 200 countries. This handbook deconstructs the entire system. It uses 15 distinct national case studies to do this. You will learn how the old 10-digit system changed to the new 13-digit one. We break down the five parts of the ISBN, from the ""Bookland"" prefix to the final check digit. The book explores the global governance framework, starting with the International ISBN Agency. Then, it dives deep into how different countries run their systems. You'll see the privatized, high-cost model in the United States. You'll compare it to Canada's free, government-run system. We explore the industry-led models in Brazil and Germany. We look at government-run systems in Mexico and India. We even cover the unique case of China, where the ISBN is not a simple identifier but a state-controlled publication license. The book also examines the systems in the UK , France , Russia , Japan , Australia , South Africa , Nigeria , and Egypt. Many books and websites can tell you how to get an ISBN. This handbook is the only resource that explains why the process is so different everywhere you look. It moves beyond a simple ""how-to"" and provides a true global analysis. It directly compares the privatized, for-profit models in the US and UK against the free, public-good systems in Canada and South Africa. You won't just learn the price; you will understand the cultural policies, market structures, and legal philosophies that shape that price. This book shows how the ISBN is a ""global mirror"". It reveals how a simple number can be a commercial product in one nation , a tool of cultural policy in another , and an instrument of state control in a third. This comparative insight is the missing piece for any author, publisher, or researcher trying to navigate the complex international publishing market. Disclaimer: This handbook is an independently produced resource for commentary and analysis. The author has no affiliation with the International ISBN Agency, R.R. Bowker, Library and Archives Canada, the National Press and Publication Administration, or any other national ISBN agency. This work is independently produced under the principle of nominative fair use.",US,,
159,159,7015403,The Gifts of Imperfection,Brené Brown,"Brown, Brené",,159285849X,9781592858491,0,4.25,Hazelden,Paperback,137,2010,2021-08-19,2023-12-03,,,read,,,,1,0,2010-08-27,NOT_MATURE,The Gifts of Imperfection,US,,
160,160,13588356,"Daring Greatly: How the Courage to Be Vulnerable Transforms the Way We Live, Love, Parent, and Lead",Brené Brown,"Brown, Brené",,1592407331,9781592407330,0,4.29,Avery,Hardcover,287,2012,2021-08-28,2023-12-03,,,read,,,,1,0,2012-09-11,NOT_MATURE,"Based on twelve years of research, thought leader Dr. Brene? Brown argues that vulnerability is not weakness, but rather our clearest path to courage, engagement, and meaningful connection.",US,,
161,161,33,The Lord of the Rings,J.R.R. Tolkien,"Tolkien, J.R.R.",Alan Lee,0618640150,9780618640157,0,4.54,Houghton Mifflin Harcourt,Paperback,1216,1954,2021-09-06,2023-12-03,,,read,,,,1,0,2005-10-01,NOT_MATURE,"Presents the epic depicting the Great War of the Ring, a struggle between good and evil in Middle-earth, following the odyssey of Frodo the hobbit and his companions on a quest to destroy the Ring of Power, in a special anniversary volume containing the corrected text of all three volumes of the seminal fantasy trilogy, complemented by maps and cover art by acclaimed artist Alan Lee. Simultaneous.",US,,
162,162,23613,"Sir Gawain and the Green Knight, Pearl, and Sir Orfeo",J.R.R. Tolkien,"Tolkien, J.R.R.",Christopher Tolkien,0,0,0,3.98,HarperCollins Publishers,Paperback,158,1975,2021-09-15,2023-12-03,,,read,,,,1,0,2025-10-30,NOT_MATURE,"Have you ever wondered why that 13-digit number on the back of a book costs $125 in the United States but is completely free in Canada and India? This book, The Global ISBN Handbook, is your 2025 guide to the International Standard Book Number. It explains everything about this global ""fingerprint"" for books. The ISBN is the most important cornerstone of the publishing industry. It started as a simple warehouse tool in the 1960s. Now, it is a complex digital identifier used in over 200 countries. This handbook deconstructs the entire system. It uses 15 distinct national case studies to do this. You will learn how the old 10-digit system changed to the new 13-digit one. We break down the five parts of the ISBN, from the ""Bookland"" prefix to the final check digit. The book explores the global governance framework, starting with the International ISBN Agency. Then, it dives deep into how different countries run their systems. You'll see the privatized, high-cost model in the United States. You'll compare it to Canada's free, government-run system. We explore the industry-led models in Brazil and Germany. We look at government-run systems in Mexico and India. We even cover the unique case of China, where the ISBN is not a simple identifier but a state-controlled publication license. The book also examines the systems in the UK , France , Russia , Japan , Australia , South Africa , Nigeria , and Egypt. Many books and websites can tell you how to get an ISBN. This handbook is the only resource that explains why the process is so different everywhere you look. It moves beyond a simple ""how-to"" and provides a true global analysis. It directly compares the privatized, for-profit models in the US and UK against the free, public-good systems in Canada and South Africa. You won't just learn the price; you will understand the cultural policies, market structures, and legal philosophies that shape that price. This book shows how the ISBN is a ""global mirror"". It reveals how a simple number can be a commercial product in one nation , a tool of cultural policy in another , and an instrument of state control in a third. This comparative insight is the missing piece for any author, publisher, or researcher trying to navigate the complex international publishing market. Disclaimer: This handbook is an independently produced resource for commentary and analysis. The author has no affiliation with the International ISBN Agency, R.R. Bowker, Library and Archives Canada, the National Press and Publication Administration, or any other national ISBN agency. This work is independently produced under the principle of nominative fair use.",US,,
163,163,13497818,The Casual Vacancy,J.K. Rowling,"Rowling, J.K.",,0316228532,9780316228534,0,3.31,"Little, Brown and Company",Hardcover,503,2012,2021-09-24,2023-12-03,,,read,,,,1,0,2012-09-27,NOT_MATURE,"A big novel about a small town... When Barry Fairbrother dies in his early forties, the town of Pagford is left in shock. Pagford is, seemingly, an English idyll, with a cobbled market square and an ancient abbey, but what lies behind the pretty façade is a town at war. Rich at war with poor, teenagers at war with their parents, wives at war with their husbands, teachers at war with their pupils...Pagford is not what it first seems. And the empty seat left by Barry on the parish council soon becomes the catalyst for the biggest war the town has yet seen. Who will triumph in an election fraught with passion, duplicity, and unexpected revelations? A big novel about a small town, The Casual Vacancy is J.K. Rowling's first novel for adults. It is the work of a storyteller like no other.",US,,
164,164,61439040,1984,George Orwell,"Orwell, George",Thomas Pynchon,0452284236,9780452284234,0,4.2,Plume,Paperback,368,1949,2021-10-03,2023-12-03,,,read,,,,1,0,,,,,,
165,165,43306206,"The Courage to Be Disliked: How to Free Yourself, Change Your Life and Achieve Real Happiness",Ichiro Kishimi,"Kishimi, Ichiro",Fumitake Koga,0,0,0,3.92,Allen & Unwin,Paperback,288,2013,2021-10-12,2023-12-03,,,read,,,,1,0,2025-10-30,NOT_MATURE,"Have you ever wondered why that 13-digit number on the back of a book costs $125 in the United States but is completely free in Canada and India? This book, The Global ISBN Handbook, is your 2025 guide to the International Standard Book Number. It explains everything about this global ""fingerprint"" for books. The ISBN is the most important cornerstone of the publishing industry. It started as a simple warehouse tool in the 1960s. Now, it is a complex digital identifier used in over 200 countries. This handbook deconstructs the entire system. It uses 15 distinct national case studies to do this. You will learn how the old 10-digit system changed to the new 13-digit one. We break down the five parts of the ISBN, from the ""Bookland"" prefix to the final check digit. The book explores the global governance framework, starting with the International ISBN Agency. Then, it dives deep into how different countries run their systems. You'll see the privatized, high-cost model in the United States. You'll compare it to Canada's free, government-run system. We explore the industry-led models in Brazil and Germany. We look at government-run systems in Mexico and India. We even cover the unique case of China, where the ISBN is not a simple identifier but a state-controlled publication license. The book also examines the systems in the UK , France , Russia , Japan , Australia , South Africa , Nigeria , and Egypt. Many books and websites can tell you how to get an ISBN. This handbook is the only resource that explains why the process is so different everywhere you look. It moves beyond a simple ""how-to"" and provides a true global analysis. It directly compares the privatized, for-profit models in the US and UK against the free, public-good systems in Canada and South Africa. You won't just learn the price; you will understand the cultural policies, market structures, and legal philosophies that shape that price. This book shows how the ISBN is a ""global mirror"". It reveals how a simple number can be a commercial product in one nation , a tool of cultural policy in another , and an instrument of state control in a third. This comparative insight is the missing piece for any author, publisher, or researcher trying to navigate the complex international publishing market. Disclaimer: This handbook is an independently produced resource for commentary and analysis. The author has no affiliation with the International ISBN Agency, R.R. Bowker, Library and Archives Canada, the National Press and Publication Administration, or any other national ISBN agency. This work is independently produced under the principle of nominative fair use.",US,,
166,166,5107,The Catcher in the Rye,J.D. Salinger,"Salinger, J.D.",,0316769177,9780316769174,0,3.8,Back Bay Books,Paperback,277,1951,2021-10-20,2023-12-03,,,read,,,,1,0,2001-01-30,NOT_MATURE,"The ""brilliant, funny, meaningful novel"" (The New Yorker) that established J. D. Salinger as a leading voice in American literature--and that has instilled in millions of readers around the world a lifelong love of books. ""If you really want to hear about it, the first thing you'll probably want to know is where I was born, and what my lousy childhood was like, and how my parents were occupied and all before they had me, and all that David Copperfield kind of crap, but I don't feel like going into it, if you want to know the truth."" The hero-narrator of The Catcher in the Rye is an ancient child of sixteen, a native New Yorker named Holden Caufield. Through circumstances that tend to preclude adult, secondhand description, he leaves his prep school in Pennsylvania and goes underground in New York City for three days.",US,,
167,167,7624,Lord of the Flies,William Golding,"Golding, William",,0140283331,9780140283334,0,3.7,Penguin Books,Paperback,182,1954,2021-10-29,2023-12-03,,,read,,,,1,0,1999-10-01,NOT_MATURE,"Lord of the Flies remains as provocative today as when it was first published in 1954, igniting passionate debate with its startling, brutal portrait of human nature. Though critically acclaimed, it was largely ignored upon its initial publication. Yet soon it became a cult favorite among both students and literary critics who compared it to J.D. Salinger's The Catcher in the Rye in its influence on modern thought and literature. William Golding's compelling story about a group of very ordinary small boys marooned on a coral island has become a modern classic. At first it seems as though it is all going to be great fun; but the fun before long becomes furious and life on the island turns into a nightmare of panic and death. As ordinary standards of behaviour collapse, the whole world the boys know collapses with them—the world of cricket and homework and adventure stories—and another world is revealed beneath, primitive and terrible. Labeled a parable, an allegory, a myth, a morality tale, a parody, a political treatise, even a vision of the apocalypse, Lord of the Flies has established itself as a true classic. ""Lord of the Flies is one of my favorite books. That was a big influence on me as a teenager, I still read it every couple of years."" —Suzanne Collins, author of The Hunger Games ""As exciting, relevant, and thought-provoking now as it was when Golding published it in 1954."" —Stephen King",US,,
168,168,45869112,The Bear,Andrew Krivak,"Krivak, Andrew",,1942658702,9781942658702,0,3.9,Bellevue Literary Press,Paperback,224,2020,2021-11-07,2023-12-03,,,read,,,,1,0,2020-01-01,NOT_MATURE,"In an Edenic future, a girl and her father live close to the land in the shadow of a lone mountain. They possess a few remnants of civilization: some books, a pane of glass, a set of flint and steel, a comb. The father teaches the girl how to fish and hunt, the secrets of the seasons and the stars. He is preparing her for an adulthood in harmony with nature, for they are the last of humankind. But when the girl finds herself alone in an unknown landscape, it is a bear that will lead her backhome through a vast wilderness that offers the greatest lessons of all, if she can only learn to listen. A cautionary tale of human fragility, of love and loss,The Bear is a stunning tribute to the beauty of nature's dominion.",US,,
169,169,153747,"Moby-Dick or, The Whale",Herman Melville,"Melville, Herman","Tom Quirk, Andrew Delbanco",0142437247,9780142437247,0,3.56,Penguin Classics,Paperback,720,1851,2021-11-16,2023-12-03,,,read,,,,1,0,2002-12-31,NOT_MATURE,"Herman Melville’s masterpiece of obsession and the untamed sea, one of the greatest works of imagination in literary history—featuring an introduction by Andrew Delbanco and notes by Tom Quirk. This edition features the Northwestern-Newberry edition of Melville's text, approved by the Center for Scholarly Editions and the Center for Editions of American Authors of the MLA. Nominated as one of America’s best-loved novels by PBS’s The Great American Read Moby-Dick still stands as an indisputable literary classic. It is the story of an eerily compelling madman pursuing an unholy war against a creature as vast and dangerous and unknowable as the sea itself. But more than just a novel of adventure, more than an encyclopedia of whaling lore and legend, Moby-Dick is a haunting, mesmerizing, and important social commentary populated with several of the most unforgettable and enduring characters in literature. Written with wonderfully redemptive humor, Moby-Dick is a profound and timeless inquiry into character, faith, and the nature of perception. Penguin Classics is the leading publisher of classic literature in the English-speaking world, representing a global bookshelf of the best works throughout history and across genres and disciplines. Readers trust the series to provide authoritative texts enhanced by introductions and notes by distinguished scholars and contemporary authors, as well as up-to-date translations by award-winning translators.",US,,
170,170,6892870,"The Girl Who Kicked the Hornet’s Nest (Millennium, #3)",Stieg Larsson,"Larsson, Stieg",Reg Keeland,030726999X,9780307269997,0,4.24,Knopf,Hardcover,566,2007,2021-11-25,2023-12-03,,,read,,,,1,0,2010-01-01,NOT_MATURE,"While recovering in the hospital, Lisbeth Salander enlists the aid of journalist Mikael Blomkvist to prove her innocent of three murders and identify the corrupt politicians who have allowed her to suffer, and, on her own, Lisbeth plots revenge against the man who tried to kill her. By the best-selling author of The Girl Who Played With Fire.",US,,
171,171,13624688,The Time Keeper,Mitch Albom,"Albom, Mitch",,1401322786,9781401322786,0,3.9,Hyperion,Hardcover,224,2012,2021-12-04,2023-12-03,,,read,,,,1,0,2012-09-04,NOT_MATURE,"Given one last chance at redemption, Father Time, the inventor of the world's first clock, must teach two earthly people the true meaning of time – a journey that leads him to a teenage girl who is about to give up on life and a wealthy businessman who wants to live forever. 1.5 million first printing.",US,,
172,172,375802,"Ender’s Game (Ender's Saga, #1)",Orson Scott Card,"Card, Orson Scott",,0812550706,9780812550702,0,4.31,Tor,Mass Market Paperback,324,1985,2021-12-13,2023-12-03,,,read,,,,1,0,1994-07-15,NOT_MATURE,"From New York Times bestselling author Orson Scott Card, Ender's Game—adapted to film in 2013 starring Asa Butterfield and Harrison Ford—is the classic Hugo and Nebula award-winning science fiction novel of a young boy's recruitment into the midst of an interstellar war. In order to develop a secure defense against a hostile alien race's next attack, government agencies breed child geniuses and train them as soldiers. A brilliant young boy, Andrew ""Ender"" Wiggin lives with his kind but distant parents, his sadistic brother Peter, and the person he loves more than anyone else, his sister Valentine. Peter and Valentine were candidates for the soldier-training program but didn't make the cut—young Ender is the Wiggin drafted to the orbiting Battle School for rigorous military training. Ender's skills make him a leader in school and respected in the Battle Room, where children play at mock battles in zero gravity. Yet growing up in an artificial community of young soldiers Ender suffers greatly from isolation, rivalry from his peers, pressure from the adult teachers, and an unsettling fear of the alien invaders. His psychological battles include loneliness, fear that he is becoming like the cruel brother he remembers, and fanning the flames of devotion to his beloved sister. Is Ender the general Earth needs? But Ender is not the only result of the genetic experiments. The war with the Buggers has been raging for a hundred years, and the quest for the perfect general has been underway for almost as long. Ender's two older siblings are every bit as unusual as he is, but in very different ways. Between the three of them lie the abilities to remake a world. If, that is, the world survives. Orson Scott Card's Ender's Game is the winner of the 1985 Nebula Award for Best Novel and the 1986 Hugo Award for Best Novel. THE ENDER UNIVERSE Ender series Ender’s Game / Ender in Exile / Speaker for the Dead / Xenocide / Children of the Mind Ender’s Shadow series Ender’s Shadow / Shadow of the Hegemon / Shadow Puppets / Shadow of the Giant / Shadows in Flight Children of the Fleet The First Formic War (with Aaron Johnston) Earth Unaware / Earth Afire / Earth Awakens The Second Formic War (with Aaron Johnston) The Swarm /The Hive Ender novellas A War of Gifts /First Meetings",US,,
173,173,34002132,"Oathbringer (The Stormlight Archive, #3)",Brandon Sanderson,"Sanderson, Brandon",,0,0,0,4.61,Tor Books,Hardcover,1248,2017,2021-12-22,2023-12-03,,,read,,,,1,0,2025-10-30,NOT_MATURE,"Have you ever wondered why that 13-digit number on the back of a book costs $125 in the United States but is completely free in Canada and India? This book, The Global ISBN Handbook, is your 2025 guide to the International Standard Book Number. It explains everything about this global ""fingerprint"" for books. The ISBN is the most important cornerstone of the publishing industry. It started as a simple warehouse tool in the 1960s. Now, it is a complex digital identifier used in over 200 countries. This handbook deconstructs the entire system. It uses 15 distinct national case studies to do this. You will learn how the old 10-digit system changed to the new 13-digit one. We break down the five parts of the ISBN, from the ""Bookland"" prefix to the final check digit. The book explores the global governance framework, starting with the International ISBN Agency. Then, it dives deep into how different countries run their systems. You'll see the privatized, high-cost model in the United States. You'll compare it to Canada's free, government-run system. We explore the industry-led models in Brazil and Germany. We look at government-run systems in Mexico and India. We even cover the unique case of China, where the ISBN is not a simple identifier but a state-controlled publication license. The book also examines the systems in the UK , France , Russia , Japan , Australia , South Africa , Nigeria , and Egypt. Many books and websites can tell you how to get an ISBN. This handbook is the only resource that explains why the process is so different everywhere you look. It moves beyond a simple ""how-to"" and provides a true global analysis. It directly compares the privatized, for-profit models in the US and UK against the free, public-good systems in Canada and South Africa. You won't just learn the price; you will understand the cultural policies, market structures, and legal philosophies that shape that price. This book shows how the ISBN is a ""global mirror"". It reveals how a simple number can be a commercial product in one nation , a tool of cultural policy in another , and an instrument of state control in a third. This comparative insight is the missing piece for any author, publisher, or researcher trying to navigate the complex international publishing market. Disclaimer: This handbook is an independently produced resource for commentary and analysis. The author has no affiliation with the International ISBN Agency, R.R. Bowker, Library and Archives Canada, the National Press and Publication Administration, or any other national ISBN agency. This work is independently produced under the principle of nominative fair use.",US,,
174,174,8909,The War of the Worlds,H.G. Wells,"Wells, H.G.",Arthur C. Clarke,0375759239,9780375759239,0,3.83,Random House Publishing Group,Paperback,192,1898,2021-12-31,2023-12-03,,,read,,,,1,0,2002-03-12,NOT_MATURE,"An English astronomer, in company with an artilleryman, a country curate, and others, struggle to survive the invasion of Earth by Martians in 1894.",US,,
175,175,26082916,"Ready Player Two (Ready Player One, #2)",Ernest Cline,"Cline, Ernest",,1524761338,9781524761332,0,3.44,Ballantine Books,Hardcover,370,2020,2020-01-06,2023-12-03,,,read,,,,1,0,2020-11-24,NOT_MATURE,"#1 NEW YORK TIMES BESTSELLER • The thrilling sequel to the beloved worldwide bestseller Ready Player One, the near-future adventure that inspired the blockbuster Steven Spielberg film. NAMED ONE OF THE BEST BOOKS OF THE YEAR BY THE WASHINGTON POST • “The game is on again. . . . A great mix of exciting fantasy and threatening fact.”—The Wall Street Journal AN UNEXPECTED QUEST. TWO WORLDS AT STAKE. ARE YOU READY? Days after winning OASIS founder James Halliday’s contest, Wade Watts makes a discovery that changes everything. Hidden within Halliday’s vaults, waiting for his heir to find, lies a technological advancement that will once again change the world and make the OASIS a thousand times more wondrous—and addictive—than even Wade dreamed possible. With it comes a new riddle, and a new quest—a last Easter egg from Halliday, hinting at a mysterious prize. And an unexpected, impossibly powerful, and dangerous new rival awaits, one who’ll kill millions to get what he wants. Wade’s life and the future of the OASIS are again at stake, but this time the fate of humanity also hangs in the balance. Lovingly nostalgic and wildly original as only Ernest Cline could conceive it, Ready Player Two takes us on another imaginative, fun, action-packed adventure through his beloved virtual universe, and jolts us thrillingly into the future once again.",US,,
176,176,17332218,"Words of Radiance (The Stormlight Archive, #2)",Brandon Sanderson,"Sanderson, Brandon",,0765326361,9780765326362,0,4.76,Tor Books,Hardcover,1088,2014,2020-01-12,2023-12-03,,,read,,,,1,0,2014-03-04,NOT_MATURE,"""The war with the Parshendi moves into a new, dangerous phase, as Dalinar leads the human armies deep into the heart of the Shattered Plains. Meanwhile Shallan searches for the legendary city of Urithuru, and Kaladin, leader of the restored Knights Radiant, masters the powers of a Windrunner.""--Publisher's description.",US,,
177,177,7235533,"The Way of Kings (The Stormlight Archive, #1)",Brandon Sanderson,"Sanderson, Brandon",,0765326353,9780765326355,0,4.66,Tor Books,Hardcover,1007,2010,2020-01-18,2023-12-03,,,read,,,,1,0,2010-08-31,NOT_MATURE,"From #1 New York Times bestselling author Brandon Sanderson, The Way of Kings, Book One of the Stormlight Archive begins an incredible new saga of epic proportion. Roshar is a world of stone and storms. Uncanny tempests of incredible power sweep across the rocky terrain so frequently that they have shaped ecology and civilization alike. Animals hide in shells, trees pull in branches, and grass retracts into the soilless ground. Cities are built only where the topography offers shelter. It has been centuries since the fall of the ten consecrated orders known as the Knights Radiant, but their Shardblades and Shardplate remain: mystical swords and suits of armor that transform ordinary men into near-invincible warriors. Men trade kingdoms for Shardblades. Wars were fought for them, and won by them. One such war rages on a ruined landscape called the Shattered Plains. There, Kaladin, who traded his medical apprenticeship for a spear to protect his little brother, has been reduced to slavery. In a war that makes no sense, where ten armies fight separately against a single foe, he struggles to save his men and to fathom the leaders who consider them expendable. Brightlord Dalinar Kholin commands one of those other armies. Like his brother, the late king, he is fascinated by an ancient text called The Way of Kings. Troubled by over-powering visions of ancient times and the Knights Radiant, he has begun to doubt his own sanity. Across the ocean, an untried young woman named Shallan seeks to train under an eminent scholar and notorious heretic, Dalinar's niece, Jasnah. Though she genuinely loves learning, Shallan's motives are less than pure. As she plans a daring theft, her research for Jasnah hints at secrets of the Knights Radiant and the true cause of the war. The result of over ten years of planning, writing, and world-building, The Way of Kings is but the opening movement of the Stormlight Archive, a bold masterpiece in the making. Speak again the ancient oaths: Life before death. Strength before weakness. Journey before Destination. and return to men the Shards they once bore. The Knights Radiant must stand again. Other Tor books by Brandon Sanderson The Cosmere The Stormlight Archive The Way of Kings Words of Radiance Edgedancer (Novella) Oathbringer (forthcoming) The Mistborn trilogy Mistborn: The Final Empire The Well of Ascension The Hero of Ages Mistborn: The Wax and Wayne series Alloy of Law Shadows of Self Bands of Mourning Collection Arcanum Unbounded Other Cosmere novels Elantris Warbreaker The Alcatraz vs. the Evil Librarians series Alcatraz vs. the Evil Librarians The Scrivener's Bones The Knights of Crystallia The Shattered Lens The Dark Talent The Rithmatist series The Rithmatist Other books by Brandon Sanderson The Reckoners Steelheart Firefight Calamity",US,,
178,178,9590632,Leche,R. Zamora Linmark,"Linmark, R. Zamora",,1566892546,9781566892544,0,3.7,Coffee House Press,Paperback,361,2011,2020-01-24,2023-12-03,,,read,,,,1,0,2011-01-01,NOT_MATURE,A young Filipino American's riotous adventures through the sprawling tragicomic landscape of modern-day Manila.,US,,
179,179,873809,Chapterhouse Dune (Dune #6),Frank Herbert,"Herbert, Frank",,0450058867,9780450058868,0,3.86,New English Library,Mass Market Paperback,476,1985,2020-01-30,2023-12-03,,,read,,,,1,0,1985-01-01,NOT_MATURE,"A beautiful new hardcover package for the ""exciting and gripping"" (""Kirkus Reviews"") ""New York Times"" bestselling science fiction classic. The desert planet Arrakis, called Dune, has been destroyed. The remnants of the Old Empire have been consumed by the violent matriarchal cult known as the Honored Matres. Only one faction remains a viable threat to their total conquest-the Bene Gesserit, heirs to Dune's power. Under the leadership of Mother Superior Darwi Odrade, the Bene Gesserit have colonized a green world on the planet Chapterhouse, and are turning it into a desert, mile by scorched mile. And once they've mastered breeding sandworms, the Sisterhood will control the production of the greatest commodity in the known galaxy-the spice Melange. But their true weapon remains a man who has lived countless lifetimes-a man who served under the God Emperor Paul Muad'Dib.",US,,
180,180,44492287,Heretics of Dune (Dune #5),Frank Herbert,"Herbert, Frank",,0593098269,9780593098264,0,3.85,Ace,Paperback,669,1984,2020-02-05,2023-12-03,,,read,,,,1,0,2019-06-04,NOT_MATURE,"Book Five in the Magnificent Dune Chronicles—the Bestselling Science Fiction Adventure of All Time Leto Atreides, the God Emperor of Dune, is dead. In the fifteen hundred years since his passing, the Empire has fallen into ruin. The great Scattering saw millions abandon the crumbling civilization and spread out beyond the reaches of known space. The planet Arrakis—now called Rakis—has reverted to its desert climate, and its great sandworms are dying. Now the Lost Ones are returning home in pursuit of power. And as these factions vie for control over the remnants of the Empire, a girl named Sheeana rises to prominence in the wastelands of Rakis, sending religious fervor throughout the galaxy. For she possesses the abilities of the Fremen sandriders—fulfilling a prophecy foretold by the late God Emperor....",US,,
181,181,40293,Pastwatch: The Redemption of Christopher Columbus,Orson Scott Card,"Card, Orson Scott",,0812508645,9780812508642,0,3.97,Tor,Mass Market Paperback,402,1996,2020-02-11,2023-12-03,,,read,,,,1,0,1997-02-15,NOT_MATURE,"In one of the most powerful and thought-provoking novels of his remarkable career, Orson Scott Card interweaves a compelling portrait of Christopher Columbus with the story of a future scientist who believes she can alter human history from a tragedy of bloodshed and brutality to a world filled with hope and healing.",US,,
182,182,76658,"On a Pale Horse (Incarnations of Immortality, #1)",Piers Anthony,"Anthony, Piers",,0345338588,9780345338587,0,4.13,Del Rey,Paperback,325,1983,2020-02-17,2023-12-03,,,read,,,,1,0,1986-09-12,NOT_MATURE,"In this first novel of the Incarnations of Immortality, Piers Anthony combines a gripping story of romance and conflicting loyalties with a deeply moving examination of the meaning of life and death. This is a novel that will long linger in the reader's mind. Shooting Death was a mistake, as Zane soon discovered. For the man who killed the Incarnation of Death was immediately forced to assume the vacant position! Thereafter, he must speed over the world, riding his pale horse, and ending the lives of others. Zane was forced to accept his unwelcome task, despite the rules that seemed woefully unfair. But then he found himself being drawn into an evil plot of Satan. Already the prince of Evil was forging a trap in which Zane must act to destroy Luna, the woman he loved. He could see only one possible way to defeat the Father of Lies. It was unthinkable—but he had no other solution!",US,,
183,183,29100194,Against Empathy: The Case for Rational Compassion,Paul Bloom,"Bloom, Paul",,0062339338,9780062339331,0,3.58,Ecco,Hardcover,285,2016,2020-02-22,2023-12-03,,,read,,,,1,0,2016-12-06,NOT_MATURE,"New York Post Best Book of 2016 We often think of our capacity to experience the suffering of others as the ultimate source of goodness. Many of our wisest policy-makers, activists, scientists, and philosophers agree that the only problem with empathy is that we don’t have enough of it. Nothing could be farther from the truth, argues Yale researcher Paul Bloom. In AGAINST EMPATHY, Bloom reveals empathy to be one of the leading motivators of inequality and immorality in society. Far from helping us to improve the lives of others, empathy is a capricious and irrational emotion that appeals to our narrow prejudices. It muddles our judgment and, ironically, often leads to cruelty. We are at our best when we are smart enough not to rely on it, but to draw instead upon a more distanced compassion. Basing his argument on groundbreaking scientific findings, Bloom makes the case that some of the worst decisions made by individuals and nations—who to give money to, when to go to war, how to respond to climate change, and who to imprison—are too often motivated by honest, yet misplaced, emotions. With precision and wit, he demonstrates how empathy distorts our judgment in every aspect of our lives, from philanthropy and charity to the justice system; from medical care and education to parenting and marriage. Without empathy, Bloom insists, our decisions would be clearer, fairer, and—yes—ultimately more moral. Brilliantly argued, urgent and humane, AGAINST EMPATHY shows us that, when it comes to both major policy decisions and the choices we make in our everyday lives, limiting our impulse toward empathy is often the most compassionate choice we can make.",US,,
184,184,849380,The Seven Principles for Making Marriage Work: A Practical Guide from the Country's Foremost Relationship Expert,John M. Gottman,"Gottman, John M.",Nan Silver,0609805797,9780609805794,0,4.26,Harmony,Paperback,271,1999,2020-02-28,2023-12-03,,,read,,,,1,0,1999-01-01,NOT_MATURE,"John Gottman has revolutionized the study of marriage by using rigorous scientific procedures to observe the habits of married couples in unprecedented detail over many years. Here is the culmination of his life's work: the seven principles that guide couples on the path toward a harmonious and long-lasting relationship. Packed with practical questionnaires and exercises, The Seven Principles for Making Marriage Work is the definitive guide for anyone who wants their relationship to attain its highest potential.",US,,
185,185,26152839,"The Fork, the Witch, and the Worm: Eragon (Tales from Alagaësia #1; The Inheritance Cycle World)",Christopher Paolini,"Paolini, Christopher",,1984894889,9781984894885,0,3.81,Knopf Books for Young Readers,ebook,288,2018,2020-03-05,2023-12-03,,,read,,,,1,0,2018-12-31,NOT_MATURE,"Don’t miss the eagerly anticipated epic new fantasy from Christopher Paolini—Murtagh! Relish the incomparable imagination of Christopher Paolini in this thrilling collection of stories based in the world of Eragon and the internationally bestselling Inheritance Cycle. ""Christopher Paolini is a true rarity."" —The Washington Post A wanderer and a cursed child. Spells and magic. And dragons, of course. Welcome back to the world of Alagaësia. It's been a year since Eragon departed Alagaësia in search of the perfect home to train a new generation of Dragon Riders. When a vision from the Eldunarí, unexpected visitors, and an exciting Urgal legend surface, Eragon is faced with a much-needed distraction that may lead to a new perspective. This volume features three original stories set in Alagaësia, interspersed with scenes from Eragon's own unfolding adventure. Included is an excerpt from the memoir of the unforgettable witch and fortune-teller Angela the herbalist . . . penned by Angela Paolini, the inspiration for the character, herself! Also includes four new pieces of original art by the author!",US,9.99,USD
186,186,44439415,God Emperor of Dune (Dune #4),Frank Herbert,"Herbert, Frank",,0593098250,9780593098257,0,3.88,Ace,Paperback,587,1981,2020-03-11,2023-12-03,,,read,,,,1,0,2019-06-04,NOT_MATURE,"Book Four in the Magnificent Dune Chronicles—the Bestselling Science Fiction Adventure of All Time Millennia have passed on Arrakis, and the once-desert planet is green with life. Leto Atreides, the son of the world’s savior, the Emperor Paul Muad’Dib, is still alive but far from human. To preserve humanity’s future, he sacrificed his own by merging with a sandworm, granting him near immortality as God Emperor of Dune for the past thirty-five hundred years. Leto’s rule is not a benevolent one. His transformation has made not only his appearance but his morality inhuman. A rebellion, led by Siona, a member of the Atreides family, has risen to oppose the despot’s rule. But Siona is unaware that Leto’s vision of a Golden Path for humanity requires her to fulfill a destiny she never wanted—or could possibly conceive....",US,,
187,187,10239382,The Ritual,Adam L.G. Nevill,"Nevill, Adam L.G.",,0230754929,9780230754928,0,3.56,Pan Publishing,Paperback,418,2011,2020-03-17,2023-12-03,,,read,,,,1,0,2011-01-01,NOT_MATURE,"When four old university friends set off into the Scandinavian wilderness of the Arctic Circle, they aim to briefly escape the problems of their lives and reconnect with one another. But when Luke, the only man still single and living a precarious existence, finds he has little left in common with his friends, tensions rise.",US,,
188,188,44492286,Children of Dune (Dune #3),Frank Herbert,"Herbert, Frank",,0593098242,9780593098240,0,3.95,Ace,Paperback,609,1976,2020-03-23,2023-12-03,,,read,,,,1,0,2019-06-04,NOT_MATURE,"Book Three in the Magnificent Dune Chronicles—the Bestselling Science Fiction Adventure of All Time The Children of Dune are twin siblings Leto and Ghanima Atreides, whose father, the Emperor Paul Muad’Dib, disappeared in the desert wastelands of Arrakis nine years ago. Like their father, the twins possess supernormal abilities—making them valuable to their manipulative aunt Alia, who rules the Empire in the name of House Atreides. Facing treason and rebellion on two fronts, Alia’s rule is not absolute. The displaced House Corrino is plotting to regain the throne while the fanatical Fremen are being provoked into open revolt by the enigmatic figure known only as The Preacher. Alia believes that by obtaining the secrets of the twins’ prophetic visions, she can maintain control over her dynasty. But Leto and Ghanima have their own plans for their visions—and their destinies....",US,,
189,189,44492285,Dune Messiah (Dune #2),Frank Herbert,"Herbert, Frank",Brian Herbert,0593098234,9780593098233,0,3.89,Ace,Mass Market Paperback,336,1969,2020-03-29,2023-12-03,,,read,,,,1,0,2019-06-04,NOT_MATURE,"Book Two in the Magnificent Dune Chronicles—the Bestselling Science Fiction Adventure of All Time Dune Messiah continues the story of Paul Atreides, better known—and feared—as the man christened Muad’Dib. As Emperor of the known universe, he possesses more power than a single man was ever meant to wield. Worshipped as a religious icon by the fanatical Fremen, Paul faces the enmity of the political houses he displaced when he assumed the throne—and a conspiracy conducted within his own sphere of influence. And even as House Atreides begins to crumble around him from the machinations of his enemies, the true threat to Paul comes to his lover, Chani, and the unborn heir to his family’s dynasty...",US,,
190,190,52382796,"Shōgun (Asian Saga, #1)",James Clavell,"Clavell, James",,1982603844,9781982603847,0,4.41,Blackstone Publishing,Paperback,1152,1975,2020-04-04,2023-12-03,,,read,,,,1,0,2019-08-13,NOT_MATURE,"""Here is the world-famous novel of Japan that is the earliest book in James Clavell's masterly Asian saga. Set in the year 1600, it tells the story of a bold English pilot whose ship was blown ashore in Japan, where he encountered two people who were to change his life: a warlord with his own quest for power, and a beautiful interpreter torn between two ways of life and two ways of love""--Provided by publisher.",US,,
191,191,44767458,Dune (Dune #1),Frank Herbert,"Herbert, Frank",,059309932X,9780593099322,0,4.29,Ace,Hardcover,658,1965,2020-04-10,2023-12-03,,,read,,,,1,0,2019-10-01,NOT_MATURE,"Frank Herbert’s epic masterpiece—a triumph of the imagination and one of the bestselling science fiction novels of all time. This deluxe hardcover edition of Dune includes: · An iconic new cover · A stamped and foiled case featuring a quote from the Litany Against Fear · Stained edges and fully illustrated endpapers · A beautifully designed poster on the interior of the jacket · A redesigned world map of Dune · An updated Introduction by Brian Herbert Set on the desert planet Arrakis, Dune is the story of Paul Atreides, heir to a noble family tasked with ruling an inhospitable world where the only thing of value is the “spice” melange, a drug capable of extending life and enhancing consciousness. Coveted across the known universe, melange is a prize worth killing for... When House Atreides is betrayed, the destruction of Paul’s family will set the boy on a journey toward a destiny greater than he could ever have imagined. And as he evolves into the mysterious man known as Muad’Dib, he will bring to fruition humankind’s most ancient and unattainable dream. A stunning blend of adventure and mysticism, environmentalism and politics, Dune won the first Nebula Award, shared the Hugo Award, and formed the basis of what is undoubtedly the grandest epic in science fiction. • DUNE: PART TWO • THE MAJOR MOTION PICTURE Directed by Denis Villeneuve, screenplay by Denis Villeneuve and Jon Spaihts, based on the novel Dune by Frank Herbert • Starring Timothée Chalamet, Zendaya, Rebecca Ferguson, Josh Brolin, Austin Butler, Florence Pugh, Dave Bautista, Christopher Walken, Stephen McKinley Henderson, Léa Seydoux, with Stellan Skarsgård, with Charlotte Rampling, and Javier Bardem",US,,
192,192,8520610,Quiet: The Power of Introverts in a World That Can't Stop Talking,Susan Cain,"Cain, Susan",,0307352145,9780307352149,0,4.08,Crown Publishers,Hardcover,333,2012,2020-04-15,2023-12-03,,,read,,,,1,0,2012-01-24,NOT_MATURE,"#1 NEW YORK TIMES BESTSELLER • Experience the book that started the Quiet Movement and revolutionized how the world sees introverts—and how introverts see themselves—by offering validation, inclusion, and inspiration “Superbly researched, deeply insightful, and a fascinating read, Quiet is an indispensable resource for anyone who wants to understand the gifts of the introverted half of the population.”—Gretchen Rubin, author of The Happiness Project ONE OF THE BEST BOOKS OF THE YEAR—People, O: The Oprah Magazine, Christian Science Monitor, Inc., Library Journal, Kirkus Reviews What are the advantages of being an introvert? They make up at least one-third of the people we know. They are the ones who prefer listening to speaking; who innovate and create but dislike self-promotion; who favor working on their own over working in teams. It is to introverts—Rosa Parks, Chopin, Dr. Seuss, Steve Wozniak—that we owe many of the great contributions to society. In Quiet, Susan Cain argues that we dramatically undervalue introverts and shows how much we lose in doing so. She charts the rise of the Extrovert Ideal throughout the twentieth century and explores how deeply it has come to permeate our culture. She also introduces us to successful introverts—from a witty, high-octane public speaker who recharges in solitude after his talks, to a record-breaking salesman who quietly taps into the power of questions. Passionately argued, impeccably researched, and filled with indelible stories of real people, Quiet has the power to permanently change how you see yourself.",US,,
193,193,7144,Crime and Punishment,Fyodor Dostoevsky,"Dostoevsky, Fyodor","Joseph Frank, David McDuff",0,0,0,4.29,Penguin,Paperback,671,1866,2020-04-21,2023-12-03,,,read,,,,1,0,2025-10-30,NOT_MATURE,"Have you ever wondered why that 13-digit number on the back of a book costs $125 in the United States but is completely free in Canada and India? This book, The Global ISBN Handbook, is your 2025 guide to the International Standard Book Number. It explains everything about this global ""fingerprint"" for books. The ISBN is the most important cornerstone of the publishing industry. It started as a simple warehouse tool in the 1960s. Now, it is a complex digital identifier used in over 200 countries. This handbook deconstructs the entire system. It uses 15 distinct national case studies to do this. You will learn how the old 10-digit system changed to the new 13-digit one. We break down the five parts of the ISBN, from the ""Bookland"" prefix to the final check digit. The book explores the global governance framework, starting with the International ISBN Agency. Then, it dives deep into how different countries run their systems. You'll see the privatized, high-cost model in the United States. You'll compare it to Canada's free, government-run system. We explore the industry-led models in Brazil and Germany. We look at government-run systems in Mexico and India. We even cover the unique case of China, where the ISBN is not a simple identifier but a state-controlled publication license. The book also examines the systems in the UK , France , Russia , Japan , Australia , South Africa , Nigeria , and Egypt. Many books and websites can tell you how to get an ISBN. This handbook is the only resource that explains why the process is so different everywhere you look. It moves beyond a simple ""how-to"" and provides a true global analysis. It directly compares the privatized, for-profit models in the US and UK against the free, public-good systems in Canada and South Africa. You won't just learn the price; you will understand the cultural policies, market structures, and legal philosophies that shape that price. This book shows how the ISBN is a ""global mirror"". It reveals how a simple number can be a commercial product in one nation , a tool of cultural policy in another , and an instrument of state control in a third. This comparative insight is the missing piece for any author, publisher, or researcher trying to navigate the complex international publishing market. Disclaimer: This handbook is an independently produced resource for commentary and analysis. The author has no affiliation with the International ISBN Agency, R.R. Bowker, Library and Archives Canada, the National Press and Publication Administration, or any other national ISBN agency. This work is independently produced under the principle of nominative fair use.",US,,
194,194,7664041,"Inheritance (The Inheritance Cycle, #4)",Christopher Paolini,"Paolini, Christopher",,0375856110,9780375856112,0,4.17,Alfred A. Knopf,Hardcover,849,2011,2020-04-27,2023-12-03,,,read,,,,1,0,2011-11-08,NOT_MATURE,"Don’t miss the eagerly anticipated epic new fantasy from Christopher Paolini—Murtagh! The astonishing, masterful conclusion to the Inheritance Cycle, perfect for fans of Lord of the Rings! The New York Times bestselling series has sold over 40 million copies and is an international fantasy sensation. ""Christopher Paolini is a true rarity."" —The Washington Post Not so very long ago, Eragon—Shadeslayer, Dragon Rider—was nothing more than a poor farm boy, and his dragon, Saphira, only a blue stone in the forest. Now the fate of an entire civilization rests on their shoulders. Long months of training and battle have brought victories and hope, but they have also brought heartbreaking loss. And still, the real battle lies ahead: they must defeat Galbatorix. There will be no second chances. The Rider and his dragon have come further than anyone dared to hope. But can they topple the evil king and restore justice to Alagaësia? And if so, at what cost?",US,,
195,195,42188104,Ace Lone Wolf and the Lost Temple of Totec (Lone Wolf Howls #1),Eric T. Knight,"Knight, Eric T.",,0,0,0,3.98,Knightwriter Publishing,Kindle Edition,257,2017,2020-05-03,2023-12-03,,,read,,,,1,0,2025-10-30,NOT_MATURE,"Have you ever wondered why that 13-digit number on the back of a book costs $125 in the United States but is completely free in Canada and India? This book, The Global ISBN Handbook, is your 2025 guide to the International Standard Book Number. It explains everything about this global ""fingerprint"" for books. The ISBN is the most important cornerstone of the publishing industry. It started as a simple warehouse tool in the 1960s. Now, it is a complex digital identifier used in over 200 countries. This handbook deconstructs the entire system. It uses 15 distinct national case studies to do this. You will learn how the old 10-digit system changed to the new 13-digit one. We break down the five parts of the ISBN, from the ""Bookland"" prefix to the final check digit. The book explores the global governance framework, starting with the International ISBN Agency. Then, it dives deep into how different countries run their systems. You'll see the privatized, high-cost model in the United States. You'll compare it to Canada's free, government-run system. We explore the industry-led models in Brazil and Germany. We look at government-run systems in Mexico and India. We even cover the unique case of China, where the ISBN is not a simple identifier but a state-controlled publication license. The book also examines the systems in the UK , France , Russia , Japan , Australia , South Africa , Nigeria , and Egypt. Many books and websites can tell you how to get an ISBN. This handbook is the only resource that explains why the process is so different everywhere you look. It moves beyond a simple ""how-to"" and provides a true global analysis. It directly compares the privatized, for-profit models in the US and UK against the free, public-good systems in Canada and South Africa. You won't just learn the price; you will understand the cultural policies, market structures, and legal philosophies that shape that price. This book shows how the ISBN is a ""global mirror"". It reveals how a simple number can be a commercial product in one nation , a tool of cultural policy in another , and an instrument of state control in a third. This comparative insight is the missing piece for any author, publisher, or researcher trying to navigate the complex international publishing market. Disclaimer: This handbook is an independently produced resource for commentary and analysis. The author has no affiliation with the International ISBN Agency, R.R. Bowker, Library and Archives Canada, the National Press and Publication Administration, or any other national ISBN agency. This work is independently produced under the principle of nominative fair use.",US,,
196,196,2248573,"Brisingr (The Inheritance Cycle, #3)",Christopher Paolini,"Paolini, Christopher",,0375826726,9780375826726,0,4.11,Alfred A. Knopf,Hardcover,748,2008,2020-05-09,2023-12-03,,,read,,,,1,0,2008-09-20,NOT_MATURE,"Don’t miss the eagerly anticipated epic new fantasy from Christopher Paolini—Murtagh! The Empire is at war and the stakes have never been higher in Book Three of the Inheritance Cycle, perfect for fans of Lord of the Rings! This New York Times bestselling series has sold over 40 million copies and is an international fantasy sensation. ""Christopher Paolini is a true rarity."" —The Washington Post Oaths sworn . . . loyalties tested . . . forces collide... Eragon is the greatest hope to rid the land of tyranny. Can this once simple farm boy unite the rebel forces and defeat the king? Following the colossal battle against the Empire's warriors, Eragon and his dragon, Saphira, have narrowly escaped with their lives. Still, there is more adventure at hand for the Rider and his dragon, as Eragon finds himself bound by a tangle of promises he may not be able to keep. When unrest claims the rebels and danger strikes from every corner, Eragon must make choices-choices that will take him across the Empire and beyond, choices that may lead to unimagined sacrifice.",US,,
197,197,45978,"Eldest (The Inheritance Cycle, #2)",Christopher Paolini,"Paolini, Christopher",,0375840400,9780375840401,0,4.05,Knopf Books for Young Readers,Paperback,704,2005,2020-05-15,2023-12-03,,,read,,,,1,0,2007-03-13,NOT_MATURE,"Don’t miss the eagerly anticipated epic new fantasy from Christopher Paolini—Murtagh! New magic and new threats take flight in Book Two of the Inheritance Cycle, perfect for fans of Lord of the Rings! This New York Times bestselling series has sold over 40 million copies and is an international fantasy sensation. ""Christopher Paolini is a true rarity."" —The Washington Post Darkness falls… despair abounds… evil reigns… Eragon and his dragon, Saphira, have just saved the rebel state from destruction by the mighty forces of King Galbatorix. Now Eragon must travel to Ellésmera, land of the elves, for further training in the skills of the Dragon Rider: magic and swordsmanship. But chaos and betrayal plague him at every turn, and nothing is what it seems. Before long, Eragon doesn’t know whom he can trust. Will the king’s dark hand strangle all resistance? Eragon may not escape with even his life. . . . This updated edition of Eldest includes: · A sneak peek of Murtagh · One section of a brand-new Alagaësia map by Christopher, with a unique code that will unlock a different piece of exclusive digital content. Collect all 4 books in the Inheritance Cycle to see the full map and unlock all bonus content! · A redesigned cover using the iconic original art",US,,
198,198,11449,Cathedral,Raymond Carver,"Carver, Raymond",,0679723692,9780679723691,0,4.24,Vintage Contemporaries,Paperback,230,1983,2020-05-21,2023-12-03,,,read,,,,1,0,1989-06-18,NOT_MATURE,"PULITZER PRIZE FINALIST • Twelve short stories that mark a turning point in the work of “one of the true American masters"" (The New York Review of Books). “A writer of astonishing compassion and honesty … His eye is so clear, it almost breaks your heart.” —The Washington Post Book World A remarkable collection that includes the canonical titular story about blindness and learning to enter the very different world of another. These twelve stories “overflow with the danger, excitement, mystery and possibility of life.” —The Washington Post Book World",US,,
199,199,113436,Eragon (The Inheritance Cycle #1),Christopher Paolini,"Paolini, Christopher",,0375826696,9780375826696,0,3.96,Alfred A. Knopf,Paperback,503,2002,2020-05-27,2023-12-03,,,read,,,,1,0,2005-04-26,NOT_MATURE,"Don’t miss the eagerly anticipated epic new fantasy from Christopher Paolini—Murtagh! A new adventure hatches in Book One of the Inheritance Cycle, perfect for fans of Lord of the Rings! This New York Times bestselling series has sold over 40 million copies and is an international fantasy sensation. ""Christopher Paolini is a true rarity."" —The Washington Post When fifteen-year-old Eragon finds a polished blue stone in the forest, he thinks it is the lucky discovery of a poor farm boy. But when the stone brings a dragon hatchling, Eragon soon realizes he has stumbled upon a legacy nearly as old as the Empire itself. Overnight his simple life is shattered, and, gifted with only an ancient sword, a loyal dragon, and sage advice from an old storyteller, Eragon is soon swept into a dangerous tapestry of magic, glory, and power. Now his choices could save—or destroy—the Empire. This updated edition of Eragon includes: · A sneak peek of Murtagh · One section of a brand-new Alagaësia map by Christopher, with a unique code that will unlock a different piece of exclusive digital content. Collect all 4 books in the Inheritance Cycle to see the full map and unlock all bonus content! · A redesigned cover using the iconic original art",US,,
200,200,238137,"Purity in Death (In Death, #15)",J.D. Robb,"Robb, J.D.",,0749934417,9780749934415,0,4.38,Piatkus Paperback,Paperback,355,2002,2020-06-02,2023-12-03,,,read,,,,1,0,2004-01-01,NOT_MATURE,"The heat was murder. Some managed to escape. But most just had to live through it.' Louie Cogburn has spent three days holed up in his apartment, staring at his computer screen. His pounding headache is unbearable like spikes drilling into his brain. And it's getting worse. Finally, when someone knocks at his door, Louie picks up a baseball bat, opens the door, and starts swinging... The first cop on the scene fires his stunner twice and Louie dies instantly. Detective Eve Dallas takes over the investigation, but there's nothing to explain the man's sudden rage or death. The only clue is a bizarre message left on his computer screen: Absolute Purity Achieved. When a second man dies under nearly identical circumstances, Dallas starts racking her brain for answers and for courage to face the impossible... that this might be a computer virus able to spread from machine to man...",US,,
201,201,18143977,All the Light We Cannot See,Anthony Doerr,"Doerr, Anthony",,1476746583,9781476746586,0,4.31,Scribner,Hardcover,531,2014,2020-06-07,2023-12-03,,,read,,,,1,0,2014-05-06,NOT_MATURE,"An imaginative and intricate novel inspired by the horrors of World War II and written in short, elegant chapters that explore human nature and the contradictory power of technology.",US,,
202,202,119322,"The Golden Compass (His Dark Materials, #1)",Philip Pullman,"Pullman, Philip",,0679879242,9780679879244,0,4.03,RANDOM HOUSE TRADE,Hardcover,399,1995,2020-06-13,2023-12-03,,,read,,,,1,0,2002-09-10,NOT_MATURE,"The modern fantasy classic that Entertainment Weekly named an “All-Time Greatest Novel” and Newsweek hailed as a “Top 100 Book of All Time.” Philip Pullman takes readers to a world where humans have animal familiars and where parallel universes are within reach. Lyra is rushing to the cold, far North, where witch clans and armored bears rule. North, where the Gobblers take the children they steal--including her friend Roger. North, where her fearsome uncle Asriel is trying to build a bridge to a parallel world. Can one small girl make a difference in such great and terrible endeavors? This is Lyra: a savage, a schemer, a liar, and as fierce and true a champion as Roger or Asriel could want. But what Lyra doesn't know is that to help one of them will be to betray the other... A masterwork of storytelling and suspense, Philip Pullman's award-winning The Golden Compass is the first in the His Dark Materials series, which continues with The Subtle Knife and The Amber Spyglass. A #1 New York Times Bestseller Winner of the Guardian Prize for Children's Fiction Published in 40 Countries ""Arguably the best juvenile fantasy novel of the past twenty years."" —The Washington Post ""Very grand indeed."" —The New York Times ""Pullman is quite possibly a genius."" —Newsweek Don't miss Philip Pullman's epic new trilogy set in the world of His Dark Materials! ** THE BOOK OF DUST ** La Belle Sauvage The Secret Commonwealth",US,,
203,203,5060378,The Girl Who Played with Fire (Millennium #2),Stieg Larsson,"Larsson, Stieg",Reg Keeland,0307269981,9780307269980,0,4.26,Alfred A. Knopf,Hardcover,503,2006,2020-06-19,2023-12-03,,,read,,,,1,0,,,,,,
204,204,2429135,"The Girl With the Dragon Tattoo (Millennium, #1)",Stieg Larsson,"Larsson, Stieg",Reg Keeland,0670069019,9780670069019,0,4.18,Viking Canada,Hardcover,480,2005,2020-06-25,2023-12-03,,,read,,,,1,0,2008-01-01,NOT_MATURE,Journalist Mikael Blomkvist and hacker Lisbeth Salander investigate the disappearance of Harriet Vanger which took place forty years ago.,US,,
205,205,17245,Dracula,Bram Stoker,"Stoker, Bram","Rubén Toledo, David J. Skal, Nina Auerbach",0393970124,9780393970128,0,4.02,Norton,Paperback,488,1897,2020-07-01,2023-12-03,,,read,,,,1,0,1997-01-01,NOT_MATURE,This Norton Critical Edition presents fully annotated the text of the 1897 First Edition.,US,,
206,206,238140,"Reunion in Death (In Death, #14)",J.D. Robb,"Robb, J.D.",,0749934409,9780749934408,0,4.38,Piatkus,Paperback,371,2002,2020-07-07,2023-12-03,,,read,,,,1,0,2002-01-01,NOT_MATURE,"At exactly 7.30 pm, Walter Pettibone arrives home to his surprise birthday party. Although he has known about the planned event for weeks, the real surprise is yet to come. At 8.45 pm, a woman with emerald eyes and red hair hands him a glass of champagne. One sip and he is dead.",US,,
207,207,133518,The Things They Carried,Tim O'Brien,"O'Brien, Tim",,0767902890,9780767902892,0,4.14,Broadway,Paperback,246,1990,2020-07-13,2023-12-03,,,read,,,,1,0,1998-01-01,NOT_MATURE,"One of the first questions people ask about The Things They Carried is this: Is it a novel, or a collection of short stories? The title page refers to the book simply as ""a work of fiction,"" defying the conscientious reader's need to categorize this masterpiece. It is both: a collection of interrelated short pieces which ultimately reads with the dramatic force and tension of a novel. Yet each one of the twenty-two short pieces is written with such care, emotional content, and prosaic precision that it could stand on its own. The Things They Carried depicts the men of Alpha Company: Jimmy Cross, Henry Dobbins, Rat Kiley, Mitchell Sanders, Norman Bowker, Kiowa, and of course, the character Tim O'Brien who has survived his tour in Vietnam to become a father and writer at the age of forty-three. They battle the enemy (or maybe more the idea of the enemy), and occasionally each other. In their relationships we see their isolation and loneliness, their rage and fear. They miss their families, their girlfriends and buddies; they miss the lives they left back home. Yet they find sympathy and kindness for strangers (the old man who leads them unscathed through the mine field, the girl who grieves while she dances), and love for each other, because in Vietnam they are the only family they have. We hear the voices of the men and build images upon their dialogue. The way they tell stories about others, we hear them telling stories about themselves. With the creative verve of the greatest fiction and the intimacy of a searing autobiography, The Things They Carried is a testament to the men who risked their lives in America's most controversial war. It is also a mirror held up to the frailty of humanity. Ultimately The Things They Carried and its myriad protagonists call to order the courage, determination, and luck we all need to survive.",US,,
208,208,39795040,the dog days of laurie summer,Patricia Gaffney,"Gaffney, Patricia",,0,0,0,3.47,,Unknown Binding,94,2009,2020-07-19,2023-12-03,,,read,,,,1,0,2025-10-30,NOT_MATURE,"Have you ever wondered why that 13-digit number on the back of a book costs $125 in the United States but is completely free in Canada and India? This book, The Global ISBN Handbook, is your 2025 guide to the International Standard Book Number. It explains everything about this global ""fingerprint"" for books. The ISBN is the most important cornerstone of the publishing industry. It started as a simple warehouse tool in the 1960s. Now, it is a complex digital identifier used in over 200 countries. This handbook deconstructs the entire system. It uses 15 distinct national case studies to do this. You will learn how the old 10-digit system changed to the new 13-digit one. We break down the five parts of the ISBN, from the ""Bookland"" prefix to the final check digit. The book explores the global governance framework, starting with the International ISBN Agency. Then, it dives deep into how different countries run their systems. You'll see the privatized, high-cost model in the United States. You'll compare it to Canada's free, government-run system. We explore the industry-led models in Brazil and Germany. We look at government-run systems in Mexico and India. We even cover the unique case of China, where the ISBN is not a simple identifier but a state-controlled publication license. The book also examines the systems in the UK , France , Russia , Japan , Australia , South Africa , Nigeria , and Egypt. Many books and websites can tell you how to get an ISBN. This handbook is the only resource that explains why the process is so different everywhere you look. It moves beyond a simple ""how-to"" and provides a true global analysis. It directly compares the privatized, for-profit models in the US and UK against the free, public-good systems in Canada and South Africa. You won't just learn the price; you will understand the cultural policies, market structures, and legal philosophies that shape that price. This book shows how the ISBN is a ""global mirror"". It reveals how a simple number can be a commercial product in one nation , a tool of cultural policy in another , and an instrument of state control in a third. This comparative insight is the missing piece for any author, publisher, or researcher trying to navigate the complex international publishing market. Disclaimer: This handbook is an independently produced resource for commentary and analysis. The author has no affiliation with the International ISBN Agency, R.R. Bowker, Library and Archives Canada, the National Press and Publication Administration, or any other national ISBN agency. This work is independently produced under the principle of nominative fair use.",US,,
209,209,6498356,"Missing in Death (In Death, #29.5)",J.D. Robb,"Robb, J.D.",Susan Ericksen,142338363X,9781423383635,0,4.23,Brilliance Audio,MP3 CD,4,2009,2020-07-25,2023-12-03,,,read,,,,1,0,,,,,,
210,210,61170765,IQ84,Haruki Murakami,"Murakami, Haruki",,0,0,0,3.95,,Paperback,928,2009,2020-07-30,2023-12-03,,,read,,,,1,0,2025-10-30,NOT_MATURE,"Have you ever wondered why that 13-digit number on the back of a book costs $125 in the United States but is completely free in Canada and India? This book, The Global ISBN Handbook, is your 2025 guide to the International Standard Book Number. It explains everything about this global ""fingerprint"" for books. The ISBN is the most important cornerstone of the publishing industry. It started as a simple warehouse tool in the 1960s. Now, it is a complex digital identifier used in over 200 countries. This handbook deconstructs the entire system. It uses 15 distinct national case studies to do this. You will learn how the old 10-digit system changed to the new 13-digit one. We break down the five parts of the ISBN, from the ""Bookland"" prefix to the final check digit. The book explores the global governance framework, starting with the International ISBN Agency. Then, it dives deep into how different countries run their systems. You'll see the privatized, high-cost model in the United States. You'll compare it to Canada's free, government-run system. We explore the industry-led models in Brazil and Germany. We look at government-run systems in Mexico and India. We even cover the unique case of China, where the ISBN is not a simple identifier but a state-controlled publication license. The book also examines the systems in the UK , France , Russia , Japan , Australia , South Africa , Nigeria , and Egypt. Many books and websites can tell you how to get an ISBN. This handbook is the only resource that explains why the process is so different everywhere you look. It moves beyond a simple ""how-to"" and provides a true global analysis. It directly compares the privatized, for-profit models in the US and UK against the free, public-good systems in Canada and South Africa. You won't just learn the price; you will understand the cultural policies, market structures, and legal philosophies that shape that price. This book shows how the ISBN is a ""global mirror"". It reveals how a simple number can be a commercial product in one nation , a tool of cultural policy in another , and an instrument of state control in a third. This comparative insight is the missing piece for any author, publisher, or researcher trying to navigate the complex international publishing market. Disclaimer: This handbook is an independently produced resource for commentary and analysis. The author has no affiliation with the International ISBN Agency, R.R. Bowker, Library and Archives Canada, the National Press and Publication Administration, or any other national ISBN agency. This work is independently produced under the principle of nominative fair use.",US,,
211,211,7445,The Glass Castle,Jeannette Walls,"Walls, Jeannette",,074324754X,9780743247542,0,4.33,Scribner,Paperback,288,2005,2020-08-05,2023-12-03,,,read,,,,1,0,2006-01-17,NOT_MATURE,"Now a major motion picture from Lionsgate starring Brie Larson, Woody Harrelson, and Naomi Watts. MORE THAN SEVEN YEARS ON THE NEW YORK TIMES BESTSELLER LIST The perennially bestselling, extraordinary, one-of-a-kind, “nothing short of spectacular” (Entertainment Weekly) memoir from one of the world’s most gifted storytellers. The Glass Castle is a remarkable memoir of resilience and redemption, and a revelatory look into a family at once deeply dysfunctional and uniquely vibrant. When sober, Jeannette’s brilliant and charismatic father captured his children’s imagination, teaching them physics, geology, and how to embrace life fearlessly. But when he drank, he was dishonest and destructive. Her mother was a free spirit who abhorred the idea of domesticity and didn’t want the responsibility of raising a family. The Walls children learned to take care of themselves. They fed, clothed, and protected one another, and eventually found their way to New York. Their parents followed them, choosing to be homeless even as their children prospered. The Glass Castle is truly astonishing—a memoir permeated by the intense love of a peculiar but loyal family.",US,,
212,212,1150161,Murder on Ice (A Figure Skating Mystery #1),Alina Adams,"Adams, Alina",,0425193071,9780425193075,0,3.18,Berkley,Mass Market Paperback,304,2003,2020-08-11,2023-12-03,,,read,,,,1,0,2003-01-01,NOT_MATURE,"From the author of ""Sarah Hughes: Skating to the Stars"" comes the first title in a new mystery series. Set in the cutthroat world of figure skating, ""Murder on Ice"" introduces amateur sleuth Rebecca ""Bex"" Levy, a researcher for a 24-hour skating network. Original.",US,,
213,213,19286587,Island of a Thousand Mirrors,Nayomi Munaweera,"Munaweera, Nayomi",,125004393X,9781250043931,0,4.03,St. Martin's Press,Hardcover,242,2012,2020-08-17,2023-12-03,,,read,,,,1,0,2014-09-02,NOT_MATURE,Traces the experiences of two women on opposing sides of the Sri Lankan civil war who connect in unexpected ways when a Tamil aspiring teacher is arrested by soldiers and placed in the path of a young woman from a loving Sinhala family.,US,,
214,214,937017,The Floor of the Sky (Flyover Fiction),Pamela Carter Joern,"Joern, Pamela Carter",,0803276311,9780803276314,0,3.73,Bison Books,Paperback,238,2006,2020-08-23,2023-12-03,,,read,,,,1,0,2006-09-01,NOT_MATURE,"The inner worlds of characters isolated by geography and habit are revealed in a novel, set in the Nebraska Sandhills, about an aging widow on the verge of losing her family's ranch and her sixteen-year old pregnant granddaughter who visits her for the summer. Original.",US,,
215,215,32920226,"Sing, Unburied, Sing",Jesmyn Ward,"Ward, Jesmyn",,0,0,0,4.0,Scribner,Hardcover,285,2017,2020-08-29,2023-12-03,,,read,,,,1,0,2025-10-30,NOT_MATURE,"Have you ever wondered why that 13-digit number on the back of a book costs $125 in the United States but is completely free in Canada and India? This book, The Global ISBN Handbook, is your 2025 guide to the International Standard Book Number. It explains everything about this global ""fingerprint"" for books. The ISBN is the most important cornerstone of the publishing industry. It started as a simple warehouse tool in the 1960s. Now, it is a complex digital identifier used in over 200 countries. This handbook deconstructs the entire system. It uses 15 distinct national case studies to do this. You will learn how the old 10-digit system changed to the new 13-digit one. We break down the five parts of the ISBN, from the ""Bookland"" prefix to the final check digit. The book explores the global governance framework, starting with the International ISBN Agency. Then, it dives deep into how different countries run their systems. You'll see the privatized, high-cost model in the United States. You'll compare it to Canada's free, government-run system. We explore the industry-led models in Brazil and Germany. We look at government-run systems in Mexico and India. We even cover the unique case of China, where the ISBN is not a simple identifier but a state-controlled publication license. The book also examines the systems in the UK , France , Russia , Japan , Australia , South Africa , Nigeria , and Egypt. Many books and websites can tell you how to get an ISBN. This handbook is the only resource that explains why the process is so different everywhere you look. It moves beyond a simple ""how-to"" and provides a true global analysis. It directly compares the privatized, for-profit models in the US and UK against the free, public-good systems in Canada and South Africa. You won't just learn the price; you will understand the cultural policies, market structures, and legal philosophies that shape that price. This book shows how the ISBN is a ""global mirror"". It reveals how a simple number can be a commercial product in one nation , a tool of cultural policy in another , and an instrument of state control in a third. This comparative insight is the missing piece for any author, publisher, or researcher trying to navigate the complex international publishing market. Disclaimer: This handbook is an independently produced resource for commentary and analysis. The author has no affiliation with the International ISBN Agency, R.R. Bowker, Library and Archives Canada, the National Press and Publication Administration, or any other national ISBN agency. This work is independently produced under the principle of nominative fair use.",US,,
216,216,168981,QBQ! The Question Behind the Question: Practicing Personal Accountability in Work and in Life,John G. Miller,"Miller, John G.",,0399152334,9780399152337,0,3.8,Tarcher,Hardcover,115,2014,2020-09-04,2023-12-03,,,read,,,,1,0,2004-09-09,NOT_MATURE,"The lack of personal accountability is a problem that has resulted in an epidemic of blame, victim thinking, complaining, and procrastination. No organization—or individual—can successfully compete in the marketplace, achieve goals and objectives, provide outstanding service, engage in exceptional teamwork, or develop people without personal accountability. John G. Miller believes that the troubles that plague organizations cannot be solved by pointing fingers and blaming others. Rather, the real solutions are found when each of us recognizes the power of personal accountability. In QBQ! The Question Behind the Question®, Miller explains how negative, ill-focused questions like “Why do we have to go through all this change?” and “Who dropped the ball?” represent a lack of personal accountability. Conversely, when we ask better questions—QBQs—such as “What can I do to contribute?” or “How can I help solve the problem?” our lives and our organizations are transformed. THE QBQ! PROMISE This remarkable and timely book provides a practical method for putting personal accountability into daily actions, with astonishing results: problems are solved, internal barriers come down, service improves, teams thrive, and people adapt to change more quickly. QBQ! is an invaluable resource for anyone seeking to learn, grow, and change. Using this tool, each of us can add tremendous worth to our organizations and to our lives by eliminating blame, victim-thinking, and procrastination. QBQ! was written more than a decade ago and has helped countless readers practice personal accountability at work and at home. This version features a new foreword, revisions and new material throughout, and a section of FAQs that the author has received over the years.",US,,
217,217,35356383,"To Shake the Sleeping Self: A Journey from Oregon to Patagonia, and a Quest for a Life with No Regret",Jedidiah Jenkins,"Jenkins, Jedidiah",,1524761389,9781524761387,0,3.95,Convergent Books,Hardcover,336,2018,2020-09-10,2023-12-03,,,read,,,,1,0,2018-01-01,NOT_MATURE,"""On the eve of turning thirty, terrified of being sucked into a life he didn't choose, Jedidiah Jenkins quit his dream job and spent the next sixteen months cycling from Oregon to Patagonia. He chronicled the trip on Instagram, where his photos and ... reflections on life soon attracted hundreds of thousands of followers and got him featured by National Geographic and The Paris Review. In this ... memoir, Jed narrates the adventure that started it all: the people and places he encountered on his way to the bottom of the world, and the internal journey that prompted it""--",US,,
218,218,39715684,"Unfuck Yourself: Raus aus dem Kopf, rein ins Leben!",Gary John Bishop,"Bishop, Gary John",Jochen Lehner,3957361133,9783957361134,0,3.83,L.E.O.,Kindle Edition,143,2016,2020-09-16,2023-12-03,,,read,,,,1,0,2018-03-23,NOT_MATURE,"Wer feststeckt oder an sich zweifelt, wem die Inspiration fehlt oder der Mut – der braucht Gary John Bishop. Doch Vorsicht: Wer sich auf ihn einlässt, dem werden die Ausreden ausgehen! Denn er macht ohne Umschweife klar, dass weder die anderen noch die Umstände unseren Zielen im Wege stehen, sondern dass wir uns selbst mit unserer Negativität sabotieren. Sein brillantes Manifest birgt die wirksamsten Techniken zur Selbstentwicklung, die uns heute zur Verfügung stehen. Ob es um den Beruf, die Liebe oder Finanzen geht, ""Unfuck Yourself"" gibt den ermutigenden und dringend benötigten Tritt in den Hintern – klar, schnörkellos, genial.",US,13.99,USD
219,219,3153910,The Art of Racing in the Rain,Garth Stein,"Stein, Garth",,1554681723,9781554681723,0,4.23,Harper Collins,Hardcover,336,2008,2020-09-21,2023-12-03,,,read,,,,1,0,2008-05-05,NOT_MATURE,"A heart-wrenching but deeply funny and ultimately uplifting story of family, love, loyalty, and hope--a captivating look at the wonders and absurdities of human life . . . as only a dog could tell it",US,,
220,220,51326977,"The Lords of the Wind  (The Saga of Hasting the Avenger, #1)",C.J. Adrien,"Adrien, C.J.",,0989929159,9780989929158,0,4.28,Runestone Books,Kindle Edition,339,2014,2020-09-27,2023-12-03,,,read,,,,1,0,,,,,,
221,221,51113,The Samurai's Garden,Gail Tsukiyama,"Tsukiyama, Gail",,0312144075,9780312144074,0,4.16,St. Martin's Griffin,Paperback,211,1995,2020-10-03,2023-12-03,,,read,,,,1,0,1996-04-15,NOT_MATURE,"Shortly before World War II, a Chinese man, sent to Japan to recover from tuberculosis, meets a lovely Japanese girl and four older residents, in a story of passion and sacrifice.",US,,
222,222,19288043,Gone Girl,Gillian Flynn,"Flynn, Gillian",,0307588378,9780307588371,0,4.15,Ballantine Books,Paperback,415,2012,2020-10-09,2023-12-03,,,read,,,,1,0,2014-04-22,NOT_MATURE,"#1 NEW YORK TIMES BESTSELLER • The “mercilessly entertaining” (Vanity Fair) instant classic “about the nature of identity and the terrible secrets that can survive and thrive in even the most intimate relationships” (Lev Grossman, Time “One of the Best Books of the Decade”)—now featuring never-before-published deleted scenes ONE OF TIME'S 100 BEST MYSTERY AND THRILLER BOOKS OF ALL TIME, ONE OF CNN'S MOST INFLUENTIAL BOOKS OF THE DECADE, AND ONE OF ENTERTAINMENT WEEKLY'S BEST BOOKS OF THE DECADE ONE OF THE TEN BEST BOOKS OF THE YEAR: Janet Maslin, The New York Times, People, Entertainment Weekly, O: The Oprah Magazine, Slate, Kansas City Star, USA Today, Christian Science Monitor New York Times Readers Pick: 100 Best Books of the 21st Century On a warm summer morning in North Carthage, Missouri, it is Nick and Amy Dunne’s fifth wedding anniversary. Presents are being wrapped and reservations are being made when Nick’s clever and beautiful wife disappears. Husband-of-the-Year Nick isn’t doing himself any favors with cringe-worthy daydreams about the slope and shape of his wife’s head, but passages from Amy's diary reveal the alpha-girl perfectionist could have put anyone dangerously on edge. Under mounting pressure from the police and the media—as well as Amy’s fiercely doting parents—the town golden boy parades an endless series of lies, deceits, and inappropriate behavior. Nick is oddly evasive, and he’s definitely bitter—but is he really a killer? ONE OF THE BEST BOOKS OF THE YEAR: San Francisco Chronicle, St. Louis Post-Dispatch, The Chicago Tribune, HuffPost, Newsday",US,,
223,223,12262741,Wild: From Lost to Found on the Pacific Crest Trail,Cheryl Strayed,"Strayed, Cheryl",,0307592731,9780307592736,0,4.07,Knopf,Hardcover,336,2012,2020-10-15,2023-12-03,,,read,,,,1,0,2012-03-20,NOT_MATURE,"NATIONAL BEST SELLER • Oprah's Book Club 2.0 selection. • A powerful, blazingly honest memoir: the story of an eleven-hundred-mile solo hike that broke down a young woman reeling from catastrophe—and built her back up again. A Kirkus Reviews Best Nonfiction Book of the Century At twenty-two, Cheryl Strayed thought she had lost everything. In the wake of her mother's death, her family scattered and her own marriage was soon destroyed. Four years later, with nothing more to lose, she made the most impulsive decision of her life: to hike the Pacific Crest Trail from the Mojave Desert through California and Oregon to Washington State—and to do it alone. She had no experience as a long-distance hiker, and the trail was little more than “an idea, vague and outlandish and full of promise.” But it was a promise of piecing back together a life that had come undone. Strayed faces down rattlesnakes and black bears, intense heat and record snowfalls, and both the beauty and loneliness of the trail. Told with great suspense and style, sparkling with warmth and humor, Wild vividly captures the terrors and pleasures of one young woman forging ahead against all odds on a journey that maddened, strengthened, and ultimately healed her.",US,,
224,224,40102,Blink: The Power of Thinking Without Thinking,Malcolm Gladwell,"Gladwell, Malcolm","Irina Henegar, Barry Fox",0316010669,9780316010665,0,3.96,Back Bay Books,Paperback,296,2005,2020-10-21,2023-12-03,,,read,,,,1,0,,,,,,
225,225,29780253,Born a Crime: Stories From a South African Childhood,Trevor Noah,"Noah, Trevor",,0385689225,9780385689229,0,4.49,Doubleday Canada,Hardcover,289,2016,2020-10-27,2023-12-03,,,read,,,,1,0,2016-11-15,NOT_MATURE,"The compelling, inspiring, and comically sublime New York Times bestseller about one man’s coming-of-age, set during the twilight of apartheid and the tumultuous days of freedom that followed. Trevor Noah’s unlikely path from apartheid South Africa to the desk of The Daily Show began with a criminal act: his birth. Trevor was born to a white Swiss father and a black Xhosa mother at a time when such a union was punishable by five years in prison. Living proof of his parents’ indiscretion, Trevor was kept mostly indoors for the earliest years of his life, bound by the extreme and often absurd measures his mother took to hide him from a government that could, at any moment, steal him away. Finally liberated by the end of South Africa’s tyrannical white rule, Trevor and his mother set forth on a grand adventure, living openly and freely and embracing the opportunities won by a centuries-long struggle. Born a Crime is the story of a mischievous young boy who grows into a restless young man as he struggles to find himself in a world where he was never supposed to exist. It is also the story of that young man’s relationship with his fearless, rebellious, and fervently religious mother—his teammate, a woman determined to save her son from the cycle of poverty, violence, and abuse that would ultimately threaten her own life. The eighteen personal essays collected here are by turns hilarious, dramatic, and deeply affecting. Whether subsisting on caterpillars for dinner during hard times, being thrown from a moving car during an attempted kidnapping, or just trying to survive the life-and-death pitfalls of dating in high school, Trevor illuminates his curious world with an incisive wit and unflinching honesty. His stories weave together to form a moving and searingly funny portrait of a boy making his way through a damaged world in a dangerous time, armed only with a keen sense of humor and a mother’s unconventional, unconditional love.",US,,
226,226,27214080,"Five Presidents: My Extraordinary Journey with Eisenhower, Kennedy, Johnson, Nixon, and Ford",Clint Hill,"Hill, Clint",Lisa McCubbin Hill,1476794138,9781476794136,0,4.29,Gallery Books,Hardcover,451,2016,2020-11-02,2023-12-03,,,read,,,,1,0,2016-05-03,NOT_MATURE,"""Secret Service agent Clint Hill ... reflects on his seventeen years protecting the most powerful office in the nation. Hill walked alongside Presidents Dwight D. Eisenhower, John F. Kennedy, Lyndon B. Johnson, Richard M. Nixon, and Gerald R. Ford, seeing them through a long, tumultuous era-the Cold War; the Cuban Missile Crisis; the assassinations of John F. Kennedy, Martin Luther King, Jr., and Robert F. Kennedy; the Vietnam War; Watergate; and the resignations of Spiro Agnew and Richard M. Nixon""--Provided by publisher.",US,,
227,227,2612,The Tipping Point: How Little Things Can Make a Big Difference,Malcolm Gladwell,"Gladwell, Malcolm",,0,0,0,4.01,Time Warner Book Group,Paperback,301,2000,2020-11-08,2023-12-03,,,read,,,,1,0,2025-10-30,NOT_MATURE,"Have you ever wondered why that 13-digit number on the back of a book costs $125 in the United States but is completely free in Canada and India? This book, The Global ISBN Handbook, is your 2025 guide to the International Standard Book Number. It explains everything about this global ""fingerprint"" for books. The ISBN is the most important cornerstone of the publishing industry. It started as a simple warehouse tool in the 1960s. Now, it is a complex digital identifier used in over 200 countries. This handbook deconstructs the entire system. It uses 15 distinct national case studies to do this. You will learn how the old 10-digit system changed to the new 13-digit one. We break down the five parts of the ISBN, from the ""Bookland"" prefix to the final check digit. The book explores the global governance framework, starting with the International ISBN Agency. Then, it dives deep into how different countries run their systems. You'll see the privatized, high-cost model in the United States. You'll compare it to Canada's free, government-run system. We explore the industry-led models in Brazil and Germany. We look at government-run systems in Mexico and India. We even cover the unique case of China, where the ISBN is not a simple identifier but a state-controlled publication license. The book also examines the systems in the UK , France , Russia , Japan , Australia , South Africa , Nigeria , and Egypt. Many books and websites can tell you how to get an ISBN. This handbook is the only resource that explains why the process is so different everywhere you look. It moves beyond a simple ""how-to"" and provides a true global analysis. It directly compares the privatized, for-profit models in the US and UK against the free, public-good systems in Canada and South Africa. You won't just learn the price; you will understand the cultural policies, market structures, and legal philosophies that shape that price. This book shows how the ISBN is a ""global mirror"". It reveals how a simple number can be a commercial product in one nation , a tool of cultural policy in another , and an instrument of state control in a third. This comparative insight is the missing piece for any author, publisher, or researcher trying to navigate the complex international publishing market. Disclaimer: This handbook is an independently produced resource for commentary and analysis. The author has no affiliation with the International ISBN Agency, R.R. Bowker, Library and Archives Canada, the National Press and Publication Administration, or any other national ISBN agency. This work is independently produced under the principle of nominative fair use.",US,,
228,228,34273236,Little Fires Everywhere,Celeste Ng,"Ng, Celeste",,0735224293,9780735224292,0,4.07,Penguin Press,Hardcover,338,2017,2020-11-13,2023-12-03,,,read,,,,1,0,2017-09-12,NOT_MATURE,"The #1 New York Times bestseller • Named a Best Book of the Year by People, The Washington Post, Bustle, Esquire, Southern Living, The Daily Beast, GQ, Entertainment Weekly, NPR, Amazon, Barnes & Noble, iBooks, Audible, Goodreads, Library Reads, Book of the Month, Paste, Kirkus Reviews, St. Louis Post-Dispatch, and more “To say I love this book is an understatement. It’s a deep psychological mystery about the power of motherhood, the intensity of teenage love, and the danger of perfection. It moved me to tears.” —Reese Witherspoon From the bestselling author of Everything I Never Told You and Our Missing Hearts comes a riveting novel that traces the intertwined fates of the picture-perfect Richardson family and the enigmatic mother and daughter who upend their lives. In Shaker Heights, a placid, progressive suburb of Cleveland, everything is planned—from the layout of the winding roads, to the colors of the houses, to the successful lives its residents will go on to lead. And no one embodies this spirit more than Elena Richardson, whose guiding principle is playing by the rules. Enter Mia Warren—an enigmatic artist and single mother—who arrives in this idyllic bubble with her teenaged daughter Pearl, and rents a house from the Richardsons. Soon Mia and Pearl become more than tenants: all four Richardson children are drawn to the mother-daughter pair. But Mia carries with her a mysterious past and a disregard for the status quo that threatens to upend this carefully ordered community. When old family friends of the Richardsons attempt to adopt a Chinese-American baby, a custody battle erupts that dramatically divides the town—and puts Mia and Elena on opposing sides. Suspicious of Mia and her motives, Elena is determined to uncover the secrets in Mia’s past. But her obsession will come at unexpected and devastating costs. Little Fires Everywhere explores the weight of secrets, the nature of art and identity, and the ferocious pull of motherhood—and the danger of believing that following the rules can avert disaster. Named a Best Book of the Year by: People, The Washington Post, Bustle, Esquire, Southern Living, The Daily Beast, GQ, Entertainment Weekly, NPR, Amazon, Barnes & Noble, iBooks, Audible, Goodreads, Library Reads, Book of the Month, Paste, Kirkus Reviews, St. Louis Post-Dispatch, and more",US,,
229,229,6288,The Road,Cormac McCarthy,"McCarthy, Cormac",,0307265439,9780307265432,0,4.0,Alfred A. Knopf,Hardcover,241,2006,2020-11-19,2023-12-03,,,read,,,,1,0,2006-09-26,NOT_MATURE,"NATIONAL BESTSELLER • WINNER OF THE PULITZER PRIZE • A searing, post-apocalyptic novel about a father and son's fight to survive, this ""tale of survival and the miracle of goodness only adds to McCarthy's stature as a living master. It's gripping, frightening and, ultimately, beautiful"" (San Francisco Chronicle). A father and his son walk alone through burned America. Nothing moves in the ravaged landscape save the ash on the wind. It is cold enough to crack stones, and when the snow falls it is gray. The sky is dark. Their destination is the coast, although they don't know what, if anything, awaits them there. They have nothing; just a pistol to defend themselves against the lawless bands that stalk the road, the clothes they are wearing, a cart of scavenged food—and each other. The Road is the profoundly moving story of a journey. It boldly imagines a future in which no hope remains, but in which the father and his son, ""each the other's world entire,"" are sustained by love. Awesome in the totality of its vision, it is an unflinching meditation on the worst and the best that we are capable of: ultimate destructiveness, desperate tenacity, and the tenderness that keeps two people alive in the face of total devastation. Look for Cormac McCarthy's new novel, The Passenger, coming October '22.",US,,
230,230,36124936,The Outsider (Holly Gibney #1),Stephen        King,"King, Stephen",,1501180983,9781501180989,0,4.01,Scribner,Hardcover,561,2018,2020-11-25,2023-12-03,,,read,,,,1,0,2018-05-22,NOT_MATURE,"Now an HBO limited series starring Ben Mendelsohn!​ Evil has many faces…maybe even yours in this #1 New York Times bestseller from master storyteller Stephen King. An eleven-year-old boy’s violated corpse is discovered in a town park. Eyewitnesses and fingerprints point unmistakably to one of Flint City’s most popular citizens—Terry Maitland, Little League coach, English teacher, husband, and father of two girls. Detective Ralph Anderson, whose son Maitland once coached, orders a quick and very public arrest. Maitland has an alibi, but Anderson and the district attorney soon have DNA evidence to go with the fingerprints and witnesses. Their case seems ironclad. As the investigation expands and horrifying details begin to emerge, King’s story kicks into high gear, generating strong tension and almost unbearable suspense. Terry Maitland seems like a nice guy, but is he wearing another face? When the answer comes, it will shock you as only Stephen King can.",US,,
231,231,40097951,The Silent Patient,Alex Michaelides,"Michaelides, Alex",,1250301696,9781250301697,0,4.17,Celadon Books,Hardcover,336,2019,2020-12-01,2023-12-03,,,read,,,,1,0,2019-02-05,NOT_MATURE,"The instant #1 New York Times bestseller ""An unforgettable—and Hollywood-bound—new thriller... A mix of Hitchcockian suspense, Agatha Christie plotting, and Greek tragedy."" —Entertainment Weekly The Silent Patient is a shocking psychological thriller of a woman’s act of violence against her husband—and of the therapist obsessed with uncovering her motive. Alicia Berenson’s life is seemingly perfect. A famous painter married to an in-demand fashion photographer, she lives in a grand house with big windows overlooking a park in one of London’s most desirable areas. One evening her husband Gabriel returns home late from a fashion shoot, and Alicia shoots him five times in the face, and then never speaks another word. Alicia’s refusal to talk, or give any kind of explanation, turns a domestic tragedy into something far grander, a mystery that captures the public imagination and casts Alicia into notoriety. The price of her art skyrockets, and she, the silent patient, is hidden away from the tabloids and spotlight at the Grove, a secure forensic unit in North London. Theo Faber is a criminal psychotherapist who has waited a long time for the opportunity to work with Alicia. His determination to get her to talk and unravel the mystery of why she shot her husband takes him down a twisting path into his own motivations—a search for the truth that threatens to consume him....",US,,
232,232,40389527,The Woman in the Window,A.J. Finn,"Finn, A.J.",,0,0,0,3.94,William Morrow,Kindle Edition,455,2018,2020-12-07,2023-12-03,,,read,,,,1,0,2025-10-30,NOT_MATURE,"Have you ever wondered why that 13-digit number on the back of a book costs $125 in the United States but is completely free in Canada and India? This book, The Global ISBN Handbook, is your 2025 guide to the International Standard Book Number. It explains everything about this global ""fingerprint"" for books. The ISBN is the most important cornerstone of the publishing industry. It started as a simple warehouse tool in the 1960s. Now, it is a complex digital identifier used in over 200 countries. This handbook deconstructs the entire system. It uses 15 distinct national case studies to do this. You will learn how the old 10-digit system changed to the new 13-digit one. We break down the five parts of the ISBN, from the ""Bookland"" prefix to the final check digit. The book explores the global governance framework, starting with the International ISBN Agency. Then, it dives deep into how different countries run their systems. You'll see the privatized, high-cost model in the United States. You'll compare it to Canada's free, government-run system. We explore the industry-led models in Brazil and Germany. We look at government-run systems in Mexico and India. We even cover the unique case of China, where the ISBN is not a simple identifier but a state-controlled publication license. The book also examines the systems in the UK , France , Russia , Japan , Australia , South Africa , Nigeria , and Egypt. Many books and websites can tell you how to get an ISBN. This handbook is the only resource that explains why the process is so different everywhere you look. It moves beyond a simple ""how-to"" and provides a true global analysis. It directly compares the privatized, for-profit models in the US and UK against the free, public-good systems in Canada and South Africa. You won't just learn the price; you will understand the cultural policies, market structures, and legal philosophies that shape that price. This book shows how the ISBN is a ""global mirror"". It reveals how a simple number can be a commercial product in one nation , a tool of cultural policy in another , and an instrument of state control in a third. This comparative insight is the missing piece for any author, publisher, or researcher trying to navigate the complex international publishing market. Disclaimer: This handbook is an independently produced resource for commentary and analysis. The author has no affiliation with the International ISBN Agency, R.R. Bowker, Library and Archives Canada, the National Press and Publication Administration, or any other national ISBN agency. This work is independently produced under the principle of nominative fair use.",US,,
233,233,38389488,The Reckoning,John Grisham,"Grisham, John",,0,0,0,3.75,Doubleday,Hardcover,420,2018,2020-12-13,2023-12-02,,,read,,,,1,0,2025-10-30,NOT_MATURE,"Have you ever wondered why that 13-digit number on the back of a book costs $125 in the United States but is completely free in Canada and India? This book, The Global ISBN Handbook, is your 2025 guide to the International Standard Book Number. It explains everything about this global ""fingerprint"" for books. The ISBN is the most important cornerstone of the publishing industry. It started as a simple warehouse tool in the 1960s. Now, it is a complex digital identifier used in over 200 countries. This handbook deconstructs the entire system. It uses 15 distinct national case studies to do this. You will learn how the old 10-digit system changed to the new 13-digit one. We break down the five parts of the ISBN, from the ""Bookland"" prefix to the final check digit. The book explores the global governance framework, starting with the International ISBN Agency. Then, it dives deep into how different countries run their systems. You'll see the privatized, high-cost model in the United States. You'll compare it to Canada's free, government-run system. We explore the industry-led models in Brazil and Germany. We look at government-run systems in Mexico and India. We even cover the unique case of China, where the ISBN is not a simple identifier but a state-controlled publication license. The book also examines the systems in the UK , France , Russia , Japan , Australia , South Africa , Nigeria , and Egypt. Many books and websites can tell you how to get an ISBN. This handbook is the only resource that explains why the process is so different everywhere you look. It moves beyond a simple ""how-to"" and provides a true global analysis. It directly compares the privatized, for-profit models in the US and UK against the free, public-good systems in Canada and South Africa. You won't just learn the price; you will understand the cultural policies, market structures, and legal philosophies that shape that price. This book shows how the ISBN is a ""global mirror"". It reveals how a simple number can be a commercial product in one nation , a tool of cultural policy in another , and an instrument of state control in a third. This comparative insight is the missing piece for any author, publisher, or researcher trying to navigate the complex international publishing market. Disclaimer: This handbook is an independently produced resource for commentary and analysis. The author has no affiliation with the International ISBN Agency, R.R. Bowker, Library and Archives Canada, the National Press and Publication Administration, or any other national ISBN agency. This work is independently produced under the principle of nominative fair use.",US,,
234,234,39863488,The Lost Man,Jane Harper,"Harper, Jane",,1250105684,9781250105684,0,4.16,Flatiron Books,Hardcover,340,2018,2020-12-19,2023-12-02,,,read,,,,1,0,2019-02-05,NOT_MATURE,"INSTANT NEW YORK TIMES BESTSELLER ""I love Jane Harper's Australia-based mysteries."" —Stephen King Two brothers meet in the remote Australian outback when the third brother is found dead, in this stunning new standalone novel from Jane Harper Brothers Nathan and Bub Bright meet for the first time in months at the remote fence line separating their cattle ranches in the lonely outback. Their third brother, Cameron, lies dead at their feet. In an isolated belt of Australia, their homes a three-hour drive apart, the brothers were one another’s nearest neighbors. Cameron was the middle child, the one who ran the family homestead. But something made him head out alone under the unrelenting sun. Nathan, Bub and Nathan’s son return to Cameron’s ranch and to those left behind by his passing: his wife, his daughters, and his mother, as well as their long-time employee and two recently hired seasonal workers. While they grieve Cameron’s loss, suspicion starts to take hold, and Nathan is forced to examine secrets the family would rather leave in the past. Because if someone forced Cameron to his death, the isolation of the outback leaves few suspects. A powerful and brutal story of suspense set against a formidable landscape, The Lost Man confirms Jane Harper, author of The Dry and Force of Nature, is one of the best new voices in writing today.",US,,
235,235,43848929,Talking to Strangers: What We Should Know About the People We Don't Know,Malcolm Gladwell,"Gladwell, Malcolm",,0316478520,9780316478526,0,4.0,"Little, Brown and Company",Hardcover,388,2019,2020-12-25,2023-12-02,,,read,,,,1,0,2019-09-10,NOT_MATURE,"Malcolm Gladwell, host of the podcast Revisionist History and #1 bestselling author of The Tipping Point, Blink, Outliers, David and Goliath, and What the Dog Saw, offers a powerful examination of our interactions with strangers---and why they often go wrong. How did Fidel Castro fool the CIA for a generation? Why did Neville Chamberlain think he could trust Adolf Hitler? Why are campus sexual assaults on the rise? Do television sitcoms teach us something about the way we relate to each other that isn't true? Talking to Strangers is a classically Gladwellian intellectual adventure, a challenging and controversial excursion through history, psychology, and scandals taken straight from the news. He revisits the deceptions of Bernie Madoff, the trial of Amanda Knox, the suicide of Sylvia Plath, the Jerry Sandusky pedophilia scandal at Penn State University, and the death of Sandra Bland---throwing our understanding of these and other stories into doubt. Something is very wrong, Gladwell argues, with the tools and strategies we use to make sense of people we don't know. And because we don't know how to talk to strangers, we are inviting conflict and misunderstanding in ways that have a profound effect on our lives and our world. In his first book since his #1 bestseller, David and Goliath, Malcolm Gladwell has written a gripping guidebook for troubled times.",US,,
236,236,30141085,Siddartha,Hermann Hesse,"Hesse, Hermann",,0,0,0,4.08,,Paperback,131,1922,2020-12-31,2023-12-02,,,read,,,,1,0,2025-10-30,NOT_MATURE,"Have you ever wondered why that 13-digit number on the back of a book costs $125 in the United States but is completely free in Canada and India? This book, The Global ISBN Handbook, is your 2025 guide to the International Standard Book Number. It explains everything about this global ""fingerprint"" for books. The ISBN is the most important cornerstone of the publishing industry. It started as a simple warehouse tool in the 1960s. Now, it is a complex digital identifier used in over 200 countries. This handbook deconstructs the entire system. It uses 15 distinct national case studies to do this. You will learn how the old 10-digit system changed to the new 13-digit one. We break down the five parts of the ISBN, from the ""Bookland"" prefix to the final check digit. The book explores the global governance framework, starting with the International ISBN Agency. Then, it dives deep into how different countries run their systems. You'll see the privatized, high-cost model in the United States. You'll compare it to Canada's free, government-run system. We explore the industry-led models in Brazil and Germany. We look at government-run systems in Mexico and India. We even cover the unique case of China, where the ISBN is not a simple identifier but a state-controlled publication license. The book also examines the systems in the UK , France , Russia , Japan , Australia , South Africa , Nigeria , and Egypt. Many books and websites can tell you how to get an ISBN. This handbook is the only resource that explains why the process is so different everywhere you look. It moves beyond a simple ""how-to"" and provides a true global analysis. It directly compares the privatized, for-profit models in the US and UK against the free, public-good systems in Canada and South Africa. You won't just learn the price; you will understand the cultural policies, market structures, and legal philosophies that shape that price. This book shows how the ISBN is a ""global mirror"". It reveals how a simple number can be a commercial product in one nation , a tool of cultural policy in another , and an instrument of state control in a third. This comparative insight is the missing piece for any author, publisher, or researcher trying to navigate the complex international publishing market. Disclaimer: This handbook is an independently produced resource for commentary and analysis. The author has no affiliation with the International ISBN Agency, R.R. Bowker, Library and Archives Canada, the National Press and Publication Administration, or any other national ISBN agency. This work is independently produced under the principle of nominative fair use.",US,,
